AoA_deg,CL,Cd,CL/Cd
-7.999999990858666,-0.23989536451524088,0.036229958718180306,-6.621463921096345
-7.990000158460249,-0.23944085377650565,0.03612733871292822,-6.6276914466113555
-7.979999753104035,-0.2389863917354689,0.03602488528712225,-6.633925127886498
-7.969999920705617,-0.2385319700875642,0.03592260337742579,-6.6401637871675145
-7.960000088307198,-0.23807758903446619,0.03582048953099769,-6.646408023777646
-7.95000025590878,-0.237623232047271,0.03571854243802835,-6.652657578610526
-7.939999850552566,-0.23716893013988294,0.035616762386983435,-6.658913226390255
-7.930000018154149,-0.23671466919375295,0.03551515392944799,-6.665173679494515
-7.920000185755731,-0.2362604325645008,0.03541371155449183,-6.671439456464817
-7.9099997803995175,-0.23580623712923435,0.03531243463660381,-6.677711110997843
-7.899999948001099,-0.23535207608135011,0.03521132806393451,-6.683987484198626
-7.890000115602681,-0.23489796624943976,0.035110390746989475,-6.690269212386393
-7.880000283204262,-0.23444389715544173,0.03500962192259123,-6.696556097458404
-7.86999987784805,-0.23398983863113815,0.03490901480961261,-6.702848530881664
-7.860000045449631,-0.23353585204944893,0.034808582325665964,-6.709145746428525
-7.850000213051213,-0.23308186575207226,0.034708312949511516,-6.715447855132719
-7.8399998076949995,-0.2326279203478598,0.03460820859504775,-6.7217556120818
-7.82999997529658,-0.23217404605773284,0.03450827895369942,-6.7280679621619575
-7.820000142898162,-0.23172020916802785,0.034408517035119525,-6.734385237571251
-7.809999737541948,-0.23126637820429982,0.034308915929197575,-6.7407078288791835
-7.799999905143532,-0.23081257308097364,0.034209483465808585,-6.747034731221952
-7.790000072745112,-0.23035882466018417,0.03411022084937811,-6.753366554775151
-7.780000240346694,-0.22990516883991297,0.034011132527414396,-6.7597034193024825
-7.769999834990481,-0.2294514436762272,0.03391219570823784,-6.766045043214043
-7.760000002592062,-0.22899783610901997,0.0338134386651812,-6.7723912488328635
-7.750000170193645,-0.22854423542204194,0.033714845296884684,-6.778741928356404
-7.739999764837432,-0.22809065326604389,0.03361641446492186,-6.7850976047446245
-7.729999932439013,-0.22763712557486215,0.03351815525252291,-6.791457461183754
-7.720000100040594,-0.22718365707724741,0.03342006590189471,-6.797821935604487
-7.710000267642176,-0.22673020573345354,0.0333221416287589,-6.804190686764638
-7.699999862285963,-0.2262767979368487,0.03322438244934442,-6.810564448619679
-7.690000029887545,-0.22582338631607518,0.03312678792132136,-6.816941831258222
-7.680000197489127,-0.22537005269778854,0.03302936547016211,-6.823323714813175
-7.669999792132914,-0.2249167371773707,0.03293210496719987,-6.829710320715487
-7.659999959734495,-0.22446344359319348,0.03283501236346941,-6.83610047434976
-7.650000127336075,-0.2240102049791415,0.032738088790199765,-6.842494881564362
-7.639999721979862,-0.2235569874357539,0.03264132746382288,-6.848893865714473
-7.629999889581444,-0.22310383563940916,0.03254473948241944,-6.855296406963992
-7.620000057183026,-0.22265068931785667,0.0324483138129934,-6.861702910081565
-7.610000224784608,-0.22219760793412358,0.032352058725877694,-6.868113396332105
-7.599999819428395,-0.22174453068274783,0.03225596406869555,-6.874528078295795
-7.589999987029977,-0.2212914907983294,0.03216003844381046,-6.880946090439742
-7.580000154631558,-0.22083850455610587,0.03206428153931802,-6.887367935729612
-7.569999749275344,-0.2203855331463478,0.031968686183053874,-6.893793879561147
-7.559999916876928,-0.21993258370786664,0.03187325795636227,-6.900222876775782
-7.5500000844785085,-0.21947968463695106,0.03177799812739113,-6.906655471408376
-7.54000025208009,-0.21902687600423232,0.03168291127535542,-6.913091858910155
-7.529999846723877,-0.21857398953908064,0.03158797467665173,-6.9195316184877065
-7.520000014325459,-0.2181211874592854,0.031493212725262655,-6.925974474630748
-7.510000181927041,-0.21766845529603115,0.03139862106565871,-6.9324208487008825
-7.499999776570828,-0.21721571287308392,0.031304187889617335,-6.9388707235918385
-7.48999994417241,-0.21676301898673386,0.03120992473045882,-6.9453233501453315
-7.4800001117739905,-0.21631037975522135,0.03111582991333671,-6.951779218413439
-7.470000279375572,-0.21585772619953733,0.031021895694595025,-6.958237766144847
-7.459999874019358,-0.215405147190182,0.030928129896211413,-6.96470002916563
-7.45000004162094,-0.2149525880647545,0.030834530344761402,-6.971164654086377
-7.440000209222523,-0.21450006317899736,0.030741096709995305,-6.977632099548804
-7.42999980386631,-0.21404754947016402,0.030647824173761162,-6.984102631775692
-7.419999971467892,-0.2135950849280251,0.03055472154678212,-6.99057540422979
-7.410000139069472,-0.21314266568474408,0.03046178560696738,-6.9970509422793965
-7.399999733713258,-0.21269025744567413,0.03036901081329414,-7.003529313261933
-7.38999990131484,-0.21223789913271277,0.03027640577157561,-7.010009732792259
-7.380000068916423,-0.21178555668833662,0.030183964341280428,-7.016492409470972
-7.370000236518004,-0.21133328037359037,0.03009169232226685,-7.022977575016968
-7.359999831161791,-0.21088098811454786,0.029999577590626197,-7.029465247552042
-7.349999998763373,-0.2104287388724341,0.029907632209189083,-7.0359544814711255
-7.340000166364954,-0.20997657020021207,0.02981585772023547,-7.042446075857978
-7.32999976100874,-0.2095243874013186,0.029724240877937687,-7.048939895949858
-7.319999928610324,-0.20907222919341537,0.02963279053643221,-7.055435057200241
-7.310000096211905,-0.20862013749694333,0.02954150944379707,-7.061932224345023
-7.300000263813486,-0.2081680420494472,0.029450389307210317,-7.068430908601998
-7.289999858457273,-0.20771598836292762,0.029359433423489158,-7.074931772925272
-7.280000026058855,-0.20726397640119382,0.029268646110876907,-7.081433682173967
-7.270000193660435,-0.20681200104923733,0.02917802443481365,-7.087937070971822
-7.2599997883042215,-0.20636003099921985,0.02908756235404528,-7.0944422391765265
-7.249999955905806,-0.20590808953679104,0.028997267668117138,-7.100947989082075
-7.240000123507386,-0.20545622956233314,0.0289071432213092,-7.107455343801631
-7.229999718151173,-0.20500436522463789,0.028817177507850303,-7.1139640642735085
-7.219999885752754,-0.20455253832185294,0.02872737943464538,-7.120473302732286
-7.210000053354336,-0.204100747998825,0.02863774687749998,-7.126983448519208
-7.200000220955919,-0.2036489649434589,0.028548276559500152,-7.133494189010497
-7.189999815599705,-0.20319721943473337,0.02845896958917824,-7.140006204300552
-7.179999983201287,-0.2027455169546044,0.02836983093398722,-7.1465183358464826
-7.170000150802868,-0.20229386049744078,0.02828085828824109,-7.1530311575286465
-7.159999745446655,-0.20184216181568018,0.02819204017308188,-7.1595443457264105
-7.149999913048237,-0.20139054977916845,0.02810339489342558,-7.166057714482072
-7.140000080649818,-0.2009389926692984,0.028014917399197203,-7.172571305709312
-7.1300002482514,-0.20048742589785734,0.027926599505966807,-7.179084795304961
-7.119999842895187,-0.20003590373645827,0.02783844581822447,-7.185598831293396
-7.110000010496769,-0.19958437759082412,0.027750454629594835,-7.192111994373409
-7.10000017809835,-0.19913293595889406,0.02766263410526268,-7.1986252358017495
-7.089999772742136,-0.19868145226466494,0.02757496782168075,-7.205138136496831
-7.079999940343719,-0.19823006669750384,0.027487475589849972,-7.2116504860381685
-7.070000107945301,-0.1977786981915918,0.027400146015903074,-7.218162197997078
-7.060000275546883,-0.19732735957710218,0.027312980834570063,-7.224673160805091
-7.049999870190669,-0.19687601746844352,0.027225973954170965,-7.2311836410275605
-7.04000003779225,-0.19642470980723506,0.027139134010571296,-7.237692615052612
-7.030000205393832,-0.19597345922807102,0.027052460944178132,-7.244200800528124
-7.019999800037619,-0.19552219445826977,0.026965945509374256,-7.250707911958799
-7.0099999676392,-0.19507101708540767,0.026879602369086222,-7.257213645011191
-7.000000135240782,-0.1946198302477907,0.026793419242977533,-7.263717574933999
-6.989999729884569,-0.19416865452082174,0.02670739574977685,-7.270220441558556
-6.979999897486151,-0.19371753958616478,0.02662154195780571,-7.276721231745362
-6.970000065087732,-0.19326645145287805,0.026535851393881454,-7.283220296351251
-6.960000232689314,-0.1928154006412291,0.026450326295007674,-7.289717279503722
-6.949999827333101,-0.19236436078033473,0.026364960341238974,-7.296212787373186
-6.9399999949346824,-0.19191333783902936,0.026279759587479308,-7.302705232146199
-6.930000162536264,-0.19146236762814886,0.02619472475604558,-7.309195626648473
-6.919999757180051,-0.19101137661416243,0.02610984638518013,-7.315683661876307
-6.909999924781633,-0.19056046100272486,0.026025138866728293,-7.3221688452293305
-6.900000092383214,-0.19010958612366813,0.025940596506442017,-7.3286512928280905
-6.890000259984796,-0.18965870966802817,0.025856214405834126,-7.335130606947399
-6.879999854628582,-0.1892078603972165,0.025771993194376046,-7.341607572615119
-6.870000022230165,-0.1887570392507643,0.025687938282699517,-7.348080533885806
-6.860000189831745,-0.18830625670469406,0.02560404770633805,-7.354550298626438
-6.849999784475532,-0.18785546817088564,0.025520314915675628,-7.361016852323287
-6.8399999520771155,-0.1874047457039376,0.025436751650920846,-7.367479475200729
-6.8300001196786955,-0.18695403249939443,0.025353349761637604,-7.373938128770517
-6.819999714322482,-0.18650332613198436,0.025270107215606435,-7.380393147552724
-6.809999881924065,-0.18605270479045147,0.025187036061573714,-7.386843943670706
-6.8000000495256465,-0.18560207267350426,0.025104124026568163,-7.3932901413759
-6.790000217127228,-0.18515148697836767,0.02502137726152926,-7.399732038853066
-6.779999811771015,-0.18470087504341345,0.024938785955578746,-7.4061694652019066
-6.769999979372597,-0.18425034449192876,0.024856365564540524,-7.412601975679652
-6.7600001469741775,-0.1837998395606765,0.02477410823439871,-7.419029489241977
-6.749999741617965,-0.18334932452204541,0.024692007874724795,-7.4254522132128935
-6.739999909219547,-0.18289884641130302,0.024610073926305032,-7.431869037004699
-6.7300000768211286,-0.18244842882553094,0.024528306365713543,-7.43828074002546
-6.72000024442271,-0.18199800377183456,0.024446698441173705,-7.444686414804759
-6.709999839066497,-0.1815475924633082,0.024365249990597887,-7.45108679506117
-6.700000006668079,-0.181097212847011,0.02428396699246061,-7.457480604517205
-6.69000017426966,-0.18064689403335304,0.024202850292885603,-7.4638685876784505
-6.679999768913447,-0.18019659201572924,0.024121893636319156,-7.470250666573541
-6.669999936515028,-0.17974629239702583,0.024041099462298543,-7.476625296563724
-6.66000010411661,-0.17929604766675342,0.023960470747326622,-7.482993533704186
-6.650000271718191,-0.1788458289556667,0.0238800046591735,-7.4893548601952675
-6.639999866361978,-0.1783955916199138,0.02379969492022742,-7.495709176855665
-6.630000033963562,-0.17794539279010424,0.023719551266501222,-7.502055616094809
-6.620000201565142,-0.17749522739011941,0.02363957061174469,-7.508394729552983
-6.609999796208928,-0.17704510201515097,0.02355975246533476,-7.514726747475415
-6.599999963810511,-0.17659496238849923,0.023480094746834157,-7.5210498208193854
-6.590000131412092,-0.17614491809673788,0.02340060625029951,-7.527365582440128
-6.5799997260558785,-0.1756948235023131,0.023321271186842997,-7.533672675674457
-6.56999989365746,-0.17524477305093983,0.023242101987733653,-7.53997091757999
-6.560000061259043,-0.17479478650894886,0.02316309929001628,-7.54626072791082
-6.550000228860624,-0.17434479630724203,0.023084256013335372,-7.552541273434417
-6.53999982350441,-0.1738948088130264,0.023005571035108936,-7.558812973937684
-6.529999991105993,-0.17344485164910362,0.02292705056420753,-7.56507476456114
-6.520000158707574,-0.17299498136671193,0.022848699245047475,-7.571327343905983
-6.50999975335136,-0.1725450679651969,0.022770500721387435,-7.577570211406555
-6.499999920952943,-0.17209518558415968,0.02269246732064966,-7.583802287887696
-6.490000088554525,-0.1716453591728782,0.022614599070169043,-7.590024419194585
-6.4800002561561065,-0.17119553665229267,0.022536891127556594,-7.596235686783182
-6.469999850799893,-0.17074574218602395,0.02245934387117595,-7.602436792695309
-6.460000018401474,-0.1702959639973717,0.02238195946818293,-7.608626234868127
-6.450000186003056,-0.169846235398496,0.022304739933988446,-7.614804561773017
-6.4399997806468425,-0.16939648248177425,0.022227675502504974,-7.620971543456441
-6.429999948248424,-0.16894679864477985,0.022150779411439628,-7.627126590296338
-6.420000115850006,-0.16849711137440584,0.022074042480042848,-7.633269326483545
-6.410000283451588,-0.16804746583287225,0.021997469626524935,-7.6393998348899945
-6.399999878095374,-0.16759782638688608,0.02192105489766722,-7.645518300523092
-6.390000045696956,-0.1671482037238005,0.021844802896340988,-7.651623341119634
-6.380000213298538,-0.1666986476424383,0.02176871743764954,-7.657715624262218
-6.369999807942325,-0.16624905123851347,0.021692785255553706,-7.663794634022434
-6.359999975543906,-0.16579952635073722,0.021617021646144256,-7.669859847705257
-6.350000143145488,-0.1653500225704236,0.02154141924137257,-7.675911262747787
-6.339999737789275,-0.16490050907765977,0.021465973796138856,-7.681948680442388
-6.329999905390856,-0.16445106893106287,0.021390696608614986,-7.687971642065697
-6.320000072992438,-0.16400162205713664,0.02131557804180844,-7.693979573786991
-6.31000024059402,-0.1635521951101515,0.021240620980053714,-7.699972390813685
-6.299999835237806,-0.16310277004175336,0.021165821528759406,-7.705950360591239
-6.290000002839389,-0.16265338184777584,0.021091187101775707,-7.711912139553385
-6.280000170440969,-0.1622040406432453,0.02101671612355061,-7.717858474639863
-6.269999765084756,-0.16175468283195532,0.02094240110474692,-7.72378878729866
-6.259999932686339,-0.16130537497777345,0.020868252083621083,-7.729702244893697
-6.250000100287919,-0.16085609603735437,0.020794264873697694,-7.735599070915869
-6.240000267889502,-0.16040683383155946,0.02072043885925015,-7.741478591316111
-6.229999862533289,-0.15995757585474266,0.020646770282944225,-7.747341286926583
-6.22000003013487,-0.1595083186462337,0.02057326269665751,-7.7531853356516285
-6.210000197736451,-0.15905914035736562,0.02049992238065531,-7.7590118344770564
-6.199999792380239,-0.15860997877485125,0.020426740790308824,-7.764820653625834
-6.1899999599818205,-0.15816081201422985,0.020353719676941072,-7.770609722674513
-6.180000127583402,-0.1577116487365873,0.020280857860124887,-7.776379570544267
-6.169999722227188,-0.15726252494848506,0.020208157047601562,-7.782130977013067
-6.159999889828771,-0.15681343333186892,0.020135620417595607,-7.787862011683373
-6.150000057430352,-0.15636436729884154,0.02006324474089978,-7.793573238933088
-6.140000225031934,-0.15591532471142344,0.019991030715032308,-7.7992639266059705
-6.129999819675721,-0.15546624778860604,0.0199189710225854,-7.804933679170902
-6.1199999872773025,-0.1550172545216943,0.019847079554608703,-7.810582614694948
-6.110000154878884,-0.15456827493730624,0.01977534827201185,-7.816210001017656
-6.099999749522671,-0.1541192865424214,0.01970377352830284,-7.821815771534412
-6.089999917124252,-0.1536703411398999,0.019632363858488645,-7.827398791483579
-6.0800000847258335,-0.15322143813491557,0.019561116623064714,-7.832959696904552
-6.070000252327415,-0.15277250106768114,0.019490025253912663,-7.8384968247802425
-6.059999846971202,-0.15232359251488495,0.019419093621382215,-7.8440114397081135
-6.0500000145727855,-0.15187475054398836,0.019348328790494883,-7.84950225874799
-6.040000182174365,-0.15142590074458306,0.019277722295024745,-7.854968467082003
-6.029999776818152,-0.15097704602108067,0.019207272529930902,-7.860410466182093
-6.019999944419734,-0.1505282622023339,0.019136989802047973,-7.865827581003617
-6.010000112021316,-0.15007948999010254,0.019066866940223727,-7.871219244389478
-6.000000279622897,-0.14963071519831067,0.018996902282530724,-7.876584980694926
-5.989999874266684,-0.14918196665471636,0.018927097340712337,-7.881925261398892
-5.980000041868267,-0.14873323651997314,0.01885745475556623,-7.887238147877351
-5.970000209469847,-0.14828452988942956,0.018787972715143417,-7.892524230137388
-5.959999804113634,-0.14783583020734464,0.01871864851729704,-7.897783329321899
-5.949999971715217,-0.14738717743778243,0.018649489027226414,-7.90301424465902
-5.940000139316798,-0.1469385168484353,0.018580487602602225,-7.908216403742621
-5.929999733960583,-0.14648986902024438,0.018511644084669446,-7.9133905313986155
-5.919999901562167,-0.14604127994902127,0.018442966479328513,-7.9185352374147175
-5.910000069163749,-0.14559271743762425,0.018374449694195598,-7.923650496244049
-5.90000023676533,-0.14514413538280746,0.01830608985344514,-7.928735002657701
-5.889999831409117,-0.1446955440852542,0.018237886129731276,-7.933789204296683
-5.879999999010698,-0.14424706593326275,0.018169852713427477,-7.938813165318865
-5.87000016661228,-0.1437985573601229,0.018101975164571224,-7.943804808746075
-5.859999761256066,-0.14335000638923337,0.01803425096349844,-7.948764086702335
-5.849999928857648,-0.14290156925381237,0.01796669702161275,-7.953691715394945
-5.84000009645923,-0.1424531352050821,0.017899301479075022,-7.958586281795149
-5.8300002640608115,-0.1420046732427141,0.01783206222469995,-7.963446484950988
-5.819999858704598,-0.1415562472680664,0.01776498339026348,-7.968273550182414
-5.81000002630618,-0.14110785867350092,0.017698067497290422,-7.973065912145751
-5.800000193907762,-0.140659480390715,0.017631311199442494,-7.9778230217593045
-5.789999788551548,-0.14021111235083358,0.017564712654307625,-7.9825451808030445
-5.77999995615313,-0.13976277640318685,0.01749827682283477,-7.987230846685445
-5.770000123754712,-0.13931443700298948,0.017431998883464216,-7.991879642393821
-5.759999718398499,-0.13886612609106694,0.01736588068905385,-7.996492005072783
-5.74999988600008,-0.13841785624340605,0.01729992568315651,-8.001066523549978
-5.740000053601663,-0.1379695808452985,0.017234128890389392,-8.005602239764913
-5.730000221203244,-0.13752132994809987,0.017168492263916476,-8.010099421317998
-5.7199998158470295,-0.137073053380878,0.017103010479402738,-8.014557059761843
-5.709999983448613,-0.13662484687790866,0.01703769458500823,-8.018974996659894
-5.700000151050193,-0.1361766846326818,0.01697254061564907,-8.02335299802575
-5.68999974569398,-0.13572846874205208,0.01690753893571683,-8.027689260873354
-5.679999913295563,-0.13528031596297782,0.01684270231581681,-8.031984026455033
-5.670000080897144,-0.1348321696890106,0.016778024668536937,-8.036236228800831
-5.660000248498725,-0.13438403565880394,0.016713506162816166,-8.040445514525164
-5.649999843142512,-0.13393593572333584,0.016649147248017977,-8.044612359307498
-5.640000010744094,-0.13348784717079773,0.01658494927761556,-8.048734122507334
-5.630000178345675,-0.1330397618378898,0.01652090934299157,-8.052811081753642
-5.619999772989462,-0.13259169662325074,0.016457028047243517,-8.056843328128087
-5.609999940591044,-0.1321436403945597,0.016393307027155767,-8.060828737951514
-5.600000108192626,-0.13169565080099158,0.01632975011329866,-8.064768284098909
-5.590000275794208,-0.13124763684807422,0.016266349190776533,-8.068659740963586
-5.5799998704379945,-0.13079961605182344,0.016203104276969943,-8.072503504018897
-5.570000038039576,-0.130351652816403,0.016140023328817376,-8.076298909907104
-5.560000205641158,-0.1299037088132999,0.016077102572409234,-8.080044785945107
-5.549999800284945,-0.1294557625559062,0.016014338131578463,-8.083741050817085
-5.539999967886526,-0.12900785770834639,0.015951736737352958,-8.087386334947379
-5.530000135488108,-0.12855993484357403,0.0158892917883557,-8.090979544965485
-5.519999730131895,-0.12811203823590123,0.015827005551937817,-8.094521595730123
-5.509999897733476,-0.1276641603863699,0.015764880368535517,-8.098010095983323
-5.500000065335057,-0.1272163250218643,0.015702916562935623,-8.101445646227234
-5.490000232936639,-0.12676850892367275,0.01564111261259169,-8.104826815300804
-5.479999827580426,-0.12632065820609015,0.015579461796864594,-8.108152890847133
-5.4699999951820075,-0.1258728323362618,0.01551797273195354,-8.111422446121015
-5.460000162783589,-0.12542504215507627,0.015456644674542592,-8.114635795545839
-5.449999757427376,-0.12497724024055525,0.015395471842822838,-8.117792135017801
-5.439999925028958,-0.12452949602185884,0.015334463376890544,-8.120890373609564
-5.430000092630539,-0.1240817462508592,0.015273611902655585,-8.12392949628931
-5.420000260232121,-0.12363405384385147,0.01521292344065376,-8.126909619058624
-5.409999854875908,-0.123186314153287,0.015152387541791205,-8.129828636809325
-5.4000000224774904,-0.12273862203693674,0.015092014333403113,-8.132686553661673
-5.390000190079071,-0.12229094799770418,0.015031800800194173,-8.135482210230228
-5.379999784722858,-0.12184325509528875,0.014971742095261625,-8.138214933174053
-5.369999952324441,-0.12139561521992726,0.014911846411197034,-8.140884225361487
-5.360000119926022,-0.12094798188823451,0.014852109695154882,-8.143488323930887
-5.349999714569807,-0.1205003512131735,0.014792529129976558,-8.146027643709933
-5.339999882171391,-0.12005275341416399,0.014733110476878388,-8.14850018280732
-5.3300000497729725,-0.11960519171669784,0.014673852363335545,-8.150906030344585
-5.320000217374554,-0.11915761638416268,0.014614750870930447,-8.153243078619548
-5.309999812018341,-0.11871003949810892,0.014555805879073543,-8.15551131172853
-5.299999979619922,-0.11826248332318404,0.014497021355239986,-8.15770912004884
-5.2900001472215035,-0.11781498925381145,0.014438399609349596,-8.159837131638902
-5.279999741865289,-0.11736742609536618,0.014379928470227045,-8.161892205400731
-5.269999909466872,-0.11691990981137383,0.014321620045658467,-8.163874578338472
-5.260000077068454,-0.11647244500772518,0.014263473347356503,-8.165784179721653
-5.250000244670035,-0.11602498912760299,0.014205485081543172,-8.167618948708153
-5.239999839313822,-0.11557750914581087,0.014147651178753844,-8.169377919027205
-5.230000006915404,-0.11513007790767878,0.014089980186768663,-8.171060312476012
-5.2200001745169855,-0.11468266253371823,0.014032467851596857,-8.17266526077718
-5.209999769160772,-0.11423521875831345,0.013975109356941802,-8.174191402772088
-5.199999936762354,-0.11378783434633405,0.013917914788932997,-8.175638094638563
-5.190000104363936,-0.11334044403033351,0.013860876771128457,-8.177003944398109
-5.180000271965517,-0.1128930847752402,0.013803999114064311,-8.178288323723391
-5.169999866609304,-0.11244572075955422,0.013747277080156054,-8.179490389545402
-5.160000034210887,-0.11199838490531813,0.013690716106930779,-8.180608233386721
-5.1500002018124675,-0.11155104458152797,0.013634311924037894,-8.181640936706057
-5.139999796456253,-0.11110372031306283,0.013578065643480026,-8.182588244181385
-5.129999964057837,-0.1106564131781904,0.0135219793820094,-8.183447855675297
-5.120000131659417,-0.11020913375117555,0.0134660525780694,-8.18421977132782
-5.1099997263032035,-0.10976185713988665,0.013410282208713629,-8.184902855255832
-5.099999893904785,-0.10931458110702837,0.013354670293071781,-8.18549456542849
-5.090000061506368,-0.10886737141336614,0.013299221266919016,-8.185995948812954
-5.08000022910795,-0.10842013695295172,0.013243927314401873,-8.18640380448571
-5.069999823751736,-0.10797288571410138,0.013188788285448295,-8.186717640560815
-5.059999991353318,-0.1075256862137282,0.013133812033521909,-8.18693658317071
-5.0500001589549,-0.10707850714491067,0.013078994511050206,-8.18705956749519
-5.039999753598686,-0.10663128636491026,0.013024329989118209,-8.187084207325858
-5.029999921200268,-0.10618414389803509,0.01296982988704531,-8.187011304141722
-5.020000088801849,-0.10573700130490575,0.012915487220597814,-8.186837979776309
-5.010000256403432,-0.10528986104743068,0.01286130178352491,-8.18656329037431
-4.999999851047218,-0.10484268912694698,0.012807270086916137,-8.186185534890368
-4.9900000186488,-0.10439562155548539,0.012753404852400067,-8.185705916474467
-4.980000186250382,-0.10394847243159629,0.012699690643625892,-8.185118468517114
-4.9699997808941685,-0.10350139331516182,0.012646138012187419,-8.18442699387076
-4.95999994849575,-0.1030543272689132,0.012592744112399473,-8.183627519869997
-4.950000116097332,-0.10260728608525925,0.012539509831815425,-8.182719058517149
-4.940000283698914,-0.10216019263925293,0.012486428704967939,-8.181698310471011
-4.9299998783426995,-0.10171315861631448,0.01243350818788972,-8.180567952284251
-4.920000045944281,-0.10126614041134542,0.012380746792340469,-8.179324083583973
-4.910000213545863,-0.10081910816660383,0.012328141681651555,-8.177964754952221
-4.89999980818965,-0.10037209439595529,0.012275694037645208,-8.176490395422826
-4.889999975791231,-0.09992511179086896,0.012223406934702679,-8.174898563442087
-4.880000143392814,-0.0994781187242445,0.012171276327336536,-8.173187104528871
-4.869999738036601,-0.09903112100156977,0.01211930112596133,-8.171355754947825
-4.8599999056381815,-0.0985841951186005,0.01206748943087253,-8.169403891615628
-4.850000073239764,-0.09813727337155996,0.012015835285351105,-8.167328449583717
-4.840000240841346,-0.09769032644254845,0.011964336188105919,-8.16512716682645
-4.829999835485132,-0.09724339820153535,0.011912994530261317,-8.162800541418722
-4.820000003086713,-0.09679650540005653,0.011861813619048537,-8.160346175446044
-4.810000170688295,-0.09634957825876989,0.01181078726301725,-8.157760876827094
-4.799999765332082,-0.09590271348161415,0.011759921277196397,-8.155047233826183
-4.789999932933664,-0.09545582578772475,0.011709211893922149,-8.152199025219845
-4.780000100535245,-0.09500895634306171,0.011658660626449206,-8.149217083094552
-4.770000268136827,-0.09456210383720907,0.011608267906198282,-8.146099366531441
-4.759999862780615,-0.09411524366372216,0.011558030246907703,-8.14284455510075
-4.750000030382195,-0.09366843294058204,0.011507954073771105,-8.139451403796516
-4.740000197983777,-0.09322161038290042,0.011458034306143164,-8.135916501220471
-4.729999792627564,-0.09277481481561912,0.011408272129206844,-8.132240690341007
-4.719999960229146,-0.09232798360617077,0.011358665279852045,-8.12841837763648
-4.710000127830727,-0.09188121112998873,0.01130921977486989,-8.124451815337174
-4.699999722474514,-0.09143441947787348,0.011259928983039059,-8.120337136726354
-4.689999890076096,-0.09098767444653452,0.011210799015997152,-8.116074002994832
-4.6800000576776775,-0.09054092585072092,0.011161825857041188,-8.11165906101332
-4.670000225279259,-0.0900941886050989,0.011113010159013616,-8.107091356523659
-4.659999819923046,-0.08964742980057279,0.011064348987461116,-8.10236823713419
-4.649999987524628,-0.08920071585984353,0.011015849129079646,-8.097488883028674
-4.64000015512621,-0.08875401031135571,0.010967506406423641,-8.092451193771149
-4.629999749769997,-0.0883072937654769,0.010919318586046053,-8.08725316232883
-4.619999917371578,-0.08786061397680987,0.010871291422944476,-8.081892993078547
-4.6100000849731595,-0.08741393671694887,0.010823421197792867,-8.076368379230635
-4.600000252574741,-0.08696728311606369,0.010775709180526175,-8.070678380336272
-4.589999847218528,-0.08652060530332477,0.01072815149298302,-8.06481949475783
-4.58000001482011,-0.08607396288306642,0.010680753870080169,-8.058790973939029
-4.570000182421691,-0.0856273408964092,0.010633514706870021,-8.052590630366808
-4.559999777065478,-0.08518068891056939,0.010586428906352557,-8.046215552390414
-4.549999944667059,-0.08473406176178618,0.010539502757774898,-8.039664081806764
-4.5400001122686415,-0.08428744694846091,0.010492734200553066,-8.032934537121713
-4.530000279870222,-0.08384086093589335,0.010446124217961048,-8.026025651862106
-4.519999874514009,-0.08339424475262913,0.01039966786444672,-8.018933473609144
-4.510000042115592,-0.08294768664447627,0.010353373241515917,-8.011658104999531
-4.500000209717173,-0.0825011198044441,0.010307234594005784,-8.004195407798614
-4.48999980436096,-0.08205452630907793,0.010261250133242934,-7.996542842596672
-4.479999971962542,-0.0816079745229041,0.010215426182586756,-7.988699939118867
-4.470000139564124,-0.08116145642361462,0.010169760775542717,-7.980665250140398
-4.459999734207909,-0.08071489053458698,0.010124247998276721,-7.972433167216539
-4.449999901809492,-0.0802683711270793,0.010078895926354211,-7.964004362540766
-4.440000069411073,-0.07982186869426541,0.010033701698037625,-7.955375901784766
-4.430000237012655,-0.07937537523503121,0.009988664664901632,-7.946545198773364
-4.419999831656442,-0.07892883552788199,0.009943780174729678,-7.937508084547703
-4.409999999258024,-0.07848233956533907,0.009899056154168136,-7.928264911629275
-4.400000166859606,-0.07803588511081787,0.009854491446542685,-7.918814028520539
-4.389999761503392,-0.07758939086306056,0.009810079829997185,-7.90914979364473
-4.379999929104974,-0.0771429179939335,0.009765827178579902,-7.899271263281892
-4.370000096706555,-0.0766964850924035,0.009721733554733523,-7.889177857076724
-4.3600002643081375,-0.07625003749359903,0.009677795504094729,-7.878864299347637
-4.349999858951923,-0.07580358606654772,0.009634012839421117,-7.868329358703924
-4.340000026553505,-0.07535717985023398,0.009590390626053078,-7.857571478425504
-4.330000194155088,-0.07491076947592493,0.00954692462022193,-7.846586461702213
-4.3199997887988735,-0.07446432149779024,0.009503611799085803,-7.835370706635272
-4.309999956400455,-0.07401792180984483,0.009460459566167652,-7.823924545330395
-4.300000124002038,-0.0735715313783348,0.009417464368789107,-7.812244198360008
-4.2899997186458245,-0.0731251316753468,0.009374624321621507,-7.800326622869781
-4.279999886247405,-0.07267877082477488,0.009331944142499781,-7.788170365677538
-4.270000053848988,-0.0722324157939745,0.009289420574342063,-7.775771934956285
-4.26000022145057,-0.07178606453736636,0.009247053871829948,-7.763128184648527
-4.2499998160943555,-0.07133967996109679,0.00920484042562581,-7.750235382950337
-4.239999983695937,-0.07089334307241624,0.009162787334389341,-7.737093581375908
-4.230000151297519,-0.07044701579796675,0.00912089139478057,-7.723698567256272
-4.219999745941306,-0.07000065612440122,0.009079149138811705,-7.710045848367133
-4.209999913542888,-0.06955435110121329,0.0090375671825355,-7.696136548298359
-4.200000081144469,-0.06910803688072942,0.008996141259446075,-7.681964398698721
-4.190000248746051,-0.06866174392131179,0.008954872919978015,-7.667528566277003
-4.1799998433898375,-0.06821543098958309,0.008913759127763248,-7.652824135343285
-4.17000001099142,-0.06776913717585391,0.008872803695910658,-7.637849263709924
-4.160000178593001,-0.0673228401763975,0.008832004408184643,-7.6226003820841886
-4.149999773236788,-0.06687656122357225,0.008791361565244156,-7.607076643049537
-4.139999940838369,-0.06643029654001606,0.008750877064933615,-7.591272971507572
-4.130000108439951,-0.06598404126986451,0.008710549037464786,-7.575187394739612
-4.120000276041533,-0.0655378046059861,0.0086703788568936,-7.558816712360687
-4.10999987068532,-0.06509154112251703,0.008630362614118366,-7.542155994237612
-4.100000038286901,-0.06464527699433427,0.008590503176441446,-7.525202618121039
-4.090000205888483,-0.0641990713341982,0.008550803950534942,-7.507957345950128
-4.07999980053227,-0.06375283891235714,0.008511258170937844,-7.490413007332417
-4.0699999681338515,-0.06330661504815384,0.008471870271979699,-7.4725666252866745
-4.060000135735434,-0.06286043158910273,0.008432640829590585,-7.454418237347681
-4.049999730379221,-0.06241417908673049,0.008393563059075806,-7.435957607924704
-4.039999897980802,-0.0619680114252796,0.008354647389700907,-7.417190521011088
-4.030000065582383,-0.061521804991415074,0.008315885693302962,-7.398106138106308
-4.020000233183965,-0.06107562110142738,0.008277281246596206,-7.3787055534138055
-4.009999827827752,-0.06062944289382576,0.00823883276621823,-7.358984532666483
-3.999999995429333,-0.060183245092017584,0.008200540115005152,-7.338936734410423
-3.990000163030915,-0.05973709700178304,0.00816240666529369,-7.318564174924461
-3.979999757674702,-0.05929093094860843,0.008124427677852469,-7.297859406175526
-3.969999925276283,-0.05884475409228524,0.008086604785976191,-7.276818349566675
-3.9600000928778654,-0.058398623271459726,0.008048941000964795,-7.255441835697356
-3.950000260479447,-0.05795249697594627,0.008011433699253704,-7.233723594485313
-3.939999855123233,-0.05750633813104045,0.007974079736346316,-7.211658276869649
-3.9300000227248155,-0.057060209048670464,0.007936884450280714,-7.18924527704978
-3.9200001903263972,-0.05661411592626483,0.007899847487170677,-7.166482140092697
-3.9099997849701835,-0.056167961051052595,0.007862962317486141,-7.143358798266503
-3.899999952571766,-0.0557218804383574,0.007826238723247602,-7.119879984345132
-3.890000120173347,-0.05527576435121116,0.0077896687841091505,-7.09603525941606
-3.8799997148171337,-0.054829653443590164,0.007753254614481927,-7.071824178349118
-3.869999882418716,-0.05438357077946464,0.007716998795874655,-7.047243652355751
-3.860000050020297,-0.053937448389672404,0.0076808971932254035,-7.022284901462495
-3.850000217621879,-0.05349139689667633,0.007644955346224528,-6.996953477706462
-3.839999812265666,-0.0530453253066858,0.007609168073829439,-6.97123848389248
-3.8299999798672477,-0.05259926165629224,0.007573537657860601,-6.945137666503748
-3.8200001474688285,-0.05215318204553314,0.0075380626211398695,-6.918645369073199
-3.8099997421126153,-0.051707101183348016,0.007502743116840776,-6.891759504238582
-3.7999999097141974,-0.05126104330213084,0.007467581332366605,-6.864477401799564
-3.790000077315779,-0.050815012132870374,0.007432577502541988,-6.836795460994698
-3.780000244917361,-0.05036896798306706,0.007397728500692485,-6.808707291481721
-3.7699998395611476,-0.04992290038004492,0.007363034066986162,-6.780207714084279
-3.7600000071627293,-0.0494768425484027,0.007328496846743436,-6.751294785695203
-3.7500001747643115,-0.04903084122465699,0.007294118349235835,-6.721969520798039
-3.739999769408098,-0.04858482032577821,0.007259894468018535,-6.692221290516722
-3.729999937009679,-0.048138802433862496,0.007225827287476175,-6.662047198013826
-3.7200001046112616,-0.0476927951677077,0.007191916936632535,-6.631444104252802
-3.7100002722128425,-0.04724679754990744,0.0071581627913754955,-6.600408362720207
-3.699999866856629,-0.046800750854534494,0.007124561572205354,-6.568930646499792
-3.6900000344582113,-0.04635476071959724,0.007091120087168498,-6.537015330409784
-3.680000202059793,-0.04590877048650927,0.007057834168766026,-6.504654174176474
-3.66999979670358,-0.04546276486947631,0.007024703384823718,-6.471841212213287
-3.659999964305162,-0.04501676495968823,0.006991729123363691,-6.438573944356537
-3.650000131906743,-0.044570803644476895,0.0069589130445001385,-6.404851355299329
-3.63999972655053,-0.04412480605071818,0.006926250466502559,-6.370662779828579
-3.6299998941521108,-0.04367882425683652,0.00689374500383574,-6.336008110618139
-3.620000061753693,-0.04323288143336188,0.0068613975015377315,-6.300885704941714
-3.6100002293552746,-0.042786911385616334,0.006829204619078053,-6.265284725264623
-3.5999998239990614,-0.04234093787675833,0.006797167086545061,-6.229203628166194
-3.5899999916006435,-0.04189499537128965,0.006765287669980882,-6.19264064072061
-3.5800001592022253,-0.04144905908803768,0.0067335643425109415,-6.155589666880847
-3.569999753846012,-0.0410030830391169,0.006701994289847805,-6.118042073122691
-3.5599999214475937,-0.04055713862683183,0.0066705826127073115,-6.079999451557857
-3.550000089049175,-0.0401111976946922,0.00663932684579379,-6.041455500884676
-3.540000256650757,-0.03966527696690944,0.006608227610692994,-6.002407801862898
-3.529999851294543,-0.039219311954731946,0.006577282152656485,-5.962844689411984
-3.520000018896125,-0.03877336558258913,0.006546493786695407,-5.922768255182514
-3.510000186497707,-0.038327486826800095,0.0065158644414564535,-5.882179896645145
-3.4999997811414936,-0.03788153258575134,0.0064853868780348385,-5.841059800773206
-3.4899999487430753,-0.03743561547281288,0.006455067821276022,-5.79941474037258
-3.480000116344657,-0.036989714328191654,0.006424905104130704,-5.757239014224537
-3.4700002839462387,-0.036543780933670916,0.006394896738869472,-5.714522442801999
-3.4599998785900254,-0.036097887157653795,0.0063650456139008205,-5.67126920171923
-3.450000046191607,-0.03565194675950129,0.006335348421512945,-5.62746425096968
-3.4400002137931893,-0.035206079007861074,0.006305810750807854,-5.5831169692732585
-3.429999808436975,-0.034760176324346206,0.006276426770579359,-5.538211086486968
-3.4199999760385578,-0.03431426992224692,0.0062471990461947565,-5.4927447754603165
-3.410000143640139,-0.03386837880077539,0.0062181277042635,-5.446716505605588
-3.3999997382839258,-0.0334224910681621,0.0061892118408585035,-5.400120714486011
-3.3899999058855075,-0.03297658967232707,0.006160451827629819,-5.352949847676113
-3.3800000734870888,-0.032530724388193245,0.00613184899117452,-5.305206379839791
-3.370000241088671,-0.032084816836646525,0.006103400110436235,-5.256875881655626
-3.3599998357324576,-0.03163891081141028,0.0060751066540500245,-5.207959730273692
-3.3500000033340394,-0.031193072880117627,0.006046972660239923,-5.158461040384461
-3.340000170935621,-0.030747201208834486,0.0060189927724693375,-5.108363204799167
-3.3299997655794074,-0.030301323732857623,0.005991168262080993,-5.057665284522097
-3.319999933180989,-0.029855448628085857,0.005963499763977167,-5.006363680674435
-3.310000100782571,-0.029409593312369812,0.005935987886169621,-4.954456423486278
-3.3000002683841525,-0.028963727268062654,0.005908631440815896,-4.901935001053846
-3.2899998630279392,-0.028517851043065614,0.005881429995380413,-4.848795457136283
-3.2800000306295214,-0.02807201253170055,0.005854386092314422,-4.795039495012671
-3.270000198231103,-0.02762614088576338,0.0058274965372497696,-4.740653333584179
-3.25999979287489,-0.02718026070063934,0.005800762017163404,-4.685636235414911
-3.2499999604764715,-0.026734429441994258,0.005774185861052612,-4.629991151189005
-3.2400001280780533,-0.02628859051141522,0.00574776503644347,-4.573706535450472
-3.2299997227218396,-0.025842734918158878,0.005721498874796958,-4.516777069029131
-3.2199998903234213,-0.025396876320006354,0.005695388592872179,-4.459199913380929
-3.210000057925003,-0.024951062302819925,0.005669436076205311,-4.400977798751418
-3.2000002255265847,-0.024505195719252013,0.0056436368662348135,-4.342092926967642
-3.1899998201703714,-0.02405935916705083,0.00561799450156482,-4.2825529929496025
-3.179999987771953,-0.023613521140256756,0.005592507752926178,-4.222349290066055
-3.170000155373535,-0.023167705142425388,0.005567178131545463,-4.161480842718063
-3.1599997500173216,-0.02272184487824707,0.005542001555006076,-4.099934771350341
-3.149999917618903,-0.022276026846415605,0.005516982792620566,-4.037719109113715
-3.1400000852204846,-0.021830169879065622,0.005492118502119452,-3.974817708438226
-3.130000252822067,-0.021384346010255247,0.005467410926744675,-3.911238115586018
-3.119999847465853,-0.020938520146766542,0.005442858694795915,-3.846971108543844
-3.110000015067435,-0.020492707538911085,0.005418462861064257,-3.7820149485874763
-3.100000182669017,-0.020046876609726604,0.005394222252389173,-3.7163608898108667
-3.0899997773128036,-0.019601024237236,0.0053701359367246924,-3.650005226718877
-3.0799999449143853,-0.01915523209015643,0.005346207939454095,-3.582956799864463
-3.070000112515967,-0.018709409831757094,0.00532243441364104,-3.515197816962505
-3.0600002801175488,-0.018263575772578654,0.005298816047360313,-3.446727648089791
-3.0499998747613355,-0.0178177645753454,0.0052753540169305614,-3.3775486001814485
-3.0400000423629168,-0.0173719459814218,0.005252047720065833,-3.3076519687837203
-3.0300002099644985,-0.016926115259887225,0.005228896302914029,-3.2370340277076086
-3.019999804608285,-0.01648028685910147,0.005205900526362684,-3.1656937691462383
-3.009999972209867,-0.01603448372131028,0.005183061528162239,-3.0936317530067288
-3.0000001398114486,-0.01558866700055936,0.005160377836521338,-3.0208382979700255
-2.9899997344552354,-0.015142837562253325,0.005137848841353145,-2.9473108356892
-2.979999902056817,-0.014697036087070079,0.005115476723688833,-2.8730530663957095
-2.970000069658399,-0.014251219531529769,0.005093259740631927,-2.7980547345424807
-2.960000237259981,-0.013805425261953165,0.005071199449984954,-2.7223195218626484
-2.9499998319037677,-0.013359588353819214,0.0050492923272318175,-2.645833809575324
-2.939999999505349,-0.012913792979500233,0.005027543077844092,-2.5686091157349003
-2.9300001671069307,-0.012467972940835972,0.005005948095435173,-2.490631685175736
-2.9199997617507174,-0.0120221651129479,0.004984509227590287,-2.411905478357375
-2.909999929352299,-0.011576341606254472,0.004963225397477285,-2.3324231077916613
-2.900000096953881,-0.011130553633656046,0.004942098522528908,-2.2521917729718712
-2.8900002645554626,-0.010684758928559076,0.004921127011069629,-2.171201617947409
-2.8799998591992493,-0.010238913741056262,0.004900309031490949,-2.0894424566405374
-2.8700000268008314,-0.009793116795194087,0.004879648608690357,-2.006930740412976
-2.860000194402413,-0.009347313779586112,0.004859143450553375,-1.9236546265209788
-2.8499997890462,-0.008901507722717288,0.004838793607945626,-1.8396130200925311
-2.8399999566477816,-0.008455681712815017,0.004818598769639831,-1.7548009529432227
-2.8300001242493624,-0.008009888556818796,0.004798560813264868,-1.6692272680335145
-2.8199997188931496,-0.007564046302814302,0.0047786760707706506,-1.5828748780610398
-2.809999886494731,-0.007118249061170137,0.004758948929263151,-1.4957607587254118
-2.800000054096313,-0.0066724594746716374,0.00473937769323262,-1.4078767101004155
-2.7900002216978947,-0.006226647853581619,0.004719961312709539,-1.3192158666247948
-2.7799998163416815,-0.005780808256088723,0.004700698854145206,-1.2297763450621917
-2.769999983943263,-0.005335020235042698,0.004681594066976559,-1.1395734356114586
-2.760000151544845,-0.00488922101972265,0.004662644364448865,-1.0485940246700687
-2.749999746188631,-0.004443402857635739,0.004643849610212627,-0.9568360801055936
-2.739999913790213,-0.003997589814108008,0.0046252106829176185,-0.8643043718791849
-2.7300000813917946,-0.0035517779084347206,0.0046067271928296955,-0.7709980990328691
-2.720000248993377,-0.0031059654939694656,0.004588398847023095,-0.6769170679189285
-2.709999843637163,-0.002660123885040711,0.004570225436228398,-0.5820552885539914
-2.7000000112387452,-0.00221431558712732,0.004552208623096992,-0.48642664922963497
-2.690000178840327,-0.0017685203947661458,0.0045343476799026205,-0.3900275231660503
-2.6799997734841137,-0.0013226816519178778,0.00451664072900564,-0.2928463278966783
-2.6699999410856954,-0.0008768547321642725,0.004499089601921847,-0.19489603669811603
-2.660000108687277,-0.00043107655456067496,0.004481696059968252,-0.09618603064388277
-2.650000276288859,1.4761669018619397e-05,0.004464455362980071,0.0033064882092954393
-2.6399998709326447,0.0004605933630030494,0.004447370772874945,0.10356531679622134
-2.630000038534227,0.000906408708693911,0.004430442135327078,0.20458651326612917
-2.6200002061358085,0.001352217932262124,0.004413669115976955,0.30637048150421076
-2.6099998007795953,0.0017980691509917016,0.004397050409992612,0.4089262081020178
-2.599999968381177,0.002243894705587202,0.004380587811166701,0.5122359834603055
-2.5900001359827587,0.0026897031466886264,0.00436428124427161,0.6162992245788533
-2.5799997306265454,0.0031355389529437753,0.004348129321230884,0.7211236652124587
-2.5699998982281267,0.0035813626589939695,0.004332133251313149,0.8266972531162085
-2.5600000658297084,0.004027240503676443,0.004316291003651104,0.9330326663030468
-2.550000233431291,0.004473026820325943,0.0043006067827484375,1.0400920256809238
-2.5399998280750773,0.004918889096481532,0.004285076089831549,1.1479117274379367
-2.529999995676659,0.0053647300797429465,0.00426970124708611,1.2564649771231997
-2.5200001632782407,0.005810556388452363,0.004254482502462472,1.3657492738750818
-2.5099997579220275,0.006256396922855083,0.0042394186155983405,1.4757676677258424
-2.499999925523609,0.006702231138668245,0.004224510412408936,1.5865107395596267
-2.490000093125191,0.00714806516183504,0.004209757529201352,1.6979755038744773
-2.480000260726772,0.007593913706749718,0.004195159841925619,1.8101607549866414
-2.4699998553705593,0.008039802100159987,0.004180716273454648,1.9230680998872147
-2.4600000229721406,0.008485635488601182,0.0041664297832974305,2.036668305948363
-2.4500001905737223,0.008931471044399479,0.004152299111210881,2.15097005422495
-2.439999785217509,0.009377337103850985,0.004138322736491142,2.265975299887309
-2.4299999528190908,0.009823172672277206,0.0041245022968664415,2.3816625535013727
-2.420000120420673,0.010269034412308899,0.004110836793760672,2.4980399192434466
-2.409999715064459,0.01071491084900243,0.0040973264374329485,2.6150981652600573
-2.399999882666041,0.011160787402260501,0.004083971218167224,2.7328271444746273
-2.3900000502676226,0.011606642620245296,0.004070772288329166,2.8512139216239976
-2.380000217869205,0.012052503575780145,0.004057728681233773,2.970258615742519
-2.369999812512991,0.012498372141999498,0.004044840190035037,3.089954498768772
-2.359999980114573,0.012944264414413816,0.004032106454011338,3.2102982800804343
-2.3500001477161545,0.013390127961374617,0.004019528800696202,3.3312680727789243
-2.3399997423599412,0.013836040743791552,0.004007105113486695,3.4528769153630767
-2.329999909961523,0.014281892067939369,0.003994838925856846,3.5750858377540395
-2.320000077563105,0.014727767219709404,0.0039827274168159595,3.6979099190985307
-2.310000245164687,0.01517364887018827,0.00397077093398425,3.821335736172298
-2.299999839808473,0.015619566119330597,0.003958969076040333,3.9453619918024008
-2.290000007410055,0.01606544805773561,0.003947323393760709,4.069959933642447
-2.2800001750116365,0.016511322008797666,0.0039358336686272566,4.195126979173512
-2.2699997696554233,0.016957263912113225,0.003924496904030116,4.320875854099819
-2.2599999372570045,0.017403167860517387,0.003913316976377588,4.4471654010064
-2.2500001048585867,0.017849026778185603,0.003902293803953655,4.57398332234791
-2.2400002724601684,0.018294943001034975,0.0038914241931051466,4.7013489388923695
-2.2299998671039547,0.018740882863811127,0.0038807097209645064,4.8292410954028515
-2.2200000347055364,0.019186779162260064,0.003870151570441323,4.957629904937327
-2.2100002023071186,0.01963269953819808,0.003859748084808766,5.086523552008135
-2.1999997969509053,0.02007862959268516,0.003849500028442963,5.215905817464435
-2.189999964552487,0.020524567267566237,0.003839406988369453,5.345764939674384
-2.1800001321540687,0.020970464015561324,0.003829470356354703,5.476074251563927
-2.169999726797855,0.021416411170378496,0.003819687986735924,5.606848319744482
-2.1599998943994367,0.021862364828843316,0.0038100606721287143,5.738062122939533
-2.150000062001019,0.022308260375734277,0.0038005905077996135,5.869682705872422
-2.1400002296026006,0.02275419825626829,0.003791274458714721,6.001728047929873
-2.1299998242463873,0.023200160943530994,0.003782113397114959,6.134179097122882
-2.1199999918479686,0.02364612242971132,0.0037731073630868726,6.267015527055091
-2.1100001594495503,0.02409203562153689,0.0037642581539405785,6.4002081250236165
-2.0999997540933375,0.02453803145762356,0.0037555620771865337,6.53378401243367
-2.0899999216949188,0.024983999262823176,0.0037470225293653797,6.66769390016308
-2.0800000892965005,0.025429958256088556,0.003738638113628001,6.801930939341744
-2.070000256898082,0.025875920711149338,0.0037304092480800444,6.936483101543638
-2.059999851541869,0.02632189554673563,0.003722335611371522,7.071338615014655
-2.0500000191434506,0.02676787135976992,0.003714417112011038,7.20647965819795
-2.0400001867450324,0.027213829570894372,0.0037066544533580943,7.341884686941786
-2.029999781388819,0.027659849461170703,0.0036990456965732546,7.477563601551181
-2.019999948990401,0.02810584412780174,0.0036915932794880117,7.613472557762308
-2.0100001165919825,0.028551829073043357,0.0036842958190193525,7.749602766870925
-2.0000002841935642,0.028997858107161947,0.003677153186775001,7.885953245421939
-1.989999878837351,0.029443870219690436,0.0036701664177010546,8.022489137736075
-1.9800000464389327,0.029889849675715074,0.0036633354010961842,8.15919002851093
-1.9700002140405146,0.030335856176505405,0.0036566594009399714,8.296057371027597
-1.959999808684301,0.030781904179290994,0.003650138077996803,8.433079385365092
-1.949999976285883,0.031227899316927012,0.003643772820576887,8.570210288791541
-1.9400001438874646,0.031673925439160214,0.003637562322329421,8.707459180761713
-1.9299997385312513,0.03211996757519724,0.0036315072761846433,8.844803309589764
-1.919999906132833,0.03256602133139977,0.0036256067804716044,8.982226508072591
-1.9100000737344143,0.03301202970782263,0.003619863210085676,9.119689831329646
-1.9000002413359962,0.0334580857796226,0.003614273444732295,9.257209309491191
-1.8899998359797827,0.03390414351902734,0.0036088398463898722,9.394748717636661
-1.8800000035813647,0.03435017703880686,0.0036035614591836997,9.532285609078546
-1.8700001711829464,0.03479623630790405,0.0035984379760279966,9.669816887135177
-1.8599997658267329,0.03524231359754794,0.00359346976547008,9.807321585447573
-1.8499999334283146,0.035688399357249434,0.003588656647982272,9.944779581327541
-1.8400001010298965,0.03613446306143273,0.0035839993013481687,10.082162417788496
-1.8300002686314782,0.03658055224543706,0.0035794968222626062,10.219467724604497
-1.819999863275265,0.037026645253871567,0.0035751497156649085,10.35666984563899
-1.8100000308768465,0.03747274315603567,0.003570957975798112,10.493750811408102
-1.8000001984784286,0.037918821522152826,0.003566921633515181,10.630685341069308
-1.789999793122215,0.03836494552911523,0.0035630404004915192,10.767474184076837
-1.7799999607237968,0.03881105322497374,0.0035593143349404097,10.904081396796194
-1.7700001283253786,0.039257150280638094,0.0035557441167934347,11.0404880079054
-1.7599997229691648,0.03970329768776436,0.003552328222517612,11.176697422296686
-1.7499998905707468,0.04014942801048272,0.0035490682047790594,11.312667352072527
-1.7400000581723285,0.04059553200564582,0.003545963919310445,11.448377064575464
-1.7300002257739104,0.04104165968314194,0.0035430143690988116,11.583825355351621
-1.7199998204176967,0.041487818707400245,0.0035402201531953247,11.718993992493449
-1.7099999880192789,0.04193397033585763,0.003537581183474935,11.853853851253882
-1.7000001556208602,0.04238010703732528,0.0035350976553918407,11.98838367949633
-1.689999750264647,0.04282630063831184,0.0035327691404431778,12.122586825172329
-1.6799999178662288,0.043272469412070656,0.0035305958601094057,12.25642104806913
-1.6700000854678105,0.04371862773282553,0.003528578179666578,12.389870794064873
-1.660000253069392,0.044164797541622655,0.0035267158288996743,12.522924920605796
-1.6499998477131788,0.04461099158663781,0.0035250086991968636,12.655569217971564
-1.6400000153147607,0.04505717605138825,0.003523456878766423,12.787775642414832
-1.6300001829163424,0.04550336998365117,0.0035220601282497516,12.91953241191926
-1.619999777560129,0.04594959447346308,0.0035208186819706663,13.050826703675707
-1.6099999451617106,0.04639579260434772,0.0035197328484031848,13.18162332274631
-1.6000001127632923,0.04684202649006356,0.0035188017018925543,13.311925609468139
-1.590000280364874,0.04728822861484217,0.0035180265581624846,13.441691764698186
-1.5799998750086608,0.0477344750902449,0.003517406295555874,13.570930134103593
-1.5700000426102423,0.04818071225167954,0.0035169412675227626,13.699606728325241
-1.5600002102118242,0.048626941693133134,0.0035166318489278266,13.827703263268468
-1.549999804855611,0.049073214585305946,0.0035164775722865585,13.955218987333545
-1.5399999724571927,0.04951945834358109,0.003516478706454619,14.082115228704897
-1.5300001400587744,0.04996570724149115,0.003516635285447208,14.20838477287162
-1.519999734702561,0.05041200320655379,0.0035169470785279904,14.334023822631307
-1.5099999023041426,0.05085827901011562,0.0035174137263808206,14.458998277249954
-1.5000000699057243,0.05130455554517301,0.003518036076288893,14.583294324625907
-1.4900002375073063,0.05175084031286675,0.003518813603770971,14.706900148790904
-1.4799998321510925,0.0521971411148367,0.0035197468376049236,14.829799847296746
-1.4699999997526745,0.05264345445786713,0.003520834780944932,14.951980917360322
-1.4600001673542562,0.053089748920240896,0.0035220782987500465,15.073415301153856
-1.449999761998043,0.05353609606870421,0.003523477462216518,15.194107708305362
-1.4399999295996246,0.053982409185468413,0.003525031637238288,15.314021189256994
-1.4300000972012066,0.05442872690434622,0.0035267412928385077,15.433149864116942
-1.4200002648027878,0.05487506689336928,0.003528606203174961,15.551485128602314
-1.4099998594465748,0.05532141424364394,0.0035306267495293434,15.669006714181458
-1.4000000270481565,0.05576777743480957,0.0035328017579951904,15.785708130551006
-1.3900001946497382,0.05621415718533501,0.0035351323790607115,15.901570622447574
-1.3799997892935247,0.05666054477068388,0.003537618621476388,16.016578052451905
-1.3699999568951065,0.05710688291475765,0.0035402605404593612,16.130700625595153
-1.3600001244966884,0.057553280122473384,0.003543057324761195,16.243959622175325
-1.349999719140475,0.05799970620235142,0.0035460097234033105,16.3563302772576
-1.3399998867420568,0.05844607328244689,0.0035491173655949593,16.467776988448293
-1.3300000543436385,0.05889248269238898,0.0035523800542248815,16.578317013785604
-1.32000022194522,0.059338896908916965,0.003555798537856901,16.687924323373178
-1.3099998165890068,0.05978534491129206,0.003559372273844034,16.796597914363524
-1.2999999841905885,0.06023175493275333,0.003563101190188093,16.90430659073529
-1.2900001517921702,0.0606782184558318,0.0035669851925550005,17.011065418067666
-1.2799997464359567,0.06112465936057385,0.0035710254008118622,17.11683690255391
-1.2699999140375386,0.06157112243310297,0.003575220340654343,17.22163015604071
-1.2600000816391204,0.062017580035236115,0.0035795709388764608,17.32542282140158
-1.2500002492407019,0.0624640313443453,0.0035840767129001585,17.428207136169455
-1.2399998438844888,0.06291052756721546,0.0035887384897997157,17.52998379403411
-1.2300000114860703,0.06335702760107811,0.003593554783837899,17.630739313069025
-1.220000179087652,0.06380350600431003,0.00359852659969434,17.730452794132333
-1.2099997737314387,0.06425003477802915,0.003603654340832701,17.82913362417074
-1.1999999413330205,0.06469653770170028,0.0036089371381806644,17.92675661131495
-1.1900001089346024,0.06514306188130206,0.003614375036735009,18.023326638551616
-1.1800002765361841,0.06558958105569256,0.003619968657892534,18.118825673445848
-1.1699998711799706,0.06603612510918432,0.0036257179305746196,18.213254967332393
-1.1600000387815526,0.06648267425090988,0.0036316222736227487,18.306604939006956
-1.150000206383134,0.06692920982366306,0.0036376822086457497,18.39886113871935
-1.1399998010269208,0.0673758034446234,0.003643897464438023,18.49003823575326
-1.1299999686285023,0.06782238901194138,0.0036502679051043704,18.58011268627752
-1.1200001362300842,0.06826895719479775,0.00365679389435596,18.669074376919834
-1.1099997308738707,0.0687155675507599,0.0036634757557688505,18.756932523042895
-1.0999998984754527,0.06916214327574574,0.0036703128126105954,18.84366450677335
-1.0900000660770344,0.06960876391319522,0.003677304944086683,18.929287881096208
-1.080000233678616,0.07005538553902851,0.0036844524593440146,19.013784629345245
-1.0699998283224028,0.07050202511947813,0.003691756092516779,19.09715142405706
-1.0599999959239843,0.07094867740400268,0.0036992146769336573,19.17938903259685
-1.050000163525566,0.0713952893446882,0.0037068290529786944,19.26047528070309
-1.0399997581693528,0.07184195194076959,0.003714598782483194,19.340433825465137
-1.0299999257709345,0.07228864520655331,0.0037225235950719953,19.41925775897069
-1.0200000933725162,0.07273530763775592,0.003730604053989609,19.49692505158
-1.0100002609740981,0.07318198676085708,0.003738839967809206,19.57344721650081
-0.9999998556178845,0.07362867806724754,0.0037472318071626372,19.648818609649442
-0.9900000232194663,0.07407537713638024,0.0037557787752157744,19.72304056490242
-0.9800001908210482,0.07452207019688285,0.003764480971450581,19.79610755428178
-0.9699997854648347,0.07496882545848702,0.00377333942123735,19.868031228927535
-0.9599999530664165,0.07541555204260629,0.0037823525603429605,19.938794927083176
-0.9500001206679981,0.07586230872937944,0.0037915213969912966,20.008408442473463
-0.939999715311785,0.07630903839041295,0.0038008464497133847,20.07685377454995
-0.9299998829133664,0.0767557949517551,0.003810326249719653,20.144152999340264
-0.9200000505149483,0.07720255238340368,0.0038199614237089574,20.21029634075324
-0.9100002181165301,0.07764932773744583,0.0038297523704794263,20.27528681383787
-0.8999998127603166,0.07809615007105083,0.0038396990946188573,20.33913287124468
-0.8899999803618984,0.0785429333169678,0.0038498011791518166,20.40181548655255
-0.8800001479634801,0.07898973328739074,0.0038600584917601773,20.463351385997164
-0.8699997426072665,0.07943657064207826,0.0038704721152389636,20.523741878753682
-0.8599999102088484,0.07988342553219856,0.003881040299142327,20.582993057261486
-0.8500000778104301,0.08033023049357296,0.00389176447727131,20.641082203899472
-0.8400002454120119,0.0807770635092675,0.0039026441616974083,20.69803450236531
-0.8299998400557985,0.08122395479685887,0.003913679994022229,20.753856963502553
-0.8200000076573803,0.08167081177556063,0.00392487066867716,20.808535788795044
-0.8100001752589621,0.08211769442607386,0.0039362170703198945,20.862084828924385
-0.7999997699027487,0.08256457231311948,0.003947719512538104,20.914498117429908
-0.7899999375043304,0.08301147860571047,0.00395937694665735,20.965793286186546
-0.7800001051059121,0.08345839618395644,0.003971189883586744,21.015967161101234
-0.7700002727074938,0.08390532440119305,0.0039831584886582646,21.06502280542112
-0.7599998673512804,0.08435227671906358,0.003995283172194478,21.11296573572572
-0.7500000349528622,0.08479920656123331,0.0040075632463993,21.15979245927644
-0.740000202554444,0.08524616101070011,0.004019998549804804,21.20552033901588
-0.7299997971982306,0.08569314715178955,0.0040325902905637735,21.250149650042747
-0.7199999647998123,0.08614011764023514,0.004045337050658295,21.29368123385853
-0.7100001324013939,0.08658709787810265,0.004058239462376744,21.33612338080024
-0.6999997270451808,0.08703410303078091,0.004071298047772595,21.37748256441142
-0.6899998946467624,0.08748108913943617,0.004084511801996731,21.417758934291893
-0.6800000622483442,0.08792809299657538,0.0040978808847633085,21.456966532021113
-0.6700002298499259,0.08837514809821678,0.0041114059853406375,21.49511588330646
-0.6599998244937125,0.08882221039979335,0.00412508705575687,21.53220264184128
-0.6499999920952942,0.08926925982953722,0.004138923238041241,21.568232773455392
-0.6400001596968761,0.08971629584479333,0.004152915287718369,21.603208741126014
-0.6299997543406626,0.09016340114850581,0.00416706334580727,21.63715635358041
-0.6199999219422444,0.09061047902543963,0.004181366851099716,21.67006202806834
-0.610000089543826,0.09105757846802334,0.004195825647006091,21.7019452495594
-0.6000002571454078,0.09150465459194371,0.004210440394400449,21.732798952251557
-0.5899998517891945,0.09195179658437182,0.0042252116202495665,21.76264879697093
-0.5800000193907763,0.09239891939487654,0.004240137451358684,21.79149153885773
-0.5700001869923579,0.09284605896481102,0.0042552192431575785,21.819336128005183
-0.5599997816361445,0.09329323201924737,0.004270457876970927,21.846189496996296
-0.5499999492377263,0.09374037380738919,0.004285850984863317,21.872056247046288
-0.540000116839308,0.09418754690630868,0.004301399992272677,21.896951475220508
-0.5300002844408898,0.09463475736234485,0.004317104775198574,21.920885012106737
-0.5199998790846764,0.09508197864988462,0.004332965964192363,21.94385541812288
-0.5100000466862581,0.09552915542744263,0.004348982402852948,21.965863868470738
-0.5000002142878399,0.09597638432376451,0.004365154304043125,21.98693966782997
-0.4899998089316265,0.0964236428740479,0.004381483216883085,22.00707799187739
-0.47999997653320825,0.09687088728280625,0.004397966752006936,22.026289134314375
-0.4700001441347899,0.09731813946557845,0.004414606133015178,22.044580316638605
-0.45999973877857664,0.0977654388144658,0.004431402253646567,22.0619644118327
-0.4499999063801583,0.09821270925744359,0.004448353193572656,22.078442287215264
-0.44000007398174007,0.09866001436438301,0.004465459824442482,22.094032472165583
-0.4300002415833218,0.0991073044162877,0.0044827225609756684,22.108730368251234
-0.4199998362271084,0.09955464363722455,0.004500141797112488,22.122557049447575
-0.4100000038286902,0.10000197076377565,0.004517716291907846,22.135513675991483
-0.40000017143027183,0.10044929832916412,0.004535446418872885,22.14760997091153
-0.3899997660740585,0.10089671504583239,0.004553333377364403,22.158868390224093
-0.3799999336756402,0.10134404720656072,0.004571375156653892,22.16926936286312
-0.370000101277222,0.1017914294986831,0.004589572831506187,22.178846100864163
-0.3600002688788037,0.10223884211853412,0.004607926607137004,22.187602111583356
-0.3499998635225904,0.10268625731721978,0.004626437069434506,22.19553746783618
-0.3400000311241721,0.1031336960761829,0.0046451025756881386,22.202673546106652
-0.3300001987257538,0.10358108131239444,0.004663923600997829,22.209000441223704
-0.31999979336954043,0.10402854073960746,0.0046829017912147835,22.214546744236035
-0.3099999609711222,0.10447598392626928,0.0047020349106183384,22.219312683182572
-0.3000001285727039,0.10492348432264122,0.004721324086984331,22.2233175248216
-0.28999972321649053,0.10537096821202109,0.004740770076474731,22.226551069183188
-0.27999989081807225,0.10581847648952929,0.004760371076008145,22.229039459307106
-0.270000058419654,0.1062660001172413,0.004780128066129659,22.230785168750096
-0.2600002260212358,0.10671351743567567,0.004800040707659986,22.231794256532122
-0.24999982066502238,0.10716105580521124,0.004820110520591155,22.232074419751818
-0.23999998826660413,0.10760861490717955,0.004840335499788315,22.23164384201997
-0.23000015586818587,0.10805615610674892,0.004860716241482846,22.230500761300252
-0.21999975051197246,0.10850374505497812,0.004881254073058526,22.228661616663437
-0.2099999181135542,0.10895134578279972,0.004901946884642323,22.22613756263691
-0.20000008571513592,0.10939894290868174,0.004922795740391554,22.22292954612418
-0.1900002533167177,0.10984653611431575,0.0049438002511821766,22.219048208521148
-0.1799998479605043,0.11029418074213197,0.004964962276021733,22.21450528935483
-0.17000001556208605,0.11074183739822505,0.004986279270905001,22.209313073257846
-0.16000018316366776,0.11118946261881829,0.0050077517536910796,22.203469358652516
-0.1499997778074544,0.11163716067481273,0.005029382151757235,22.196993051285116
-0.13999994540903613,0.11208485117838958,0.00505116738247529,22.18989051268841
-0.1300001130106179,0.11253254970359836,0.005073108356869211,22.182169547241063
-0.12000028061219964,0.11298024481404124,0.005095205459845423,22.173834932550257
-0.10999987525598623,0.11342800397175234,0.005117460384565075,22.164901229888546
-0.10000004285756796,0.11387572055141139,0.005139869409749311,22.155372339890928
-0.09000021045914972,0.11432346493646318,0.005162434853661785,22.14526055575733
-0.07999980510293633,0.1147712558228149,0.005185157965445555,22.134572676023136
-0.06999997270451806,0.11521904475670437,0.005208035676676832,22.123320942805805
-0.06000014030609982,0.11566683405639767,0.005231069742558491,22.111506775634307
-0.049999734949886424,0.11611465219178402,0.005254260912806028,22.09914089130629
-0.03999990255146817,0.11656247338359804,0.0052776071095567475,22.086235478295734
-0.03000007015304991,0.1170103076938846,0.005301109531399656,22.072795704523063
-0.020000237754631646,0.11745817045277616,0.005324768433579517,22.058831650227503
-0.009999832398418257,0.11790600779779477,0.005348583858511189,22.044341253090987
0.0,0.11835390518263729,0.005372554985204376,22.029352051040014
0.009999832398418257,0.11880180644416273,0.00539668249318564,22.01385880940246
0.020000237754631646,0.11924969972484464,0.005420966884915204,21.997865372813465
0.03000007015304991,0.11969763530872192,0.005445406676433552,21.981395040106978
0.03999990255146817,0.1201455712695611,0.005470002545876857,21.96444521952255
0.049999734949886424,0.12059351372137479,0.005494754646686199,21.94702429417897
0.06000014030609982,0.12104149472027198,0.005519664308767439,21.929140605164985
0.06999997270451806,0.12148947016262164,0.005544728950894382,21.910804159872416
0.07999980510293633,0.12193747464939354,0.005569950196927543,21.892022430767128
0.09000021045914972,0.12238551282132935,0.005595328684568336,21.87280135282545
0.10000004285756796,0.12283353458777563,0.005620862265402322,21.853147931384797
0.10999987525598623,0.12328154462474374,0.005646551991007611,21.833066413109304
0.12000028061219964,0.12372964976566436,0.005672399688154035,21.812576082051372
0.1300001130106179,0.12417768097030261,0.0056984019301152,21.791667645281773
0.13999994540903613,0.12462577353999824,0.005724561013922407,21.770363393263235
0.1499997778074544,0.12507387898120723,0.005750876150073737,21.748665023781385
0.16000018316366776,0.12552202883882338,0.005777349386869462,21.726577437761517
0.17000001556208605,0.12597013215807557,0.005803977164466177,21.70410540711728
0.1799998479605043,0.12641829187192336,0.005830761693697117,21.68126541830338
0.1900002533167177,0.12686646809547172,0.005857703838448675,21.658054349342184
0.20000008571513592,0.1273146253275908,0.005884801051652493,21.634482493140524
0.2099999181135542,0.1277628130655436,0.005912054532055693,21.610560655826518
0.21999975051197246,0.12821102655149083,0.0059394647876423595,21.58629289599401
0.23000015586818587,0.12865925356060265,0.005967032478342971,21.56168146018387
0.23999998826660413,0.12910748428816815,0.005994755293793428,21.536739693417925
0.24999982066502238,0.12955574057205166,0.006022634917827191,21.511471696310622
0.2600002260212358,0.13000401703236011,0.006050672140128204,21.485880249595798
0.270000058419654,0.13045229704246616,0.006078864428502776,21.459978023329032
0.27999989081807225,0.13090060999134293,0.006107213638659036,21.43376959383475
0.28999972321649053,0.13134893369620876,0.006135719205833052,21.40725957135377
0.3000001285727039,0.13179727678864814,0.0061643824035096636,21.380451140346185
0.3099999609711222,0.13224564398790217,0.006193201151617844,21.353358424884323
0.31999979336954043,0.13269399344919602,0.006222176122259897,21.32597837828504
0.3300001987257538,0.13314239511124007,0.006251309328207546,21.298321378925642
0.3400000311241721,0.1335907377901352,0.006280596455705882,21.27039027778466
0.3499998635225904,0.13403918095664272,0.006310041882439414,21.242201470907542
0.3600002688788037,0.13448760982052727,0.006339644617921803,21.21374586839437
0.370000101277222,0.13493607355444784,0.006369402709268637,21.185043514063157
0.3799999336756402,0.13538453785255705,0.006399317335259485,21.156090682767704
0.3899997660740585,0.13583297637823588,0.006429388116986775,21.126890134281698
0.40000017143027183,0.13628152589198933,0.0064596180034739315,21.097458985763275
0.4100000038286902,0.13673001501784593,0.006490002308060275,21.067791431758618
0.4199998362271084,0.13717854396229784,0.006520543424469971,21.03790052950204
0.4300002415833218,0.1376271019982227,0.006551242877961208,21.007785020642253
0.44000007398174007,0.13807564107958142,0.0065820971971835875,20.977453985131454
0.4499999063801583,0.1385242240417884,0.006613108687608233,20.94691476965405
0.45999973877857664,0.13897279870647308,0.006644276219121621,20.91616816087839
0.4700001441347899,0.13942144403031292,0.006675603091885271,20.885220722572743
0.47999997653320825,0.13987007024516962,0.006707084371488658,20.854079432748367
0.4899998089316265,0.1403187065264614,0.006738722544388318,20.822745795241563
0.5000002142878399,0.14076738325429716,0.006770519267905064,20.79122408255895
0.5100000466862581,0.14121607215092938,0.00680247118889722,20.75952521216375
0.5199998790846764,0.1416647288996995,0.006834578918821203,20.727645489553172
0.5300002844408898,0.14211346447038073,0.0068668462380977145,20.6955943882835
0.540000116839308,0.14256221412444664,0.006899268986054364,20.663379614943352
0.5499999492377263,0.143010955055578,0.006931847843316534,20.63100031739222
0.5599997816361445,0.14345968928782188,0.006964583247923163,20.59845997685526
0.5700001869923579,0.14390849572901002,0.006997477755428336,20.565766803241655
0.5800000193907763,0.14435728847852383,0.007030527235156922,20.532925006911203
0.5899998517891945,0.1448060906285599,0.007063733702235497,20.499936256477554
0.6000002571454078,0.1452549447802019,0.007097099003462977,20.466805480566894
0.610000089543826,0.14570376269922566,0.007130618600567343,20.433537517717305
0.6199999219422444,0.14615262946190913,0.007164295835583622,20.40013880163886
0.6299997543406626,0.14660150751184878,0.007198129667593383,20.366611089525346
0.6400001596968761,0.14705044349246477,0.0072321231982312145,20.332956099037336
0.6499999920952942,0.14749934108758841,0.007266270629817139,20.299180776769436
0.6599998244937125,0.147948281698522,0.007300575876346145,20.265289232576052
0.6700002298499259,0.14839724984481997,0.00733503987767793,20.231280581912586
0.6800000622483442,0.14884623921425338,0.007369659100910912,20.19716749121483
0.6899998946467624,0.14929521165420262,0.007404434854603462,20.162944854782978
0.6999997270451808,0.14974420644553196,0.007439367782957449,20.128619906193506
0.7100001324013939,0.1501932369960742,0.007474459487723059,20.094193733041088
0.7199999647998123,0.15064228875253005,0.0075097068734748425,20.05967626840618
0.7299997971982306,0.15109133903610508,0.007545110850092112,20.025065507720214
0.740000202554444,0.15154044050274867,0.007580674147586639,19.990364649955655
0.7500000349528622,0.15198953512551167,0.00761639276363962,19.955580002531402
0.7599998673512804,0.15243864808527616,0.007652268237329464,19.9207141408931
0.7700002727074938,0.15288779221132107,0.007688302677926428,19.885766549003197
0.7800001051059121,0.1533369491452477,0.007724492693642631,19.85074686800419
0.7899999375043304,0.15378612647445633,0.007760839982919543,19.815654853458746
0.7999997699027487,0.15423533157178926,0.007797344523045261,19.7804946435216
0.8100001752589621,0.15468452776944144,0.007834007189617078,19.745262421312937
0.8200000076573803,0.1551337444905245,0.007870825563732111,19.709971112225322
0.8299998400557985,0.15558298747177332,0.007907801248861247,19.674620362288174
0.8400002454120119,0.15603228484783352,0.007944936661892804,19.639210668126378
0.8500000778104301,0.15648154314218074,0.007982226673949365,19.603745863653653
0.8599999102088484,0.1569308150251495,0.008019673396593346,19.56823018401369
0.8699997426072665,0.15738015223284638,0.008057278684643414,19.532668335377487
0.8800001479634801,0.15782951392237285,0.008095042937635074,19.497057043218344
0.8899999803618984,0.1582788666640399,0.008132962227695531,19.461404373064216
0.8999998127603166,0.15872822628554373,0.00817103874648701,19.425709657023233
0.9100002181165301,0.15917765653194813,0.0082092753257757,19.389976607576788
0.9200000505149483,0.1596270688082258,0.008247666637365009,19.354209599725525
0.9299998829133664,0.16007647855341398,0.008286214957310942,19.31840766599691
0.939999715311785,0.16052593319270303,0.00832492125654358,19.282576765098643
0.9500001206679981,0.16097538844196393,0.008363785952717188,19.24671307372076
0.9599999530664165,0.16142489730749468,0.008402807376861655,19.210829198822466
0.9699997854648347,0.16187440341911255,0.008441986006195175,19.174919657568797
0.9800001908210482,0.1623239673428628,0.008481324275594684,19.13898844900387
0.9900000232194663,0.16277349938381896,0.00852081717316436,19.103038602501794
0.9999998556178845,0.16322306593822963,0.008560468026606403,19.06707266833115
1.0100002609740981,0.16367264222569236,0.008600277728855448,19.031087993419305
1.0200000933725162,0.16412225063210267,0.008640243478712955,18.995095570680633
1.0299999257709345,0.16457187157509973,0.008680366642707028,18.959092207627872
1.0399997581693528,0.1650215469453679,0.008720648360002501,18.923082336657885
1.050000163525566,0.16547121371704268,0.00876108839102228,18.88706132523505
1.0599999959239843,0.16592087056417756,0.008801683697124378,18.851037627992245
1.0699998283224028,0.16637059139371782,0.008842437495273567,18.815014692797742
1.080000233678616,0.16682031942893624,0.008883350481718323,18.778986574068828
1.0900000660770344,0.16727007104634994,0.008924419610248084,18.742963503673728
1.0999998984754527,0.16771984276761268,0.008965646263386785,18.706944021708065
1.1099997308738707,0.16816960890428712,0.009007029638539183,18.670928780418883
1.1200001362300842,0.16861943437591098,0.009048573581154698,18.634918848103492
1.1299999686285023,0.16906924263501186,0.009090272523567427,18.59891903094029
1.1399998010269208,0.16951910077985582,0.009132130051601867,18.562931082011964
1.150000206383134,0.16996898793790283,0.009174147179661779,18.52695238143858
1.1600000387815526,0.17041885605883703,0.009216319374906388,18.490988552636612
1.1699998711799706,0.1708687641315277,0.009258649535565117,18.455041793640852
1.1800002765361841,0.17131869480896925,0.009301139453672433,18.419108289073797
1.1900001089346024,0.17176863250836652,0.00934378521061,18.38319574312569
1.1999999413330205,0.17221859742399634,0.009386588753510717,18.34730400429913
1.2099997737314387,0.17266857387742984,0.009429549921419166,18.31143324086065
1.220000179087652,0.17311860986875194,0.009472671526395634,18.275584600010284
1.2300000114860703,0.1735686213268225,0.009515948177609791,18.239761092353838
1.2399998438844888,0.17401867617946576,0.009559383513264838,18.203964297278493
1.2500002492407019,0.17446876181205584,0.009602978501104803,18.168192482361963
1.2600000816391204,0.17491882593761246,0.009646728405638603,18.132450565869643
1.2699999140375386,0.17536893131614475,0.009690636791221261,18.096739677108868
1.2799997464359567,0.1758190795618793,0.009734703970719894,18.061060725699424
1.2900001517921702,0.17626921800478493,0.009778929578715977,18.025410305483554
1.2999999841905885,0.1767194227028056,0.009823313062237916,17.989798511271914
1.3099998165890068,0.17716959828114187,0.009867852971311146,17.954219504103666
1.32000022194522,0.17761982545026403,0.009912553562377283,17.918674974369196
1.3300000543436385,0.17807007342964176,0.009957410144963263,17.883171511190046
1.3399998867420568,0.17852032521915942,0.010002424658522711,17.847705062896782
1.349999719140475,0.17897057019914928,0.010047596112677415,17.812277503206527
1.3600001244966884,0.17942091102268867,0.010092929851836074,17.776890720195482
1.3699999568951065,0.17987124387015782,0.010138418733308093,17.741548125174656
1.3799997892935247,0.18032155498982652,0.010184064541561313,17.706246288398084
1.3900001946497382,0.18077193122858767,0.010229871593390916,17.670987321617673
1.4000000270481565,0.18122233949099087,0.010275835349067099,17.63577688187105
1.4099998594465748,0.18167275560737073,0.010321956927743077,17.600611674621078
1.4200002648027878,0.1821231811265797,0.010368238052949817,17.565489931509116
1.4300000972012066,0.1825736260912711,0.010414675451623556,17.530419160859157
1.4399999295996246,0.18302408972689763,0.010461270782502153,17.49539740745736
1.449999761998043,0.1834745668843162,0.010508024230229349,17.4604248015054
1.4600001673542562,0.18392512011121895,0.010554939435631936,17.425502176764233
1.4699999997526745,0.18437562919091283,0.010602008991578447,17.390631279163124
1.4799998321510925,0.1848262086556878,0.010649238586049188,17.35581442393595
1.4900002375073063,0.18527679516844417,0.010696627618878024,17.321047508605144
1.5000000699057243,0.1857273906354166,0.010744172753466188,17.286336965821672
1.5099999023041426,0.18617801205175155,0.010791876393251137,17.251681289472586
1.519999734702561,0.18662865445448648,0.010839738403792612,17.21708103114267
1.5300001400587744,0.1870793540860379,0.010887761685635832,17.18253572107945
1.5399999724571927,0.18753004300881354,0.010935940377104462,17.148049142753862
1.549999804855611,0.18798074915361784,0.01098427731486857,17.113620110370192
1.5600002102118242,0.18843150905578893,0.011032775679825139,17.079247736393334
1.5700000426102423,0.18888225587160676,0.011081429273163648,17.04493628173314
1.5799998750086608,0.18933303802705365,0.011130241879925916,17.010684949131928
1.590000280364874,0.18978385608330228,0.011179215528644496,16.976491382335304
1.6000001127632923,0.19023466239257789,0.011228344336612607,16.942360929587267
1.6099999451617106,0.19068553222361523,0.011277633264291657,16.908293411826254
1.619999777560129,0.19113639364733512,0.011327079427129676,16.874287399233836
1.6300001829163424,0.19158731025692313,0.011376687418954076,16.84034228959565
1.6400000153147607,0.19203822333265158,0.011426451059248286,16.806462683548677
1.6499998477131788,0.19248916132765578,0.011476373441268077,16.77264706596954
1.660000253069392,0.19294013116414888,0.011526456529923776,16.738893749632247
1.6700000854678105,0.19339112323734756,0.0115766965563954,16.705207940387027
1.6799999178662288,0.1938421135927488,0.011627094117616196,16.671587211034858
1.689999750264647,0.19429314225301342,0.0116776510607886,16.638032875071424
1.7000001556208602,0.19474423323433496,0.011728369965453692,16.604543837546107
1.7099999880192789,0.1951952995060058,0.011779243994945347,16.571122865760067
1.7199998204176967,0.1956464065308035,0.011830277116731961,16.537770383594328
1.7300002257739104,0.19609755109726296,0.011881471679168854,16.50448331590692
1.7400000581723285,0.19654868401704392,0.011932821856175243,16.471266091626923
1.7499998905707468,0.19699982972355387,0.011984330340332024,16.43811745246802
1.7599997229691648,0.1974510368662402,0.012035998903992741,16.405039452167042
1.7700001283253786,0.19790227501165786,0.012087828951082059,16.372028079859813
1.7799999607237968,0.19835351218870562,0.01213981468473814,16.339088967978277
1.789999793122215,0.1988047678165525,0.012191959189672603,16.306219921155357
1.8000001984784286,0.19925609470963718,0.012244266264389661,16.273420587817434
1.8100000308768465,0.19970738020759835,0.012296728009077492,16.24069265093719
1.819999863275265,0.2001587336493875,0.01234935008729278,16.20803785094299
1.8300002686314782,0.2006101021912801,0.012402133031672521,16.175451567803922
1.8400001010298965,0.20106149203560675,0.012455072702810087,16.142940056082022
1.8499999334283146,0.201512888930015,0.012508170928137257,16.11050009531847
1.8599997658267329,0.20196434058898782,0.012561429158067551,16.078133948578348
1.8700001711829464,0.20241581057086216,0.012614848291498592,16.045837880371053
1.8800000035813647,0.2028672921541694,0.012668423949685589,16.01361723919922
1.8899998359797827,0.20331877785952285,0.012722157881220792,15.981469476938514
1.9000002413359962,0.20377031197019413,0.012776053893761092,15.949393581511185
1.9100000737344143,0.2042218739220551,0.01283010735664125,15.91739400499589
1.919999906132833,0.20467342393643148,0.01288431810420188,15.885468076861798
1.9299997385312513,0.2051250417186005,0.012938690067327405,15.8536173794424
1.9400001438874646,0.20557668498179765,0.012993223163633121,15.821838999670886
1.949999976285883,0.2060283394985075,0.013047913156861445,15.79013724429675
1.959999808684301,0.2064799850158787,0.013102760649992648,15.75851002177885
1.9700002140405146,0.20693171896796098,0.013157772205391088,15.726957097127398
1.9800000464389327,0.20738344440105805,0.01321293951649279,15.695481247166521
1.989999878837351,0.20783516082434178,0.013268264672687553,15.664080115327073
2.0000002841935642,0.208286946379301,0.01332375321596208,15.632753249269864
2.0100001165919825,0.20873877567364146,0.013379399977439248,15.601505002139344
2.019999948990401,0.20919059140046206,0.013435204263667752,15.570332039250586
2.029999781388819,0.2096424508516807,0.013491168580283019,15.539235878948805
2.0400001867450324,0.21009436437535137,0.01354729599024514,15.50821392893695
2.0500000191434506,0.21054623155150917,0.013603577335595054,15.47726942387389
2.059999851541869,0.21099815941781153,0.013660019795843154,15.44640217007737
2.070000256898082,0.21145011497073116,0.013716623879239782,15.415609324300462
2.0800000892965005,0.21190208950434222,0.013773385074760208,15.38489545991521
2.0899999216949188,0.21235407703905487,0.013830305285442906,15.354258106114855
2.0999997540933375,0.212806120214482,0.013887386250891413,15.323698525402666
2.1100001594495503,0.21325820206439167,0.013944629777347827,15.293213621979136
2.1199999918479686,0.21371023693076993,0.014002027138519122,15.262806936208545
2.1299998242463873,0.2141623500082123,0.014059586800184043,15.232478240783639
2.1400002296026006,0.2146144929060825,0.014117308055629378,15.20222496104726
2.150000062001019,0.21506664900745498,0.014175186463334082,15.172050791977385
2.1599998943994367,0.2155187868821155,0.014233222351525125,15.141953210547724
2.169999726797855,0.21597101990029138,0.0142914212994457,15.111934311856578
2.1800001321540687,0.21642326453375693,0.01434978138783747,15.081990358207973
2.189999964552487,0.216875488051229,0.01440829689476412,15.052125149506054
2.1999997969509053,0.21732777846345572,0.014466974115994971,15.022338238870134
2.2100002023071186,0.21778009562375958,0.014525813264037568,14.99262668913216
2.2200000347055364,0.21823243527666478,0.01458480974131531,14.962995002839426
2.2299998671039547,0.21868478258917873,0.014643965276152481,14.933440394406304
2.2400002724601684,0.21913720816404753,0.01470328526100102,14.903962228447465
2.2500001048585867,0.21958962240722446,0.014762761207046731,14.874563052771416
2.2599999372570045,0.2200420159602079,0.014822394855593094,14.845240469165958
2.2699997696554233,0.2204944874590142,0.014882190653784978,14.81599668950189
2.2800001750116365,0.22094702497760574,0.014942150754699905,14.786828790902746
2.290000007410055,0.22139952594101084,0.015002265480015702,14.757739505139002
2.299999839808473,0.22185205296622335,0.015062540012533814,14.728727876016675
2.310000245164687,0.22230465350925976,0.015122979133798661,14.699792384982299
2.320000077563105,0.2227572535405481,0.015183574905865003,14.670935858096437
2.329999909961523,0.2232098721175396,0.015244330245225684,14.642156692154177
2.3399997423599412,0.22366249467114702,0.01530524430833167,14.613454719529862
2.3500001477161545,0.22411519784283485,0.015366323718746355,14.58482861254722
2.359999980114573,0.2245679044085743,0.015427559545160825,14.556281811857579
2.369999812512991,0.22502064920437956,0.015488956334088196,14.527812226389498
2.380000217869205,0.22547340673289332,0.015550514800098652,14.499417519699279
2.3900000502676226,0.22592620465310284,0.015612231663228168,14.471102500050124
2.399999882666041,0.22637899376000103,0.015674107109590742,14.442863773814793
2.409999715064459,0.22683184551162214,0.015736144551877322,14.414702709664745
2.420000120420673,0.22728472886976409,0.015798344708474688,14.386616640149775
2.4299999528190908,0.22773762863742117,0.015860702363636535,14.35860931099432
2.439999785217509,0.22819053571544864,0.01592321930284961,14.330678449841598
2.4500001905737223,0.22864349444600485,0.01598590004020385,14.30282272946636
2.4600000229721406,0.22909646177669368,0.0160487379889198,14.275045298568898
2.4699998553705593,0.22954944380047929,0.016111735578614596,14.247344283949428
2.480000260726772,0.23000251435130836,0.01617489905846642,14.219718683865187
2.490000093125191,0.23045558137030414,0.016238219081125868,14.192170965236517
2.499999925523609,0.23090866142635819,0.01630169885348936,14.164699244025874
2.5099997579220275,0.23136175843766288,0.016365338583080966,14.137303500512504
2.5200001632782407,0.23181489967601565,0.016429141904086418,14.109982190753149
2.529999995676659,0.2322680714675602,0.016493103322151217,14.082739126214676
2.5399998280750773,0.23272126273570015,0.016557225300440424,14.055571420503032
2.550000233431291,0.23317453601696586,0.016621512618672465,14.028478717094591
2.5600000658297084,0.23362774135025924,0.016685953509291925,14.00146184155186
2.5699998982281267,0.23408106672985896,0.016750559815362144,13.974522004642516
2.5799997306265454,0.23453436390293003,0.01681532371895238,13.947656781569345
2.5900001359827587,0.23498772739352425,0.016880252648476982,13.920865539576267
2.599999968381177,0.23544105955706351,0.016945336886915307,13.894150416027681
2.6099998007795953,0.23589446561482524,0.017010584295015473,13.86751104628124
2.6200002061358085,0.23634792084056888,0.01707599562070264,13.840945271385804
2.630000038534227,0.23680135254323048,0.01714156286248255,13.814455218754505
2.6399998709326447,0.23725482298391967,0.017207291460019255,13.788040002412686
2.650000276288859,0.2377083466498466,0.017273184510727492,13.761697879289027
2.660000108687277,0.23816191409322746,0.01733923683671433,13.735432322427263
2.6699999410856954,0.23861543219153455,0.01740544585287983,13.709239867133553
2.6799997734841137,0.2390690441404843,0.0174718192453397,13.683122563453246
2.690000178840327,0.23952268385462736,0.017538356094130576,13.657077240824556
2.7000000112387452,0.23997631849499468,0.017605049642388054,13.631107174909554
2.709999843637163,0.2404299843832417,0.01767190399761349,13.605211097554099
2.720000248993377,0.2408837225829191,0.0177389244195649,13.579387164942185
2.7300000813917946,0.2413374708087051,0.01780610241667142,13.55363825060035
2.739999913790213,0.24179122822622337,0.01787344038419998,13.527962330070793
2.749999746188631,0.2422450309855752,0.01794094021665128,13.502359857413918
2.760000151544845,0.2426988779480917,0.018008604507329586,13.47682869315677
2.769999983943263,0.24315271383614387,0.0180764251661694,13.451371695506024
2.7799998163416815,0.2436065794047973,0.018144407095826293,13.4259873093805
2.7900002216978947,0.2440605156336565,0.018212555029992937,13.400674163055701
2.800000054096313,0.2445144801365668,0.018280861492237444,13.37543530103296
2.809999886494731,0.24496842965998156,0.018349326748504338,13.350267997159571
2.8199997188931496,0.24542243000101574,0.01841795469291349,13.325172859473083
2.8300001242493624,0.24587648169805018,0.018486747597675456,13.300148141199644
2.8399999566477816,0.24633053698606974,0.01855569756511661,13.275196802579583
2.8499997890462,0.24678464546523504,0.018624810569152044,13.250317072968262
2.860000194402413,0.2472387688300866,0.018694086285852653,13.225506989191146
2.8700000268008314,0.24769291162344836,0.018763520567460466,13.20076958547935
2.8799998591992493,0.24814708615760817,0.018833116344045712,13.176103286595076
2.8900002645554626,0.24860133638108267,0.0189028787354692,13.15150670223627
2.900000096953881,0.24905557200143774,0.01897279736441463,13.12698213224826
2.909999929352299,0.24950981729627014,0.019042876467209424,13.102527747103204
2.9199997617507174,0.24996413521125507,0.019113119438671566,13.078144361171246
2.9300001671069307,0.2504184590338547,0.019183525324813797,13.053828990959216
2.939999999505349,0.250872840741992,0.019254091906860532,13.02958570861512
2.9499998319037677,0.2513272198695601,0.019324817820273062,13.005412118602255
2.960000237259981,0.2517816670157646,0.01939571056455136,12.981306674885852
2.970000069658399,0.25223610775606614,0.01946675994516377,12.957272215129487
2.979999902056817,0.25269059016440326,0.019537971785026465,12.933307149008199
2.9899997344552354,0.2531450964860021,0.019609345077095663,12.909411073686677
3.0000001398114486,0.25359965904082177,0.01968088391864416,12.885582786278258
3.009999972209867,0.25405424396777093,0.01975258171743396,12.861824727627294
3.019999804608285,0.25450884046665156,0.019824440056233218,12.838135137472833
3.0300002099644985,0.2549634877430177,0.019896464164920778,12.814512449530646
3.0400000423629168,0.2554181772975877,0.019968648154024937,12.79095987507321
3.0499998747613355,0.25587288830336913,0.020040993540928812,12.767475214280745
3.0600002801175488,0.2563276028475772,0.020113501808368184,12.744056469616474
3.070000112515967,0.25678237959878986,0.020186171387948267,12.720707392393212
3.0799999449143853,0.2572371659750035,0.020259001649672606,12.697425590029535
3.0899997773128036,0.25769197258410287,0.02033199310151522,12.674211096643479
3.100000182669017,0.2581468549526534,0.02040515184160349,12.651062680470968
3.110000015067435,0.25860175270144803,0.020478469270746497,12.627982554870972
3.119999847465853,0.2590566626078472,0.020551947597996337,12.604969011944315
3.130000252822067,0.2595116124307436,0.02062559113837445,12.582020592268771
3.1400000852204846,0.2599665909677065,0.020699393858402304,12.559140269809438
3.149999917618903,0.26042163901566917,0.02077336151700046,12.536326333248756
3.1599997500173216,0.2608766635677524,0.020847487620871394,12.513578053720805
3.170000155373535,0.26133177022714,0.020921781858608733,12.490894513347065
3.179999987771953,0.26178685498620535,0.020996232394124244,12.468277644872416
3.1899998201703714,0.2622420055301373,0.021070847458796532,12.44572654436156
3.2000002255265847,0.2626971755021283,0.02114562664699169,12.423239088045719
3.210000057925003,0.2631524084138828,0.021220567457757977,12.400818636811598
3.2199998903234213,0.26360762012245587,0.021295667308716577,12.37846254362539
3.2299997227218396,0.26406289811919736,0.021370931667774366,12.356171561644308
3.2400001280780533,0.2645182093240565,0.021446361429949535,12.333943461134654
3.2499999604764715,0.26497353588326283,0.021521949702537076,12.311781206886982
3.25999979287489,0.2654288883946817,0.02159770015834589,12.289682996275571
3.270000198231103,0.265884318578549,0.021673618669129622,12.267647716680367
3.2800000306295214,0.2663397608266604,0.021749695817619798,12.245677505562815
3.2899998630279392,0.26679520478435104,0.021825933804619713,12.223770454571833
3.3000002683841525,0.26725073489038054,0.021902340308432106,12.201925964390783
3.310000100782571,0.2677062532973124,0.021978904039631667,12.180145689457168
3.319999933180989,0.26816180642039517,0.0220556304151018,12.158428545156479
3.3299997655794074,0.2686174189775106,0.022132521539075183,12.136774316621084
3.340000170935621,0.2690730488524277,0.0222095768272058,12.11518125472902
3.3500000033340394,0.26952870283135266,0.02228679169044551,12.093651996886628
3.3599998357324576,0.26998436534175835,0.022364167681306602,12.072184808712041
3.370000241088671,0.2704401212819681,0.02244171329692465,12.050778730830165
3.3800000734870888,0.27089591097387705,0.02251941925891551,12.029435921915637
3.3899999058855075,0.27135169602533427,0.02259728537600386,12.008154586279801
3.3999997382839258,0.27180754196956,0.022675316450347333,11.986934893047392
3.410000143640139,0.27226339318148024,0.022753511158466272,11.96577492085984
3.4199999760385578,0.27271928560441544,0.022831866666184794,11.944677568055667
3.429999808436975,0.27317521564363934,0.02291038553340631,11.923641147169457
3.4400002137931893,0.27363117974975915,0.022989070434281077,11.902663943372108
3.450000046191607,0.2740871489373819,0.02306791353069733,11.8817485843548
3.4599998785900254,0.27454320960622075,0.023146923723295923,11.860894038800943
3.4700002839462387,0.2749992645881152,0.02322609717035501,11.840097911030648
3.480000116344657,0.27545536923002534,0.023305432163504447,11.819363283954868
3.4899999487430753,0.27591149258500014,0.023384929336826385,11.798688318056925
3.4999997811414936,0.2763676580751988,0.023464590276496278,11.778073037653991
3.510000186497707,0.2768238989257425,0.02354441999887996,11.75751617321265
3.520000018896125,0.2772800815425323,0.023624403945618582,11.737019151078185
3.529999851294543,0.27773636118312006,0.02370455555806289,11.716581671519698
3.540000256650757,0.2781926965297064,0.023784875011112514,11.696201741641786
3.550000089049175,0.2786490105571556,0.023865351189572157,11.675881420882247
3.5599999214475937,0.2791053789837843,0.023945992079016005,11.65561978233367
3.569999753846012,0.27956178857872943,0.02402679693009534,11.635416464046342
3.5800001592022253,0.2800182553844957,0.024107769671299906,11.615270064482782
3.5899999916006435,0.28047469905212447,0.024188899191610092,11.595182435974886
3.5999998239990614,0.2809312125841422,0.024270194491591835,11.575152917767841
3.6100002293552746,0.28138776838234253,0.02435165690491324,11.555179570781862
3.620000061753693,0.2818443417897121,0.024433279047000225,11.535264720201987
3.6299998941521108,0.2823009247742779,0.024515062903106205,11.51540691084699
3.63999972655053,0.2827575776766918,0.024597012893639844,11.495606352664296
3.650000131906743,0.2832142757439872,0.02467913034098962,11.475861257298684
3.659999964305162,0.28367098222974707,0.024761406737937433,11.456173925495486
3.66999979670358,0.284127742588915,0.024843848365243643,11.436543099595132
3.680000202059793,0.284584555066228,0.024926457726839414,11.416967392033536
3.6900000344582113,0.28504136032824434,0.025009225044443577,11.397448734285087
3.699999866856629,0.2854982057233137,0.0250921566150408,11.377985962042803
3.7100002722128425,0.28595514557318646,0.025175259255822827,11.358577985926697
3.7200001046112616,0.2864120611461849,0.025258518765393048,11.339226334150716
3.729999937009679,0.286869023393664,0.0253419430401299,11.319930083474512
3.739999769408098,0.28732602513742883,0.025425531548298862,11.300689017715063
3.7500001747643115,0.28778305180748903,0.025509286392884634,11.281501464806206
3.7600000071627293,0.288240095844305,0.025593200880942656,11.262369923370384
3.7699998395611476,0.28869722966955685,0.02567728352433706,11.243293294476738
3.780000244917361,0.2891544044338492,0.025761533582986065,11.224269840240343
3.790000077315779,0.289611582971514,0.02584594257080407,11.205301651434574
3.7999999097141974,0.2900687799085353,0.02593051437947968,11.186387422305959
3.8099997421126153,0.2905260339869326,0.026015252244790496,11.167527081929789
3.8200001474688285,0.29098333959548284,0.026100158503606082,11.14871925223288
3.8299999798672477,0.2914406862695151,0.026185226277099984,11.129966309452573
3.839999812265666,0.29189803330060715,0.026270455906595304,11.111266372325307
3.850000217621879,0.292355424686963,0.026355853277340996,11.092618463554382
3.860000050020297,0.2928128231680083,0.026441409977577775,11.074024547719375
3.869999882418716,0.2932703268552459,0.026527136339096712,11.055483830081306
3.8799997148171337,0.2937278268139147,0.026613024401820937,11.036995359077528
3.890000120173347,0.294185379122896,0.026699080770201902,11.018558341200574
3.899999952571766,0.2946429724151709,0.02678529929369073,11.000174729597813
3.9099997849701835,0.29510055990876854,0.02687167907383431,10.981842969244004
3.9200001903263972,0.2955582500158968,0.026958231614582658,10.963562233659975
3.9300000227248155,0.2960159140119967,0.027044940780283647,10.945334153876157
3.939999855123233,0.2964736480257522,0.0271318174731707,10.92715769295294
3.950000260479447,0.29693143282552337,0.027218862739746053,10.909031566257632
3.9600000928778654,0.2973892217315767,0.02730606750424002,10.890957538481103
3.969999925276283,0.2978470437783637,0.02739343636422441,10.87293466282125
3.979999757674702,0.298304945381972,0.027480973684928377,10.854962739023104
3.990000163030915,0.2987628645315726,0.02756867718673695,10.837040257967285
3.999999995429333,0.29922079580679584,0.027656540696559206,10.819169291263616
4.009999827827752,0.29967881125890866,0.027744572841085113,10.801348897148419
4.020000233183965,0.3001368392638354,0.02783277099389123,10.783577363881943
4.030000065582383,0.30059489361080055,0.02792113042706962,10.765856862277069
4.039999897980802,0.3010530257854484,0.028009657625269066,10.748186565259969
4.049999730379221,0.3015111317872951,0.02809834502431404,10.730565502217006
4.060000135735434,0.30196935310355055,0.028187206983433837,10.712993070970946
4.0699999681338515,0.3024275419394694,0.028276225296239903,10.695470798207475
4.07999980053227,0.3028858085568204,0.028365411981069927,10.677997864404567
4.090000205888483,0.3033441009461236,0.0284547659381032,10.66057270005239
4.100000038286901,0.3038024061444021,0.028544280192529282,10.643197309418033
4.10999987068532,0.30426079008215795,0.028633963085684944,10.62587072462449
4.120000276041533,0.30471921930390605,0.02872381467370646,10.608591608232436
4.130000108439951,0.3051776513176222,0.028813825811933366,10.591361706338615
4.139999940838369,0.30563613067825185,0.02890400329406585,10.574179900574556
4.149999773236788,0.3060946448260689,0.02899434580793571,10.557046082491409
4.160000178593001,0.30655321640077743,0.029084858362788138,10.539959059693718
4.17000001099142,0.3070118248784497,0.02917553329998083,10.522920754242097
4.1799998433898375,0.3074704672192824,0.02926637319898695,10.505929967090196
4.190000248746051,0.3079291610734512,0.029357382954001195,10.488985396141475
4.200000081144469,0.3083878723624127,0.029448553631407207,10.472088925736362
4.209999913542888,0.30884661813692227,0.02953988943216088,10.455239476985739
4.219999745941306,0.30930540362915465,0.029631391326670732,10.438436731479223
4.230000151297519,0.309764268235459,0.029723065008463515,10.421679868723329
4.239999983695937,0.310223129154434,0.02981489786550547,10.404970379366906
4.2499998160943555,0.3106820301191394,0.02990689670121329,10.388307192920333
4.26000022145057,0.31114102170829144,0.02999906886124146,10.37168930633987
4.270000053848988,0.3116000089332575,0.030091399987521653,10.355118374767285
4.279999886247405,0.3120590203374482,0.030183895860409555,10.338593194881701
4.2899997186458245,0.3125180668507617,0.030276557345026038,10.322113683182792
4.300000124002038,0.3129771972678126,0.030369391759748107,10.305678814504137
4.309999956400455,0.3134363568807141,0.03046238780835418,10.289290480201801
4.3199997887988735,0.3138955448641374,0.030555549475762563,10.272947148704601
4.330000194155088,0.3143548110527908,0.030648883288959393,10.256648116312624
4.340000026553505,0.3148140741060893,0.030742376747119653,10.240394771545606
4.349999858951923,0.31527336613255325,0.03083603552285424,10.224186111696728
4.3600002643081375,0.3157327313207817,0.030929866266796543,10.208021224447496
4.370000096706555,0.3161921199398226,0.03102385897080939,10.191901666305615
4.379999929104974,0.316651539763566,0.031118016974203137,10.17582643605055
4.389999761503392,0.31711102866628665,0.031212343884386193,10.159795427120093
4.400000166859606,0.3175705621444912,0.0313068406703372,10.143807402622551
4.409999999258024,0.3180300899947676,0.031401496855780864,10.127864014107335
4.419999831656442,0.3184896888588757,0.03149632212046566,10.111964426853753
4.430000237012655,0.3189493686888988,0.031591320517311325,10.096107521498565
4.440000069411073,0.31940903898496126,0.031686477828875535,10.080294840908046
4.449999901809492,0.31986873676444155,0.03178180074073806,10.064525272617178
4.459999734207909,0.32032848237640027,0.03187729097823148,10.048798770107151
4.470000139564124,0.32078832797249385,0.031972955931729566,10.03311450644285
4.479999971962542,0.32124814208800895,0.03206877824439283,10.017473682340194
4.48999980436096,0.32170800802223,0.03216476831256,10.001875496072092
4.500000209717173,0.3221679773160731,0.03226093362728577,9.98631908915335
4.510000042115592,0.32262793910292487,0.03235725847390938,9.970805757943596
4.519999874514009,0.32308792340173753,0.032453748263202034,9.955334612861147
4.530000279870222,0.323547992288619,0.03255041226491672,9.939904590312777
4.5400001122686415,0.32400805648725306,0.032647235906621296,9.9245172673727
4.549999944667059,0.324468195050811,0.032744229356310925,9.90917182750172
4.559999777065478,0.32492838301458743,0.03284139053804247,9.893868002884965
4.570000182421691,0.3253886199685591,0.03293872254887008,9.878604717769212
4.58000001482011,0.32584886177560335,0.03303621513517699,9.863383575942366
4.589999847218528,0.3263091379633145,0.03313387432626245,9.848203525800077
4.600000252574741,0.3267694970042899,0.03323170765913709,9.8330636618502
4.6100000849731595,0.32722987958530464,0.033329703263481794,9.8179655845853
4.619999917371578,0.3276902983561828,0.03342786560394281,9.802908215519803
4.629999749769997,0.32815074792448995,0.0335261941658634,9.787891411146669
4.64000015512621,0.32861126359551,0.03362469543748122,9.772914202494434
4.649999987524628,0.3290718317700689,0.033723361999031816,9.757978216392434
4.659999819923046,0.32953241006326417,0.033822192863115205,9.7430823423231
4.670000225279259,0.32999307298427405,0.03392119826737679,9.728225706626644
4.6800000576776775,0.3304537524640857,0.03402036548229593,9.713409829064082
4.689999890076096,0.3309144651465923,0.03411969952637406,9.698633626324872
4.699999722474514,0.33137520460507985,0.03421919989414514,9.683896924246254
4.710000127830727,0.33183603123823946,0.03431887491656243,9.6691990062324
4.719999960229146,0.3322968832627634,0.03441871292118301,9.654541238183581
4.729999792627564,0.3327578055900297,0.03451872099403224,9.639922801530174
4.740000197983777,0.33321873333466845,0.03461889679143046,9.625342348204267
4.750000030382195,0.3336797238330669,0.03471923887867919,9.610801809309736
4.759999862780615,0.3341407298803031,0.03481974617067924,9.596299991459269
4.770000268136827,0.3346018221938772,0.0349204287613279,9.581836021567607
4.780000100535245,0.33506292584638986,0.035021272799211085,9.567411434970397
4.789999932933664,0.33552408834717085,0.03512228645106947,9.553025222734444
4.799999765332082,0.3359853070342605,0.03522346901892416,9.538677375977619
4.810000170688295,0.3364465321601903,0.03532481974455391,9.524366566996024
4.820000003086713,0.33690785342832397,0.03542634012615175,9.51009481161782
4.829999835485132,0.33736916658799954,0.03552802372141282,9.495860767078536
4.840000240841346,0.337830556126255,0.0356298818692576,9.481663659899588
4.850000073239764,0.33829198602202065,0.03573190462974542,9.467505007846846
4.8599999056381815,0.33875343152833504,0.0358340929886649,9.453383726929829
4.869999738036601,0.33921490679345073,0.03593644836222114,9.439299715273386
4.880000143392814,0.3396764893125544,0.036038981237234896,9.425252258840384
4.889999975791231,0.34013809762243785,0.03614167739937723,9.411242700879702
4.89999980818965,0.3405997478706144,0.036244541855704394,9.397270055905222
4.910000213545863,0.3410614336385945,0.036347577471716325,9.383333288277317
4.920000045944281,0.3415231834155137,0.03645077979873591,9.3694342151593
4.9299998783426995,0.34198494730381906,0.03655414798351723,9.35557156079865
4.940000283698914,0.34244677859713224,0.03665769026899136,9.341744558489193
4.950000116097332,0.3429086757117636,0.03676139986105913,9.327954784306304
4.95999994849575,0.3433705704250857,0.03686527337164711,9.314201117227308
4.9699997808941685,0.34383249953375966,0.03696931510453667,9.300483348461235
4.980000186250382,0.34429449123390243,0.03707353027151845,9.286800817520335
4.9900000186488,0.34475659891252314,0.037177917890164114,9.273155100590849
4.999999851047218,0.3452186411588776,0.03728246371553822,9.259544749855165
5.010000256403432,0.34568082483178314,0.03738719114841453,9.245969387203948
5.020000088801849,0.3461430072804502,0.03749207952685212,9.232430199891683
5.029999921200268,0.3466052393003577,0.037597137545329916,9.218926278163186
5.039999753598686,0.3470674898530034,0.037702361806883015,9.205457515652032
5.0500001589549,0.34752984465647485,0.037807764318989176,9.19202314435519
5.059999991353318,0.3479921944161781,0.03791332769199037,9.178624394125539
5.069999823751736,0.34845462276516914,0.038019063142540395,9.16526063408636
5.08000022910795,0.3489171100680913,0.03812497296299265,9.151930688758258
5.090000061506368,0.34937961191139694,0.03823104535729685,9.138636117484914
5.099999893904785,0.3498421376677493,0.03833728476362616,9.12537598384313
5.1099997263032035,0.3503047500941667,0.03844369776995543,9.11215024606549
5.120000131659417,0.350767401592288,0.03855028299526227,9.098957889242898
5.129999964057837,0.35123008322902793,0.038657032298525205,9.085800495927558
5.139999796456253,0.3516928383183509,0.038763953968862556,9.072677121659233
5.1500002018124675,0.3521556355906245,0.03887104814185407,9.059586824247324
5.160000034210887,0.3526184796206583,0.038978308586858246,9.04653106829642
5.169999866609304,0.35308134998589874,0.039085736680299174,9.033508895429527
5.180000271965517,0.3535442911176009,0.03919334033388408,9.020519509329723
5.190000104363936,0.3540072582003968,0.03930110784183327,9.00756435734824
5.199999936762354,0.3544702880253373,0.039409047119476626,8.994642447219995
5.209999769160772,0.3549333406620219,0.03951715355853139,8.981753712000218
5.2200001745169855,0.35539649157709835,0.03962543853470363,8.968897372980367
5.230000006915404,0.3558596452153755,0.03973388531480997,8.956074705403559
5.239999839313822,0.35632285997456614,0.03984250375074423,8.943284844841365
5.250000244670035,0.3567861444407712,0.039951297777415413,8.930527023892163
5.260000077068454,0.35724943304879203,0.04006025396090905,8.917802503134338
5.269999909466872,0.35771277411519414,0.04016938094445832,8.905110452406497
5.279999741865289,0.35817620274256673,0.04027868182549403,8.892450956919408
5.2900001472215035,0.35863969892861797,0.04038815871721869,8.879822956021986
5.299999979619922,0.35910316161525885,0.04049779405701126,8.867227708988965
5.309999812018341,0.35956673203031925,0.04060760550566355,8.854664724817876
5.320000217374554,0.3600303438957626,0.04071759035284013,8.842132866309212
5.3300000497729725,0.36049400038322577,0.04082774174629346,8.829633601176415
5.339999882171391,0.3609576768777799,0.0409380604604186,8.81716605081415
5.349999714569807,0.3614214029036882,0.04104855030097572,8.804730014913517
5.360000119926022,0.3618852072548242,0.041159216851329,8.792324901661466
5.369999952324441,0.36234905973915127,0.041270050341851855,8.779951968502786
5.379999784722858,0.3628129332590232,0.04138105204923105,8.767610181282596
5.390000190079071,0.3632769067360528,0.04149223299858338,8.755299015805097
5.4000000224774904,0.36374088362338036,0.04160357657114719,8.743019557497396
5.409999854875908,0.3642049208472394,0.04171509188220478,8.730771152936269
5.420000260232121,0.36466903546434687,0.04182678479252788,8.718552890766132
5.430000092630539,0.36513314407959513,0.04193863911538961,8.706366057204932
5.439999925028958,0.3655973432814087,0.04205066853961816,8.694210008503434
5.449999757427376,0.36606155535221935,0.04216286545879274,8.682084373747896
5.460000162783589,0.36652586852027486,0.04227524216079302,8.669988621855818
5.4699999951820075,0.36699020717308184,0.04238778417085014,8.657923841781264
5.479999827580426,0.36745462348539837,0.04250049989298359,8.645889446257113
5.490000232936639,0.36791909022402375,0.04261339075380667,8.633884413226548
5.500000065335057,0.36838354898512726,0.04272644285887374,8.621910094456148
5.509999897733476,0.3688480571309689,0.04283966640513198,8.60996567159969
5.519999730131895,0.369312654143519,0.04295306513610714,8.598051221100587
5.530000135488108,0.36977730227254385,0.04306663937986867,8.586165709632658
5.539999967886526,0.3702420177574575,0.0431803829404902,8.574310660183654
5.549999800284945,0.37070672759564055,0.04329429210716148,8.562485019458732
5.560000205641158,0.37117152819745125,0.04340838104391483,8.55068812223034
5.570000038039576,0.37163636864929583,0.043522636160023095,8.538921385250452
5.5799998704379945,0.3721012471721555,0.04363706207426319,8.52718376271298
5.590000275794208,0.37256622607027556,0.04375166858736687,8.51547468015546
5.600000108192626,0.3730312281618891,0.04386643996118779,8.50379534997461
5.609999940591044,0.37349624474146387,0.04398137935955701,8.49214486176192
5.619999772989462,0.3739613479568789,0.04409649447081173,8.48052328069776
5.630000178345675,0.37442651753277434,0.04421178688312957,8.46892975673075
5.640000010744094,0.3748917228381497,0.0443272458223706,8.45736557467221
5.649999843142512,0.3753569669364611,0.044442875321725715,8.445829938302156
5.660000248498725,0.3758222722008944,0.04455868165483105,8.434322072456283
5.670000080897144,0.3762876374937179,0.044674657365299734,8.422843278166757
5.679999913295563,0.3767530526420512,0.044790804829076575,8.411392786527397
5.68999974569398,0.37721848847370426,0.04490712126506921,8.399970379912146
5.700000151050193,0.3776840473393614,0.045023621374529546,8.388575503458329
5.709999983448613,0.37814957316033104,0.04514028095097272,8.377209117751013
5.7199998158470295,0.3786151843201493,0.04525711639778981,8.365870706217585
5.730000221203244,0.3790809060972162,0.04537413441281726,8.354559508470393
5.740000053601663,0.3795466286979388,0.04549131539485959,8.343276632111339
5.74999988600008,0.38001240172309547,0.04560866878356664,8.33202134283776
5.759999718398499,0.3804782147613174,0.0457261934155013,8.320793539580626
5.770000123754712,0.3809440922881553,0.04584389589354631,8.309592473832112
5.77999995615313,0.3814100537266943,0.0459617705818692,8.298419510347395
5.789999788551548,0.38187603571520273,0.04607981431050417,8.28727375379531
5.800000193907762,0.3823420692712739,0.04619803459396072,8.276154443186115
5.81000002630618,0.3828081692067532,0.0463164253853406,8.265062902024258
5.819999858704598,0.38327430015177383,0.04643498672322792,8.25399827152423
5.8300002640608115,0.3837405192723165,0.046553728718006955,8.242959905462651
5.84000009645923,0.38420679739212144,0.04667264024900095,8.231949067855563
5.849999928857648,0.3846730783694639,0.04679171943706949,8.220964798842527
5.859999761256066,0.385139404231832,0.04691097075109871,8.210007127657056
5.87000016661228,0.3856058968550429,0.047030411558136344,8.199075536015215
5.879999999010698,0.38607235628737807,0.0471500123160366,8.188170847116993
5.889999831409117,0.3865388275335203,0.0472697814595584,8.177292460389797
5.90000023676533,0.38700544658851405,0.04738973826343185,8.166439840566616
5.910000069163749,0.3874720986293021,0.04750986210517864,8.155614044332642
5.919999901562167,0.38793875978668735,0.04763015461035684,8.144814203528384
5.929999733960583,0.3884054664287372,0.047750619436212186,8.134040375069686
5.940000139316798,0.38887228894772563,0.04787126877609009,8.123291880284418
5.949999971715217,0.38933916081701697,0.047992087020913246,8.112569904437722
5.959999804113634,0.38980606091659026,0.04811307610303893,8.10187359631261
5.970000209469847,0.3902730271316352,0.0482342440149266,8.091202321132286
5.980000041868267,0.3907400399017818,0.04835558086893278,8.080557256894048
5.989999874266684,0.391207116993394,0.04847709250341087,8.069937712660233
6.000000279622897,0.3916742383982384,0.04859878115779089,8.059342828507313
6.010000112021316,0.39214144112536714,0.04872064244244115,8.048774019937142
6.019999944419734,0.3926086611644818,0.04884267328663536,8.038230398660628
6.029999776818152,0.3930759307319345,0.04896487780286838,8.02771186960683
6.040000182174365,0.39354330595340914,0.049087265833619574,8.01721789287098
6.0500000145727855,0.3940107261084287,0.04920982294731222,8.006749516865495
6.059999846971202,0.3944781500564105,0.049332548438042315,7.996305938904476
6.070000252327415,0.3949456851952753,0.04945545843884458,7.985886647550857
6.0800000847258335,0.3954132849899472,0.049578539966260105,7.975492728487759
6.089999917124252,0.39588089409232224,0.04970179028920966,7.965123424905453
6.099999749522671,0.39634858103225173,0.04982521758388912,7.954778729564649
6.110000154878884,0.3968163464259132,0.049948825924679266,7.944457934292501
6.1199999872773025,0.3972841295358949,0.05007260059628097,7.934162092739443
6.129999819675721,0.3977519691068747,0.05019654970449505,7.92389061496106
6.140000225031934,0.3982199259371799,0.05032068451650062,7.913642864031389
6.150000057430352,0.39868788573267416,0.05044498379810186,7.903419839093614
6.159999889828771,0.39915590207600377,0.05056945789627332,7.893220902125179
6.169999722227188,0.3996239828260198,0.05069410772299167,7.883045994411998
6.180000127583402,0.4000921311334498,0.05081893786893282,7.872894395497361
6.1899999599818205,0.40056033916048034,0.05094393894672824,7.862767336843423
6.199999792380239,0.40102860021795944,0.051069114562730535,7.852664054422906
6.210000197736451,0.40149689249600745,0.05119446635206824,7.842583800656946
6.22000003013487,0.4019652402607769,0.05131998908573166,7.832527781509877
6.229999862533289,0.40243371532018196,0.05144569517909465,7.822495427833464
6.240000267889502,0.4029022061858786,0.051571575493359646,7.812485896184348
6.250000100287919,0.4033707496204818,0.05169762657851376,7.802500352852333
6.259999932686339,0.4038393283235731,0.05182385039308883,7.792538093183224
6.269999765084756,0.40430798372583143,0.05195025165431333,7.782599137655237
6.280000170440969,0.40477672264671033,0.05207683571730122,7.772682749851359
6.290000002839389,0.40524549263059834,0.052203588098523546,7.762790018681872
6.299999835237806,0.4057143355327379,0.05233051755809034,7.752920369693805
6.31000024059402,0.40618324972101655,0.052457628356562896,7.743073075285142
6.320000072992438,0.4066522108312388,0.052584909428295086,7.733249239228049
6.329999905390856,0.40712122720800975,0.052712365940150066,7.723448188044863
6.339999737789275,0.4075902653249237,0.05283999378397909,7.71366981970584
6.350000143145488,0.4080594143483368,0.052967808004915067,7.703913560298202
6.359999975543906,0.40852859628427474,0.05309579086126345,7.694180454939239
6.369999807942325,0.4089978398246169,0.05322395004682707,7.684469857362629
6.380000213298538,0.4094671826114544,0.05335229422161123,7.674781161436783
6.390000045696956,0.40993651082708277,0.05348080142404689,7.665115329456536
6.399999878095374,0.41040596607245095,0.05360949316705859,7.655471854463138
6.410000283451588,0.41087546660428387,0.053738363399459914,7.6458500150083335
6.420000115850006,0.4113449997115041,0.05386740271838581,7.6362508484394676
6.429999948248424,0.4118146246271644,0.05399662218157678,7.62667381752765
6.4399997806468425,0.4122842677131307,0.054126012993561665,7.617118736644657
6.450000186003056,0.4127540308590455,0.05425559192707756,7.607585065403197
6.460000018401474,0.41322379828845796,0.05438533641527285,7.5980737736581085
6.469999850799893,0.4136936567036456,0.054515261195417046,7.588584327253003
6.4800002561561065,0.4141635743237036,0.05464536675218155,7.5791160154885295
6.490000088554525,0.41463355612342834,0.05477564539120348,7.569669935646529
6.499999920952943,0.41510356223135214,0.05490609637674662,7.560245393936864
6.50999975335136,0.41557367804730677,0.05503673024642229,7.5508424317108025
6.520000158707574,0.4160438514815144,0.05516754474142449,7.541460353756023
6.529999991105993,0.41651402339352955,0.05529852452003924,7.532100123984176
6.53999982350441,0.4169843118377218,0.05542968819446376,7.522761275055658
6.550000228860624,0.4174546963121679,0.055561037418395125,7.513443155652043
6.560000061259043,0.41792509256699634,0.05569255346292486,7.504146723048238
6.56999989365746,0.4183955329014049,0.055824244667069214,7.494871366315448
6.5799997260558785,0.4188660534323927,0.0559561154663727,7.48561707583354
6.590000131412092,0.4193366886662798,0.05608817444963745,7.476383262265196
6.599999963810511,0.4198072892649134,0.056220394852443234,7.467170772577193
6.609999796208928,0.4202780293105608,0.05635280215751787,7.457979252492109
6.620000201565142,0.4207488004538946,0.05648538768065331,7.448807872801489
6.630000033963562,0.421219637903869,0.0566181469444447,7.4396577888213375
6.639999866361978,0.42169055084373436,0.056751085522059506,7.430528367247188
6.650000271718191,0.4221615397681702,0.056884207904201796,7.421418972364506
6.66000010411661,0.4226325503626447,0.05701749886098395,7.412330579302989
6.669999936515028,0.4231036080856061,0.05715096559720577,7.4032626336989225
6.679999768913447,0.4235747780512785,0.05728461645881895,7.3942151355029155
6.69000017426966,0.42404599137141874,0.057418447202664286,7.385187374968623
6.700000006668079,0.4245172452238712,0.057552449062738174,7.3761803735077045
6.709999839066497,0.4249886061519733,0.057686634444000164,7.367193635893856
6.72000024442271,0.4254600340504071,0.05782100300000286,7.358226457095289
6.7300000768211286,0.42593150754206094,0.05795554303306408,7.349279900613886
6.739999909219547,0.4264030142187573,0.05809025781721719,7.340353275078374
6.749999741617965,0.4268746273010128,0.05822515626712081,7.331446657568952
6.7600001469741775,0.42734631412950314,0.05836023890301563,7.322559368539888
6.769999979372597,0.4278180086332777,0.05849548868555961,7.313692358961184
6.779999811771015,0.42828979852179017,0.05863092084835536,7.304845162325367
6.790000217127228,0.4287616768946266,0.05876653936655232,7.2960171130761085
6.8000000495256465,0.4292335919832646,0.05890232865197742,7.287209212378987
6.809999881924065,0.4297055792095788,0.059038297781464875,7.278420878599336
6.819999714322482,0.430177603952211,0.05917444216680952,7.269652035579209
6.8300001196786955,0.43064974183426297,0.05931077620368664,7.260902139525442
6.8399999520771155,0.4311219245313657,0.05944728257445645,7.2521721071336565
6.849999784475532,0.43159416989265614,0.059583967419155254,7.243461430765784
6.860000189831745,0.4320665035930648,0.059720838811865296,7.234769507410571
6.870000022230165,0.43253886786722684,0.059857880680677766,7.2260972648644275
6.879999854628582,0.43301132549877025,0.05999510534799305,7.217444206275659
6.890000259984796,0.4334838398795017,0.060132512736468385,7.208809679702742
6.900000092383214,0.43395641904941995,0.06027009506812769,7.200194699525317
6.909999924781633,0.43442902896549135,0.060407852467653546,7.191598628640442
6.919999757180051,0.4349017332286584,0.06054579295608998,7.1830215114048475
6.930000162536264,0.4353745530348061,0.060683923926793976,7.174462771392634
6.9399999949346824,0.4358473748484702,0.060822221745039144,7.165923281716017
6.949999827333101,0.4363203078664037,0.060960705500598754,7.157402531408009
6.960000232689314,0.4367932746163877,0.06109936905977059,7.148899920539175
6.970000065087732,0.4372662982052182,0.06123820677932725,7.140416436113381
6.979999897486151,0.43773941507381553,0.0613772280794274,7.131951519663663
6.989999729884569,0.43821257590562446,0.06151642650074434,7.123505067387524
7.000000135240782,0.43868584413264566,0.06165581472695461,7.11507659213303
7.0099999676392,0.43915917142888455,0.06179537760385264,7.106667010664971
7.019999800037619,0.4396325219971983,0.06193511513594878,7.098275687906552
7.030000205393832,0.4401059926224822,0.06207504421611716,7.08990220112019
7.04000003779225,0.4405794962054132,0.062215144735409136,7.08154739620274
7.049999870190669,0.4410530996695033,0.062355429999676894,7.0732107800682105
7.060000275546883,0.44152677132740964,0.06249590041735345,7.0648917509605065
7.070000107945301,0.442000487342305,0.06263654374360453,7.056591263266107
7.079999940343719,0.442474251270409,0.0627773650464075,7.048308748596163
7.089999772742136,0.44294809540179875,0.06291836892782368,7.040044154830574
7.10000017809835,0.44342205140136176,0.06305956390669101,7.0317969857433775
7.110000010496769,0.44389603105089515,0.06320092904255646,7.023568130651955
7.119999842895187,0.4443701183931845,0.06334248059787317,7.015357058941973
7.1300002482514,0.4448442510320551,0.06348421464227802,7.007163174950992
7.140000080649818,0.4453184661303723,0.06362612692824596,6.998987485637432
7.149999913048237,0.44579271546874166,0.06376821581157822,6.990829362169488
7.159999745446655,0.4462670421252884,0.06391048709328959,6.982688795250086
7.170000150802868,0.4467415079113923,0.06405295359045116,6.97456530682125
7.179999983201287,0.447215973784071,0.06419558783043414,6.966459672670102
7.189999815599705,0.4476905237171634,0.06433840524046494,6.958371474143927
7.200000220955919,0.4481651647608468,0.06448141161257281,6.950300149345086
7.210000053354336,0.44863986604515543,0.06462459411872205,6.942246557416789
7.219999885752754,0.4491146276301094,0.06476795678596728,6.934210216237904
7.229999718151173,0.44958946503746405,0.06491150210536285,6.926191051744586
7.240000123507386,0.45006437277512534,0.06505523365323315,6.918188553039772
7.249999955905806,0.4505393181412848,0.06519913847870958,6.910203549520918
7.2599997883042215,0.45101438280672873,0.06534323152204446,6.9022356608514635
7.270000193660435,0.4514895301044286,0.06548751298684294,6.894284261415411
7.280000026058855,0.4519647081633089,0.06563196666461779,6.886350221270502
7.289999858457273,0.45243997076883025,0.06577660426649307,6.878433081400425
7.300000263813486,0.4529153180344089,0.06592143073739226,6.870532283176071
7.310000096211905,0.4533907385377029,0.06606643534462424,6.862648728854036
7.319999928610324,0.45386620545638323,0.06621161874747396,6.854781895416183
7.32999976100874,0.454341773188216,0.06635698875839031,6.846931750361684
7.340000166364954,0.45481740984996794,0.06650254578640145,6.839097728841678
7.349999998763373,0.45529307368833755,0.06664827456384229,6.831280729589076
7.359999831161791,0.45576886190979615,0.06679419333541295,6.823480292981644
7.370000236518004,0.45624473070521926,0.06694030088958941,6.815695846030693
7.380000068916423,0.4567206191721906,0.06708657927121106,6.807928264247982
7.38999990131484,0.45719662492516894,0.06723304681866986,6.800177093836696
7.399999733713258,0.45767268121555377,0.06737969467595008,6.7924421951842335
7.410000139069472,0.4581488259139932,0.06752653209225554,6.78472315575254
7.419999971467892,0.45862501687066914,0.06767354472396109,6.777020750743745
7.42999980386631,0.45910131839394164,0.06782074556511287,6.769334582928918
7.440000209222523,0.4595776875713165,0.06796813396053898,6.761664044479118
7.45000004162094,0.4600541236493859,0.06811570001578494,6.754010067323308
7.459999874019358,0.46053063053033044,0.06826344933142835,6.746372107485977
7.470000279375572,0.46100719900954884,0.06841138520808665,6.738749662900481
7.4800001117739905,0.46148388152885395,0.06855950572387735,6.73114364895621
7.48999994417241,0.4619605953255026,0.06870780417448674,6.723553472213021
7.499999776570828,0.4624373972914403,0.06885628823668957,6.715979166664314
7.510000181927041,0.4629142979484574,0.06900496454176752,6.708420198785311
7.520000014325459,0.4633912208578222,0.06915381278696503,6.700877394646965
7.529999846723877,0.4638682716410024,0.0693028524826748,6.6933503459610995
7.54000025208009,0.46434543657392374,0.0694520866229025,6.685838527719645
7.5500000844785085,0.46482256210874145,0.0696014844507849,6.678342649967714
7.559999916876928,0.4652998256628143,0.06975107521362589,6.670862409471759
7.569999749275344,0.4657771862250823,0.06990085350526173,6.663397696424712
7.580000154631558,0.46625459664382135,0.07005081751223748,6.655947970376925
7.589999987029977,0.4667320791886342,0.0702009609190361,6.648514109755902
7.599999819428395,0.46720965397033615,0.07035129117300964,6.641095652691897
7.610000224784608,0.46768731461764224,0.07050181239180206,6.633692081822635
7.620000057183026,0.46816500351540474,0.07065250677373339,6.626304216136536
7.629999889581444,0.4686428061158146,0.0708033916312776,6.6189315980279995
7.639999721979862,0.4691206671943688,0.0709544587756087,6.611574174329883
7.650000127336075,0.46959862345945913,0.07110571855068845,6.604231460296697
7.659999959734495,0.47007664296670665,0.07125715671406545,6.596904292055737
7.669999792132914,0.4705547756392088,0.07140878518112097,6.5895922251820345
7.680000197489127,0.4710329660191245,0.0715606011812941,6.582294701882021
7.690000029887545,0.47151122682559643,0.07171259654263402,6.575012613652571
7.699999862285963,0.471989594309289,0.07186478184133717,6.5677454549482395
7.710000267642176,0.4724679992420113,0.0720171518173896,6.5604927065156025
7.720000100040594,0.4729465023328449,0.07216970537387407,6.553255273563231
7.729999932439013,0.47342505032592225,0.0723224402176685,6.546032585474953
7.739999764837432,0.4739037084660449,0.07247536522628016,6.538824702523935
7.750000170193645,0.4743824660298979,0.07262848410906747,6.5316311065712105
7.760000002592062,0.4748612890841459,0.07278178226949004,6.524452607190503
7.769999834990481,0.47534015004495517,0.07293526082036535,6.51728868449084
7.780000240346694,0.4758191766346096,0.07308894270972469,6.510139003164162
7.790000072745112,0.47629817636675115,0.0732427908430446,6.5030041985624605
7.799999905143532,0.47677732805017076,0.07339683582054,6.495883953579717
7.809999737541948,0.4772565681190978,0.07355106851540323,6.488778174842554
7.820000142898162,0.4777358834470265,0.07370549213681114,6.481686365518862
7.82999997529658,0.47821523014565687,0.07386009046074897,6.474609320980888
7.8399998076949995,0.47869467464721316,0.07401487792475406,6.4675466347978015
7.850000213051213,0.47917422589708586,0.0741698612981515,6.460497802077299
7.860000045449631,0.4796538638777298,0.07432502724234413,6.453463680729921
7.86999987784805,0.48013354283973847,0.07448037458867293,6.446443717440134
7.880000283204262,0.48061334863305727,0.074635920633806,6.439437532915828
7.890000115602681,0.4810932014518046,0.07479164393911504,6.432445873812371
7.899999948001099,0.4815731439930138,0.07494755586731375,6.42546829473112
7.9099997803995175,0.4820531869847549,0.07510365776502992,6.418504788314192
7.920000185755731,0.48253329236906994,0.0752599493057859,6.411554841852296
7.930000018154149,0.4830134998192984,0.07541642652633529,6.404619286099838
7.939999850552566,0.4834937602371453,0.07557308713971782,6.397697626712972
7.95000025590878,0.48397412015875646,0.07572994294818503,6.390789446255031
7.960000088307198,0.4844545659281301,0.0758869818933457,6.383895548896648
7.969999920705617,0.4849350753317524,0.0760442063255722,6.37701540674346
7.979999753104035,0.4854156947965688,0.0762016225934008,6.370149063447984
7.990000158460249,0.48589638476573593,0.07635923015192363,6.36329601279375
7.999999990858666,0.48637716355717797,0.07651702170364148,6.356457069656582
8.009999823257084,0.48685803815223005,0.07667500343182802,6.349631775172948
8.020000228613299,0.48733897614566635,0.07683317553160247,6.342819657964255
8.030000061011716,0.48782001448107437,0.07699153363208328,6.336021526888952
8.039999893410135,0.48830109878349665,0.07715007477115872,6.329236883203125
8.049999725808554,0.488782287937398,0.07730880750179038,6.322465754320144
8.060000131164767,0.48926359565010313,0.07746773908954659,6.3157076920052235
8.069999963563184,0.48974492779223655,0.07762684551480054,6.308963407496193
8.079999795961603,0.4902264044344405,0.07778614978450776,6.3022325413010245
8.090000201317816,0.49070796203103073,0.07794564771562924,6.295514585000191
8.100000033716235,0.4911895658309525,0.07810532379522657,6.288810313605943
8.109999866114654,0.491671290780462,0.07826519454360016,6.282119320697026
8.120000271470868,0.4921531326088974,0.07842526436098665,6.275441168340178
8.130000103869286,0.49263496416334474,0.07858550405569725,6.268776539426293
8.139999936267703,0.49311692394066386,0.0787459396770442,6.262125081789023
8.149999768666122,0.49359899733576434,0.07890656911184431,6.2554867470682165
8.160000174022334,0.4940811642815616,0.07906739437519618,6.248861091046112
8.170000006420754,0.4945633548200854,0.07922839489922585,6.242248823154157
8.179999838819171,0.495045691820281,0.07938959427252082,6.235649600638299
8.190000244175383,0.4955281262820356,0.07955099028399697,6.229062950857061
8.200000076573803,0.4960105850086678,0.07971256187471971,6.222489571822106
8.209999908972222,0.49649317241594565,0.07987432987921783,6.215929112228159
8.21999974137064,0.49697581919265943,0.0800362840751188,6.209381469112411
8.230000146726853,0.4974586042332696,0.080198441254716,6.202846295395012
8.23999997912527,0.4979414134811505,0.08036077421936288,6.196324242993316
8.249999811523688,0.4984243829618672,0.08052330868911844,6.1898149874363275
8.260000216879902,0.49890743323113024,0.08068603785705925,6.1833180371922385
8.270000049278321,0.49939051324630446,0.0808489435435311,6.17683412248201
8.279999881676739,0.4998737136604487,0.08101204524533392,6.170362841064552
8.289999714075158,0.5003569995734812,0.08117533717123464,6.163904173480762
8.300000119431372,0.5008403924506294,0.08133882815541614,6.157457684215232
8.309999951829788,0.5013238390588509,0.08150249970711748,6.151024089572447
8.319999784228207,0.5018074243851336,0.08166637015274146,6.144603016475423
8.33000018958442,0.5022910942912326,0.08183043607074886,6.138194031582117
8.34000002198284,0.5027748374618332,0.08199468601740313,6.131797825960583
8.349999854381258,0.5032586785779158,0.0821591287443244,6.125414013870993
8.360000259737472,0.50374260396954,0.08232376715100104,6.119042184325193
8.37000009213589,0.504226602278009,0.0824885897641091,6.1126830234331235
8.379999924534307,0.5047107166610851,0.08265360789346979,6.106336184520758
8.389999756932726,0.5051949013597926,0.08281881496816727,6.100001570343313
8.400000162288938,0.5056791941312881,0.08298422184621443,6.093678808827153
8.409999994687357,0.5061635662700652,0.08314981392635969,6.087368598543599
8.419999827085777,0.5066480342897972,0.08331559895251012,6.081070539726738
8.430000232441989,0.5071326589796621,0.08348159158035073,6.074784265361648
8.440000064840406,0.5076172789575357,0.08364775651488165,6.068510383386388
8.449999897238825,0.5081020480775409,0.08381412275731553,6.062248596799783
8.459999729637243,0.5085868638237305,0.08398067475497595,6.055998779571561
8.470000134993457,0.5090718299426928,0.08414743374229601,6.049760608288309
8.479999967391874,0.5095568623791819,0.08431437628261472,6.0435347427725725
8.489999799790292,0.5100419766344271,0.08448151002934502,6.03732078720257
8.500000205146506,0.5105271948545411,0.08464884363243039,6.0311183584668555
8.510000037544925,0.5110125197787767,0.08481636760599962,6.024928138311708
8.519999869943344,0.511497952722546,0.08498408700957603,6.018749753290992
8.530000275299557,0.5119834609558058,0.08515200204952689,6.012582777067547
8.540000107697976,0.5124690180172929,0.08532009835875558,6.006427885988287
8.549999940096393,0.512954761834851,0.08548840287523965,6.0002847705957105
8.55999977249481,0.5134405067521737,0.08565688627300343,5.994153291023786
8.570000177851025,0.5139264189143841,0.08582558047706623,5.988033125528492
8.580000010249444,0.5144123640158892,0.08599445338837663,5.981924923606983
8.589999842647861,0.5148984951659441,0.08616353480573434,5.975828363203092
8.600000248004076,0.5153846759563588,0.08633280821284668,5.969742982131646
8.610000080402493,0.5158709283266011,0.0865022671500235,5.963669454257315
8.61999991280091,0.5163573014574314,0.0866719241730852,5.95760745343853
8.62999974519933,0.516843775559826,0.08684177657074046,5.951556911537963
8.640000150555542,0.5173303685842122,0.08701183254976466,5.945517447737187
8.649999982953961,0.5178169812373055,0.08718206552971111,5.939489711457187
8.65999981535238,0.5183037566187259,0.08735250401927168,5.9334733724905915
8.670000220708594,0.5187906305423764,0.08752314284782542,5.92746802345051
8.68000005310701,0.5192775802558915,0.08769396797284168,5.921474330101118
8.68999988550543,0.5197645975760474,0.0878649836278883,5.9154918844265785
8.699999717903847,0.5202517294678499,0.08803619718882297,5.9095206980828205
8.71000012326006,0.5207390300889332,0.0882076226705328,5.903560421687848
8.71999995565848,0.521226340796806,0.08837922430683172,5.8976116263165155
8.729999788056896,0.5217138209411453,0.08855103298314419,5.891674025309837
8.74000019341311,0.5222013891727447,0.08872304111600819,5.885747181388314
8.750000025811529,0.5226890277453179,0.08889523482792754,5.879831790276217
8.759999858209948,0.5231767928213783,0.08906762909254853,5.873927465586346
8.77000026356616,0.523664649476965,0.08924022365588931,5.868033808344298
8.78000009596458,0.5241525780208902,0.08941300434672776,5.862151505258894
8.789999928362997,0.5246406535178476,0.08958598913283253,5.856280190643909
8.799999760761414,0.5251288010122221,0.08975916566088975,5.85041981112168
8.810000166117629,0.5256170541553581,0.08993254487340126,5.844570004054408
8.819999998516048,0.5261054006959056,0.09010611419916129,5.838731426516255
8.829999830914465,0.526593875879958,0.09027988487877586,5.832903714787039
8.84000023627068,0.5270824289900652,0.09045385404894521,5.827086468917701
8.850000068669097,0.5275710811759861,0.0906280144810609,5.821280364541538
8.859999901067514,0.5280598531182041,0.09080237494398409,5.815485040385385
8.869999733465933,0.5285487227321952,0.09097693183891159,5.809700459761279
8.880000138822146,0.5290377180575903,0.09115169540935611,5.803926253721531
8.889999971220567,0.5295268071944451,0.0913266498010954,5.798163059169766
8.899999803618984,0.5300159420179709,0.0915017923164585,5.792410493828507
8.910000208975198,0.5305052298433621,0.09167714622194836,5.786668234185874
8.920000041373616,0.5309946298634709,0.09185269390701394,5.780936924953093
8.929999873772033,0.5314841488385683,0.09202844221104181,5.775216183924489
8.940000279128247,0.5319737369453068,0.09220438839171827,5.769505619247601
8.950000111526665,0.5324634231095406,0.09238052607071379,5.763805920546069
8.959999943925084,0.5329532401900955,0.09255686673971984,5.7581167012580385
8.969999776323503,0.5334431338233306,0.09273340105998885,5.752437932026762
8.980000181679715,0.5339332116083239,0.09291015270948441,5.746769282339358
8.990000014078133,0.5344233104355256,0.09308708356049512,5.741111333541956
8.999999846476552,0.5349135471423306,0.09326421864252937,5.735463770865764
9.010000251832764,0.5354038837200865,0.09344155719292654,5.729826212277809
9.020000084231183,0.5358943241375398,0.0936190890868704,5.724199299143749
9.029999916629603,0.5363848727426251,0.09379682046430506,5.718582677829144
9.039999749028018,0.5368755410008357,0.09397475323381214,5.7129763316863675
9.050000154384232,0.5373663342437065,0.09415289402326717,5.707379893292626
9.059999986782652,0.537857192514164,0.0943312220134004,5.701793966347194
9.069999819181069,0.5383481730164683,0.09450975205252611,5.6962182348893275
9.080000224537283,0.5388392725138169,0.09468848939304098,5.690652327097092
9.090000056935702,0.5393304644086047,0.09486741878973644,5.685096857162029
9.099999889334118,0.5398217933349824,0.09504655285643501,5.679551515670085
9.109999721732537,0.5403131800440044,0.09522587878942768,5.674016211903859
9.12000012708875,0.5408047491275622,0.09540542291023064,5.66849066469124
9.12999995948717,0.5412963903122341,0.09558515575025163,5.662975449101668
9.139999791885588,0.54178812740249,0.09576508712618512,5.65747020820439
9.150000197241802,0.5422800035285974,0.09594522940410881,5.651974641121391
9.16000002964022,0.5427719523506286,0.09612556084180465,5.646489316654047
9.169999862038637,0.5432640503539933,0.09630610003769649,5.641013914397393
9.18000026739485,0.5437562739595904,0.09648684845104842,5.635548084415456
9.190000099793268,0.5442485813375485,0.09666778781268189,5.6300924398121825
9.199999932191687,0.5447409715197095,0.09684892402579236,5.624646602936307
9.209999764590107,0.5452335187717364,0.09703026938167562,5.619210605579386
9.220000169946319,0.545726183363779,0.0972118230507903,5.613784066971496
9.230000002344736,0.5462189071582739,0.09739356399931219,5.608367583325438
9.239999834743156,0.5467117831762396,0.09757551337520481,5.602960868614462
9.250000240099368,0.5472047683015308,0.09775767014876675,5.597563520783581
9.260000072497787,0.5476978862234966,0.09794002686639822,5.592176189318605
9.269999904896206,0.548191086856653,0.09812258066249847,5.586798504028405
9.279999737294622,0.548684387161849,0.0983053346044931,5.581430441891513
9.290000142650838,0.5491778410443724,0.09848830359652512,5.576071685569661
9.299999975049255,0.5496713992939499,0.09867146801981276,5.570722827226798
9.309999807447674,0.5501650929074419,0.09885483895087678,5.565383533534776
9.320000212803887,0.5506588751227921,0.09903841411918024,5.560053440073703
9.330000045202306,0.5511527970002668,0.09922219100325824,5.554733184456369
9.339999877600725,0.5516467890521054,0.09940616351311835,5.549422385457077
9.350000282956938,0.5521409604339285,0.09959035612576353,5.544120755394029
9.360000115355355,0.5526351654964524,0.09977473228953007,5.53882884789703
9.369999947753774,0.553129572647586,0.09995932716081954,5.53354637689471
9.379999780152191,0.5536240132581662,0.10014411146703892,5.528273256889239
9.390000185508406,0.5541186921979802,0.10032912652543062,5.5230092335900745
9.400000017906823,0.5546133755272086,0.1005143204480335,5.517754813991375
9.40999985030524,0.5551081937263584,0.10069972168707576,5.512509711311381
9.420000255661455,0.5556031751143645,0.1008853409906409,5.507273600491747
9.430000088059872,0.5560982831216942,0.10107116066995132,5.502047066993101
9.439999920458291,0.5565934613608807,0.1012571765246803,5.496829760261163
9.44999975285671,0.5570887529819982,0.10144339638793531,5.491621661124242
9.460000158212925,0.5575842039533853,0.10162983409625977,5.486422455686226
9.46999999061134,0.5580797710653311,0.10181647048705204,5.481232735682994
9.47999982300976,0.558575436610839,0.10200330852965926,5.47605214637154
9.490000228365972,0.5590712848741707,0.10219036876802405,5.4708803932715355
9.50000006076439,0.5595672004404941,0.102377619465553,5.465718028624134
9.50999989316281,0.5600632064335083,0.10256507068239495,5.460564719618935
9.51999972556123,0.5605593728186775,0.10275273466800994,5.455420477419145
9.530000130917442,0.5610556601831558,0.10294061029569979,5.450284961119889
9.539999963315859,0.5615520729138883,0.1031286870038614,5.445158754836687
9.549999795714278,0.5620486181996157,0.10331697186415742,5.440041534885527
9.56000020107049,0.5625452770847412,0.10350546751989502,5.434932961165681
9.57000003346891,0.5630420355401919,0.10369415995155994,5.4298336165046655
9.579999865867329,0.5635389640203129,0.10388306718818274,5.424743216326775
9.590000271223541,0.5640359922576362,0.10407218330613567,5.419661376743529
9.600000103621959,0.5645331549587509,0.10426150246192215,5.414588718064243
9.609999936020378,0.5650304071691776,0.10445102266010955,5.409524892904337
9.619999768418795,0.5655277762172698,0.10464074896024902,5.404469882302761
9.63000017377501,0.5660253555810802,0.1048307038601828,5.39942340114412
9.640000006173427,0.5665229959265196,0.10502084913954682,5.394385977338177
9.649999838571844,0.5670208011188766,0.10521120921657101,5.3893573255269605
9.660000243928058,0.567518721879988,0.1054017814478751,5.384337096433669
9.670000076326476,0.5680167212514275,0.1055925475884455,5.379325854181617
9.679999908724897,0.5685148687315376,0.10578352558086808,5.374323323123943
9.689999741123314,0.5690131544267923,0.10597471425709885,5.36932945198931
9.700000146479528,0.5695116069011255,0.10616612451300375,5.36434394222772
9.709999978877946,0.5700101200293856,0.10635772575765269,5.35936732351925
9.719999811276363,0.5705088124132663,0.10654954487896752,5.354399336583958
9.730000216632577,0.571007619989347,0.10674157685449345,5.349439616839514
9.740000049030995,0.5715065643503756,0.10693381358667844,5.344488756001614
9.749999881429414,0.5720055993706493,0.10712625291683942,5.339546411790293
9.759999713827833,0.5725048125462459,0.10731891042736387,5.334612607101816
9.770000119184045,0.5730041388904,0.10751178081507752,5.32968698449874
9.779999951582463,0.5735035820709052,0.10770485248533118,5.324770136508133
9.789999783980882,0.5740031744825682,0.10789813788984615,5.319861729852757
9.800000189337094,0.5745029124209243,0.10809164198838403,5.314961470218602
9.810000021735513,0.5750027422304281,0.10828534340729624,5.3100698962338475
9.819999854133933,0.5755027441501834,0.10847926276416842,5.3051867194314735
9.830000259490147,0.5760028532408358,0.1086733942611774,5.3003116094498175
9.840000091888562,0.576503131065948,0.1088677370779047,5.2954451570294685
9.849999924286982,0.577003473479437,0.10906227885307658,5.290586988896025
9.859999756685399,0.5775039965483639,0.10925704035844665,5.2857371447524955
9.870000162041613,0.5780046834886392,0.10945202461812134,5.280895310116925
9.879999994440032,0.5785054581854194,0.10964720617467459,5.276062002563252
9.889999826838451,0.5790063541214109,0.1098425972322282,5.271236921840814
9.900000232194664,0.5795074321249811,0.11003821449784679,5.266419804878976
9.910000064593081,0.5800086144787698,0.11023403241820642,5.261611153607538
9.9199998969915,0.5805099213098477,0.1104300606323853,5.256810672615028
9.929999729389918,0.5810114031428283,0.1106263081327418,5.252018375644118
9.940000134746132,0.5815130086273966,0.11082277208741338,5.2472339183928565
9.94999996714455,0.5820147464714907,0.1110194420139916,5.242457860652374
9.959999799542967,0.5825166096604012,0.11121632245834417,5.237689907239843
9.970000204899181,0.583018654522034,0.11141343026050313,5.232929756842057
9.9800000372976,0.5835208161149733,0.11161074154863249,5.228177933579215
9.989999869696017,0.584023106466117,0.11180826449893197,5.223434144903446
10.000000275052232,0.5845255261314031,0.11200600519785622,5.218698096578404
