AoA_deg,CL,Cd,CL/Cd,C_MLE
-7.999999990858666,-0.24025816377815484,0.03193762465448647,-7.522731147897198,0.061949486615567505
-7.990000158460249,-0.2398028942049821,0.031834991540718234,-7.53268283103718,0.061743428107908706
-7.979999753104035,-0.23934767330500398,0.031732525030545834,-7.542660821179755,0.06153739774317664
-7.969999920705617,-0.23889249285788042,0.03163023003602096,-7.552663783533228,0.06133138797642377
-7.960000088307198,-0.23843735302037272,0.031528103166593775,-7.562692616186746,0.061125395103807115
-7.95000025590878,-0.23798223726629258,0.03142614304381367,-7.572747216688434,0.06091941258912017
-7.939999850552566,-0.23752717656650238,0.0313243500053523,-7.58282858306451,0.060713464709379196
-7.930000018154149,-0.23707215688674582,0.031222728569913823,-7.592935266880814,0.060507529872337006
-7.920000185755731,-0.23661716154015455,0.03112127324103094,-7.603068155585406,0.06030160849060234
-7.9099997803995175,-0.23616220736109395,0.031019983412817715,-7.613228034916026,0.06009570968835556
-7.899999948001099,-0.23570728762945725,0.030918863923482306,-7.623413596721512,0.059889830113875636
-7.890000115602681,-0.23525241912930658,0.030817913741870068,-7.633625724952503,0.05968397041687708
-7.880000283204262,-0.23479759138431605,0.030717132055841413,-7.643864373714052,0.05947813431359448
-7.86999987784805,-0.23434277418158872,0.030616512111252152,-7.654130337578959,0.05927230098117481
-7.860000045449631,-0.23388802898063824,0.030516066829474806,-7.664422492178149,0.0590665018306023
-7.850000213051213,-0.23343328407993041,0.030415784660686864,-7.674741476640206,0.0588607071662307
-7.8399998076949995,-0.23297858004478925,0.030315667577513226,-7.685088228688788,0.05865492845645287
-7.82999997529658,-0.23252394718536407,0.0302157251904557,-7.695461410233234,0.0584491880379515
-7.820000142898162,-0.23206935174090604,0.030115950565902806,-7.705861756980512,0.05824346338788943
-7.809999737541948,-0.23161476219543023,0.030016336777080644,-7.716290096141333,0.058037744877742534
-7.799999905143532,-0.23116019854885417,0.029916891650547,-7.726745186264283,0.057832038876644114
-7.790000072745112,-0.2307056916209075,0.02981761640220404,-7.737227835684893,0.05762635925640664
-7.780000240346694,-0.23025127731142628,0.02971851546866724,-7.747738192178014,0.05742072482320115
-7.769999834990481,-0.22979679362843675,0.02961956606398483,-7.758276847541409,0.05721505761548029
-7.760000002592062,-0.22934242760251852,0.02952079647196132,-7.76884281629551,0.05700944719325655
-7.750000170193645,-0.22888806847248833,0.02942219055607328,-7.779436681856499,0.05680384235783462
-7.739999764837432,-0.2284337278448433,0.02932374721522316,-7.790059236571716,0.05659824582994852
-7.729999932439013,-0.22797944174181198,0.02922547551855648,-7.80070940495248,0.056392676159065465
-7.720000100040594,-0.22752521484826727,0.029127373712445215,-7.811387909341543,0.056187134143262873
-7.710000267642176,-0.2270710051240794,0.029029436988501387,-7.822094696980264,0.05598160047109863
-7.699999862285963,-0.22661683891920575,0.02893166540662741,-7.832830766364883,0.05577609195353727
-7.690000029887545,-0.2261626689471593,0.028834058499600863,-7.843594718041166,0.05557057593204303
-7.680000197489127,-0.22570857699574867,0.02873662367272697,-7.854387473151956,0.055365103934884786
-7.669999792132914,-0.22525450311325762,0.028639350843276335,-7.865209806811688,0.05515964128165767
-7.659999959734495,-0.22480045122570427,0.02854224591537716,-7.876060345503254,0.05495418536430097
-7.650000127336075,-0.2243464543231142,0.028445310054833965,-7.886940022472668,0.05474875875651045
-7.639999721979862,-0.22389247846425162,0.028348536472410767,-7.8978496361583685,0.05454334437336853
-7.629999889581444,-0.22343856841013116,0.028251936251329157,-7.908787787938575,0.0543379577278237
-7.620000057183026,-0.22298466384622279,0.028155498377978292,-7.919755525287711,0.05413257595133369
-7.610000224784608,-0.2225308242357076,0.028059231106697186,-7.930752749051412,0.053927224543506076
-7.599999819428395,-0.22207698872904327,0.027963124287134614,-7.941780269210381,0.0537218802998531
-7.589999987029977,-0.2216231906477828,0.027867186520414117,-7.952836949845391,0.05351655305733541
-7.580000154631558,-0.2211694462239186,0.027771417509136566,-7.963923561019372,0.053311248152656344
-7.569999749275344,-0.22071571660475825,0.027675810062208313,-7.975040878971362,0.053105956303095975
-7.559999916876928,-0.2202620090134693,0.02758036978997053,-7.98618766502422,0.05290066996464277
-7.5500000844785085,-0.21980835180569022,0.02748509792046486,-7.997364697108293,0.05269541193999376
-7.54000025208009,-0.21935478505233622,0.027389999055815642,-8.008572202041067,0.05249019744732339
-7.529999846723877,-0.21890114043537523,0.027295050478139633,-8.019810793560952,0.05228494535779548
-7.520000014325459,-0.21844758026316283,0.027200276564512668,-8.031079380573814,0.05207973423901144
-7.510000181927041,-0.2179940900225817,0.027105672985991012,-8.042378808865852,0.05187455467002397
-7.499999776570828,-0.21754058949403843,0.027011227893747786,-8.053709751728537,0.05166937745654523
-7.48999994417241,-0.2170871375594507,0.026916952861447116,-8.065071060490745,0.05146421798961081
-7.4800001117739905,-0.2166337402952456,0.02682284619685838,-8.07646357531658,0.051259088838106696
-7.470000279375572,-0.21618032871966503,0.026728900144314904,-8.087887176519137,0.05105395100409014
-7.459999874019358,-0.2157269916641481,0.02663512253613794,-8.099342939813944,0.05084885033160825
-7.45000004162094,-0.21527367454883464,0.026541511213444554,-8.11082959133797,0.05064376196318542
-7.440000209222523,-0.21482039168834852,0.02644806582793883,-8.122347890612842,0.05043869042614583
-7.42999980386631,-0.2143671199750502,0.026354781569384984,-8.1338985645045,0.050233619376229326
-7.419999971467892,-0.21391389748697281,0.026261667234708342,-8.145480466840151,0.0500285762654857
-7.410000139069472,-0.2134607203115185,0.026168719640507716,-8.157094548144924,0.04982355456777724
-7.399999733713258,-0.21300755411249406,0.026075933188693553,-8.168741366650437,0.04961854123179172
-7.38999990131484,-0.21255443789592346,0.025983316535953708,-8.180419832156801,0.049413548080072416
-7.380000068916423,-0.21210133756201932,0.025890863512205965,-8.192130689732556,0.04920856534347892
-7.370000236518004,-0.21164830337370685,0.02579857991578666,-8.203874169221038,0.0490036162050871
-7.359999831161791,-0.21119525320996327,0.025706453665079614,-8.215651056406003,0.048798655551944084
-7.349999998763373,-0.21074224612078096,0.025614496759421162,-8.227459945831992,0.04859372100596827
-7.340000166364954,-0.21028931961745367,0.025522710771757762,-8.239301910287288,0.04838882441698755
-7.32999976100874,-0.2098363789570004,0.02543108246726994,-8.251177637721948,0.04818391965619092
-7.319999928610324,-0.20938346294402202,0.025339620698009033,-8.263085917480744,0.047979024951393674
-7.310000096211905,-0.2089306134581549,0.025248328195793524,-8.27502763105573,0.04777416771755246
-7.300000263813486,-0.20847776023347006,0.025157196684435376,-8.287002834558834,0.04756930743141089
-7.289999858457273,-0.20802494874182362,0.025066229439965438,-8.299012391953532,0.04736446909419756
-7.280000026058855,-0.20757217903150496,0.024975430798951006,-8.311055000509668,0.047159649117729095
-7.270000193660435,-0.20711944594485943,0.024884797817661192,-8.323131554553479,0.04695484486332413
-7.2599997883042215,-0.20666671813094417,0.024794324463564783,-8.335242947822215,0.0467500506770121
-7.249999955905806,-0.20621401896028616,0.02470401852051716,-8.347387644201346,0.04654526371067112
-7.240000123507386,-0.2057614012932113,0.024613882851419116,-8.359566937702724,0.04634052030772869
-7.229999718151173,-0.20530877923282181,0.024523905945707924,-8.371781382922574,0.046135771010227165
-7.219999885752754,-0.2048561946636424,0.024434096708769983,-8.384029788591064,0.045931045723964246
-7.210000053354336,-0.20440364668848676,0.024344453009595143,-8.396312975605692,0.04572633779005682
-7.200000220955919,-0.20395110599293295,0.024254971586465758,-8.408631000282737,0.04552162594146807
-7.189999815599705,-0.2034986028163028,0.024165653517958123,-8.420984876948506,0.04531693958138223
-7.179999983201287,-0.20304614272380225,0.024076503800963274,-8.433373234019077,0.04511227399909896
-7.170000150802868,-0.20259372866920158,0.02398752011956736,-8.445797133649494,0.04490763234783581
-7.159999745446655,-0.20214127235727422,0.023898691004223756,-8.45825707866379,0.044702967665086885
-7.149999913048237,-0.2016889027491487,0.023810034754133114,-8.47075213588834,0.04449834605826525
-7.140000080649818,-0.20123658808188258,0.0237215462923438,-8.483282902465438,0.0442937511775293
-7.1300002482514,-0.20078426376518899,0.02363321747783225,-8.49584970618253,0.04408915113320478
-7.119999842895187,-0.20033198402863936,0.023545052897898953,-8.508453342507293,0.0438845761750259
-7.110000010496769,-0.19987970036327532,0.023457050843341317,-8.521092514919221,0.043679995424626014
-7.10000017809835,-0.19942750122732103,0.02336921945982017,-8.533768171855563,0.04347546030105232
-7.089999772742136,-0.19897525999549237,0.02328154237156667,-8.54648102002457,0.04327089966967766
-7.079999940343719,-0.19852311694910446,0.02319403935611809,-8.559229977194047,0.04306638871223996
-7.070000107945301,-0.19807099097750303,0.023106699024025644,-8.572015880397059,0.042861887252127945
-7.060000275546883,-0.19761889491032666,0.023019523096901473,-8.584838794376545,0.04265740223829378
-7.049999870190669,-0.19716679531763,0.022932505522282178,-8.59769967682138,0.04245291278941364
-7.04000003779225,-0.19671473022859035,0.02284565489550879,-8.610597119159948,0.04224844195045548
-7.030000205393832,-0.19626272223609617,0.022758971180670228,-8.62353226242437,0.04204400068149686
-7.019999800037619,-0.19581070002072945,0.02267244511428216,-8.636505636411552,0.0418395496720652
-7.0099999676392,-0.19535876525967652,0.022586091389220055,-8.649516283854135,0.04163514047697832
-7.000000135240782,-0.19490682104548918,0.022499897683652927,-8.662564771887686,0.04143073162305111
-6.989999729884569,-0.19445488791188642,0.022413863656809137,-8.675652305612768,0.04122632452964508
-6.979999897486151,-0.1940030156262376,0.022327999355885468,-8.688777374722562,0.041021946255415775
-6.970000065087732,-0.19355117015589748,0.022242298310672894,-8.701941114737346,0.04081758518701276
-6.960000232689314,-0.19309936201913847,0.022156762742825208,-8.715143284262851,0.04061324061097291
-6.949999827333101,-0.19264756480303336,0.02207138637462537,-8.728385319035187,0.040408903022390724
-6.9399999949346824,-0.1921957845601212,0.021986175219640785,-8.741665280117846,0.04020456676894154
-6.930000162536264,-0.1917440570623765,0.021901130014384106,-8.75498464857493,0.040000263554584164
-6.919999757180051,-0.19129230872949776,0.021816241297760972,-8.768344011171637,0.03979594836805722
-6.909999924781633,-0.19084063585598088,0.021731523454337265,-8.78174216625812,0.03959167207244167
-6.900000092383214,-0.19038900372673007,0.02164697080459958,-8.795179955907546,0.03938741261256839
-6.890000259984796,-0.18993737003287917,0.02156257843882403,-8.808657581084624,0.03918315174994957
-6.879999854628582,-0.18948576349430785,0.021478347006326053,-8.822176280069332,0.03897890943816413
-6.870000022230165,-0.18903418513413575,0.02139428187871777,-8.835734062295396,0.03877467563136179
-6.860000189831745,-0.18858264538678907,0.021310381134727018,-8.849332360343295,0.03857046342650223
-6.849999784475532,-0.18813109962089622,0.02122663819876223,-8.862971981680383,0.038366245509394666
-6.8399999520771155,-0.18767961997827715,0.021143064803725544,-8.876651598078949,0.03816206500247995
-6.8300001196786955,-0.187228149608167,0.02105965284335409,-8.890372077868872,0.03795788200787859
-6.819999714322482,-0.18677668604493283,0.02097640022349861,-8.904134363135293,0.037753709939311215
-6.809999881924065,-0.18632530756414614,0.020893319029059727,-8.917937226966828,0.03754957655029258
-6.8000000495256465,-0.18587391831829775,0.02081039699703598,-8.9317814717697,0.0373454352943867
-6.790000217127228,-0.18542257550764904,0.020727640244360947,-8.945667394921818,0.03714132097569483
-6.779999811771015,-0.1849712064240914,0.020645039002380593,-8.959595881740027,0.036937191190761325
-6.769999979372597,-0.1845199187815391,0.020562608680409645,-8.97356564283278,0.03673310260006468
-6.7600001469741775,-0.18406865676984738,0.02048034146814922,-8.987577529217896,0.03652902316904025
-6.749999741617965,-0.18361738461957905,0.020398231244857512,-9.00163266194317,0.0363249436981983
-6.739999909219547,-0.18316614945157866,0.02031628745717758,-9.015729366777961,0.036120879348140664
-6.7300000768211286,-0.182714974820828,0.02023451010590401,-9.029868964681066,0.035916843666359624
-6.72000024442271,-0.18226379273387497,0.020152892382899856,-9.044051308909362,0.03571280643728355
-6.709999839066497,-0.1818126243599251,0.020071434195279056,-9.058277679164986,0.0355087736846596
-6.700000006668079,-0.1813614877335992,0.019990141466250094,-9.072546486966928,0.03530475913748493
-6.69000017426966,-0.1809104119220605,0.019909015084574995,-9.086858950758712,0.03510077327958571
-6.679999768913447,-0.18045935287589795,0.01982804875602963,-9.101215913695038,0.03489679823183527
-6.669999936515028,-0.18000829628120515,0.019747244941515592,-9.115615713195767,0.03469282016338199
-6.66000010411661,-0.17955729458751019,0.01966660662884629,-9.130059800155957,0.03448886963901642
-6.650000271718191,-0.17910631892506731,0.01958613096790933,-9.144548212126326,0.03428493383619509
-6.639999866361978,-0.17865532460495295,0.019505811685533617,-9.159081789836602,0.034080986431921964
-6.630000033963562,-0.17820436884538587,0.019425658500951272,-9.173659098179824,0.03387705855380312
-6.620000201565142,-0.1777534465273054,0.019345668373192484,-9.188281484945767,0.033673145740343184
-6.609999796208928,-0.1773025642029423,0.01926584076162358,-9.202949738695992,0.03346925504626149
-6.599999963810511,-0.17685166767961574,0.019186173609990954,-9.217662222524792,0.033265354862671494
-6.590000131412092,-0.17640086650589387,0.019106675717144157,-9.232420600911325,0.03306150421375756
-6.5799997260558785,-0.17595001499446392,0.019027331268544473,-9.24722508433646,0.032857628496734986
-6.56999989365746,-0.17549920768090232,0.018948152736428123,-9.262074784920976,0.0326537709414644
-6.560000061259043,-0.17504846428941295,0.018869140720094994,-9.276970630834942,0.03244994695394753
-6.550000228860624,-0.17459771724778542,0.01879028816682804,-9.291912699668778,0.03224611989733026
-6.53999982350441,-0.17414697288227046,0.018711593918925573,-9.306902107689073,0.03204229774947649
-6.529999991105993,-0.17369625890032983,0.018633064234821972,-9.321937428612605,0.031838483770298374
-6.520000158707574,-0.17324563181255595,0.01855470370847407,-9.33701957921502,0.03163471383999727
-6.50999975335136,-0.1727949615728981,0.018476496028630832,-9.35214995879837,0.03143092656663376
-6.499999920952943,-0.17234432240645273,0.018398453486634804,-9.367326581641706,0.031227153683315436
-6.490000088554525,-0.1718937392223625,0.018320576134862102,-9.382550961116722,0.031023406339332597
-6.4800002561561065,-0.17144315993876852,0.018242859110424604,-9.397822945461435,0.03081965996209089
-6.469999850799893,-0.17099260867829288,0.01816530279375546,-9.413143872122719,0.030615928766197373
-6.460000018401474,-0.1705420737487947,0.01808790936870395,-9.428512177525056,0.030412205206512336
-6.450000186003056,-0.1700915884194381,0.01801068084803408,-9.443928847254217,0.030208503580472577
-6.4399997806468425,-0.1696410787398246,0.017933607458593077,-9.45939511230571,0.03000479222918479
-6.429999948248424,-0.16919063819431046,0.017856702441088966,-9.474909421405613,0.02980111347098366
-6.420000115850006,-0.16874019422568376,0.017779956613590678,-9.490472777458962,0.029597433195573352
-6.410000283451588,-0.16828979199593425,0.01770337488545678,-9.506085313381876,0.02939377161305383
-6.399999878095374,-0.16783939583009125,0.017626951310213957,-9.521748422419282,0.02919011625089995
-6.390000045696956,-0.16738901650028054,0.017550690500969777,-9.537460448694674,0.028986468584851873
-6.380000213298538,-0.16693870376358277,0.01747459625405291,-9.553222365573363,0.02878284881621188
-6.369999807942325,-0.16648835067041495,0.01739865532877776,-9.56903551017759,0.028579213486417017
-6.359999975543906,-0.16603806914789526,0.017322882987498737,-9.58489815279123,0.028375610302291472
-6.350000143145488,-0.1655878087434462,0.017247271899892586,-9.60081163586674,0.028172018126806368
-6.339999737789275,-0.16513753859301675,0.017171817783794594,-9.616776783460894,0.027968421190593697
-6.329999905390856,-0.16468734184301648,0.01709653197190943,-9.63279231797461,0.027764860036914845
-6.320000072992438,-0.16423713837547935,0.01702140480103748,-9.648859203763772,0.027561296808343166
-6.31000024059402,-0.16378695484495442,0.016946439159668397,-9.664977598052484,0.0273577412571226
-6.299999835237806,-0.16333677315993006,0.016871631171944144,-9.681148876200126,0.027154185845140125
-6.290000002839389,-0.16288662840192822,0.016796988224395872,-9.697371113551917,0.026950645694305744
-6.280000170440969,-0.16243653064521582,0.01672250876441819,-9.713646016490356,0.026747132105954436
-6.269999765084756,-0.16198641624759422,0.016648185298938904,-9.729974368913268,0.026543609673176052
-6.259999932686339,-0.1615363518605096,0.01657402785953585,-9.746354551200408,0.026340110719333634
-6.250000100287919,-0.16108631639797488,0.016500032260120347,-9.762787966621827,0.026136625520592944
-6.240000267889502,-0.1606362976796116,0.016426197868339855,-9.779274483794259,0.025933148912711795
-6.229999862533289,-0.16018628315725014,0.016352520978955794,-9.795815786654261,0.025729673382672985
-6.22000003013487,-0.159736269455241,0.016279005093822692,-9.81240982078538,0.02552619863219985
-6.210000197736451,-0.15928633468367612,0.016205656495106534,-9.829057818902571,0.025322761353381837
-6.199999792380239,-0.1588364165864487,0.01613246666163107,-9.845761340652265,0.025119334330366356
-6.1899999599818205,-0.1583864933624661,0.01605943733421996,-9.862518223161599,0.02491589921864295
-6.180000127583402,-0.15793657363000102,0.015986567348616844,-9.879329951571227,0.02471246824989448
-6.169999722227188,-0.15748669335563123,0.01591385839045453,-9.896197986158723,0.02450905644730434
-6.159999889828771,-0.1570368453048393,0.015841313635349463,-9.913120143926436,0.024305659323753146
-6.150000057430352,-0.15658702284841602,0.015768929887622428,-9.930098235221816,0.02410227605940122
-6.140000225031934,-0.1561372238468082,0.015696707799183217,-9.947131961960384,0.023898902390717385
-6.129999819675721,-0.155687390474206,0.015624640071494859,-9.96422252044305,0.023695511019214157
-6.1199999872773025,-0.15523764081295321,0.015552740603643311,-9.981368864120833,0.02349216084650096
-6.110000154878884,-0.1547879048427375,0.015481001373070069,-9.998571869646517,0.023288816286331265
-6.099999749522671,-0.15433816002879283,0.015409418686193449,-10.015832730087148,0.02308547131282273
-6.089999917124252,-0.15388845825924582,0.015338001098483649,-10.033149513495575,0.02288213875796641
-6.0800000847258335,-0.15343879889785028,0.015266745992891621,-10.050524124085985,0.02267883408823636
-6.070000252327415,-0.15298910548105907,0.015195646783041784,-10.06795614990167,0.0224755077185892
-6.059999846971202,-0.1525394405468384,0.015124707341796812,-10.085447413934341,0.022272198963481128
-6.0500000145727855,-0.1520898422475644,0.015053934737778265,-10.102995987214607,0.02206891855133469
-6.040000182174365,-0.15164023612779873,0.014983320486299058,-10.120602857454763,0.021865633660410316
-6.029999776818152,-0.15119062504972985,0.014912862996965877,-10.138269565038625,0.02166234965321129
-6.019999944419734,-0.15074108493001315,0.014842572580825136,-10.15599446181944,0.02145909454950556
-6.010000112021316,-0.15029155642577952,0.014772442053995813,-10.173778707436323,0.021255848308191917
-6.000000279622897,-0.14984202535106525,0.014702469773573491,-10.191622744934614,0.02105260119079722
-5.989999874266684,-0.14939252049064147,0.014632657247454986,-10.20952776821345,0.020849363344335667
-5.980000041868267,-0.1489430340903047,0.014563007095059475,-10.227491693033226,0.020646134370962563
-5.970000209469847,-0.14849357120408796,0.014493517527745766,-10.24551637791297,0.020442916387827
-5.959999804113634,-0.14804411523247346,0.014424185824871448,-10.263602884067314,0.02023970280517732
-5.949999971715217,-0.14759470622517057,0.014355018865671015,-10.281749373254575,0.020036510496668408
-5.940000139316798,-0.14714528940644112,0.014286009989434155,-10.29995705695774,0.019833314077006947
-5.929999733960583,-0.1466958853154452,0.014217159066882422,-10.31822775741181,0.01963012535132524
-5.919999901562167,-0.14624654003322057,0.01414847409109129,-10.33655920006992,0.019426957611979746
-5.910000069163749,-0.14579722132026818,0.014079949958958103,-10.354953088985052,0.019223810985219872
-5.90000023676533,-0.14534788307204377,0.014011582797616025,-10.373409283694468,0.019020650413169027
-5.889999831409117,-0.14489853554587068,0.01394337178978534,-10.39192942212304,0.01881748424835478
-5.879999999010698,-0.14444930122003785,0.013875331119447332,-10.410512006995003,0.018614377123082792
-5.87000016661228,-0.14400003647955414,0.013807446363543916,-10.429157766620799,0.01841124687000368
-5.859999761256066,-0.14355072930561377,0.013739714965082889,-10.447868072257913,0.018208099540746984
-5.849999928857648,-0.14310153602181408,0.013672153854111963,-10.46664172659055,0.018005007425707577
-5.84000009645923,-0.14265234583300881,0.013604751195442338,-10.485479946211592,0.01780191756570654
-5.8300002640608115,-0.14220312773712532,0.01353750485345263,-10.504382401078702,0.017598808384100204
-5.819999858704598,-0.14175394559518711,0.013470418937149843,-10.523350925949769,0.017395721362023317
-5.81000002630618,-0.14130480088528935,0.013403496027945432,-10.542383911680794,0.01719264916108338
-5.800000193907762,-0.14085566649559006,0.013336732719470593,-10.561482295431455,0.016989581262091685
-5.789999788551548,-0.14040654231414232,0.013270127207195859,-10.580647805546691,0.016786518303703146
-5.77999995615313,-0.13995745027664075,0.01320368444090446,-10.599878458398964,0.016583470891208242
-5.770000123754712,-0.13950835479463114,0.013137399592897512,-10.619175721050132,0.016380424316565976
-5.759999718398499,-0.13905928776609391,0.013071274525566947,-10.63854083196699,0.016177384870899567
-5.74999988600008,-0.13861026185424916,0.013005312681249362,-10.657972264987748,0.015974368454626752
-5.740000053601663,-0.13816123039848582,0.012939509076551609,-10.677470805198888,0.01577134407739259
-5.730000221203244,-0.1377122234528092,0.012873865681482816,-10.697037460231407,0.015568334648405025
-5.7199998158470295,-0.1372631908011193,0.012808377140899146,-10.71667310316906,0.015365310567038841
-5.709999983448613,-0.13681422826609563,0.01274305451617982,-10.736376281870488,0.01516232365664674
-5.700000151050193,-0.13636530999816093,0.012677893873645983,-10.756148565151555,0.01495935229143886
-5.68999974569398,-0.1359163380474189,0.012612885536283472,-10.775990764082378,0.01475635755008414
-5.679999913295563,-0.13546742926095692,0.012548042304449513,-10.795901541782372,0.014553389906413942
-5.670000080897144,-0.1350185269870575,0.012483358058688467,-10.815881940763852,0.014350428425907
-5.660000248498725,-0.1345696369645641,0.012418832999531962,-10.83593256867499,0.014147468357720757
-5.649999843142512,-0.13412078100370114,0.012354467562996964,-10.856055133076568,0.013944527693099644
-5.640000010744094,-0.1336719364745974,0.012290263093921625,-10.876246948749804,0.013741588792587972
-5.630000178345675,-0.13322309517369121,0.012226216713359633,-10.896510204020663,0.013538651165905307
-5.619999772989462,-0.13277427395625677,0.01216232897840201,-10.91684612314292,0.013335727864519064
-5.609999940591044,-0.13232546177458512,0.012098601577597807,-10.93725261765819,0.01313279925401597
-5.600000108192626,-0.13187671623748032,0.012035038292621994,-10.957731336702645,0.012929905829723977
-5.590000275794208,-0.1314279463472664,0.01197163103173253,-10.978282407710171,0.012726999924500517
-5.5799998704379945,-0.1309791695784924,0.011908379805983041,-10.998907635838545,0.012524090213580232
-5.570000038039576,-0.13053045042241965,0.011845292614793565,-11.019605396611341,0.012321206525995103
-5.560000205641158,-0.1300817505062556,0.01178236560375185,-11.0403763455476,0.012118335064023966
-5.549999800284945,-0.12963304830001418,0.011719594960677138,-11.061222570828864,0.011915457885960297
-5.539999967886526,-0.12918438755419612,0.011656987400958062,-11.082141818526692,0.011712598524665522
-5.530000135488108,-0.12873570879813942,0.011594536304920468,-11.103135598748075,0.011509733532557716
-5.519999730131895,-0.12828705626432504,0.011532243960160251,-11.124205896745734,0.011306878047733844
-5.509999897733476,-0.1278384225392257,0.011470112691409457,-11.145350179076297,0.01110403249447115
-5.500000065335057,-0.12738983130698664,0.011408142858595528,-11.166570482679752,0.010901202616386755
-5.490000232936639,-0.12694125934839462,0.011346332886602573,-11.18786665410489,0.0106983867279712
-5.479999827580426,-0.12649265273481208,0.011284676099167662,-11.209240887661982,0.010495550960573995
-5.4699999951820075,-0.12604407101848358,0.011223181078690454,-11.230690312731788,0.010292726269214215
-5.460000162783589,-0.12559552499793933,0.011161847107038981,-11.252216930899833,0.010089916045756238
-5.449999757427376,-0.12514696720936663,0.011100668394668221,-11.273822688864048,0.00988710104945656
-5.439999925028958,-0.12469846716658697,0.011039654076522822,-11.295504940845344,0.009684310380311532
-5.430000092630539,-0.12424996157943125,0.010978796783205989,-11.317265820011674,0.009481520318851617
-5.420000260232121,-0.12380151336347561,0.010918102529030728,-11.339105218538949,0.00927875399088194
-5.409999854875908,-0.12335301782667249,0.010857560880557211,-11.361024744292477,0.009075964414979118
-5.4000000224774904,-0.12290456991572275,0.01079718194559445,-11.383022953120767,0.008873201103254886
-5.390000190079071,-0.12245614008804884,0.010736962730624812,-11.40510060063539,0.008670436841316995
-5.379999784722858,-0.12200769136131842,0.010676898351484039,-11.42725980381371,0.008467669172681646
-5.369999952324441,-0.12155929571301566,0.010616997064634887,-11.449498852922215,0.008264922737124522
-5.360000119926022,-0.12111090661385703,0.010557254738615896,-11.471818158451978,0.008062178770598097
-5.349999714569807,-0.12066252013626906,0.010497668609497754,-11.494220728886392,0.007859440124012197
-5.339999882171391,-0.12021416658388442,0.010438244447188832,-11.516703521563898,0.0076567092710903804
-5.3300000497729725,-0.11976584914189818,0.010378980832221567,-11.539268746897081,0.007453999884779991
-5.320000217374554,-0.11931751807013904,0.010319873868780602,-11.56191631673863,0.007251282009693324
-5.309999812018341,-0.11886918540814757,0.010260923448977144,-11.58464791197687,0.007048559645627024
-5.299999979619922,-0.11842087350756145,0.010202133517098932,-11.60746164604553,0.006845846931765319
-5.2900001472215035,-0.11797262372008042,0.010143506405058124,-11.630359267210855,0.0066431644271492
-5.279999741865289,-0.1175243048059239,0.010085029933296128,-11.653342189685794,0.0064404463246491486
-5.269999909466872,-0.11707603281624175,0.010026716204662145,-11.67640835010416,0.0062377493371034935
-5.260000077068454,-0.11662781231476974,0.009968564240230793,-11.69955968624721,0.006035077170587701
-5.250000244670035,-0.11617960074337969,0.009910570738256233,-11.722796175089055,0.005832407155805194
-5.239999839313822,-0.11573136503311397,0.00985273162134343,-11.74611970373896,0.005629726927752561
-5.230000006915404,-0.11528317811607298,0.009795055453423615,-11.769527866815563,0.005427065289195744
-5.2200001745169855,-0.11483500707046489,0.009737537973194151,-11.793022772962413,0.005224411670194373
-5.209999769160772,-0.1143868075862791,0.009680174375791063,-11.816606100851507,0.005021746119767027
-5.199999936762354,-0.11393866751529419,0.009622974716968925,-11.840275056981856,0.004819103807772898
-5.190000104363936,-0.11349052154670501,0.009565931673752024,-11.864032215295019,0.00461645724648594
-5.180000271965517,-0.11304240664561303,0.009509048990923995,-11.887877195028384,0.004413827103734243
-5.169999866609304,-0.11259428694742063,0.009452321988615814,-11.911812471372317,0.004211194317281411
-5.160000034210887,-0.11214619545989253,0.009395756069601842,-11.935835139730791,0.004008569955687517
-5.1500002018124675,-0.11169809950904297,0.00933934698649633,-11.959947485680333,0.0038059441539439838
-5.139999796456253,-0.11125001957691913,0.00928309581261953,-11.98415074265255,0.0036033276096443597
-5.129999964057837,-0.11080195682696428,0.009227004701805961,-12.008442653689935,0.003400711268386454
-5.120000131659417,-0.11035392179177508,0.009171073075461058,-12.03282548113676,0.0031981125701481634
-5.1099997263032035,-0.10990588953588872,0.009115297931429631,-12.057300854306934,0.002995512171785575
-5.099999893904785,-0.10945785790697544,0.009059681270929702,-12.081866307835673,0.002792908515204228
-5.090000061506368,-0.10900989262422899,0.009004227510755384,-12.106523573956641,0.002590340217603816
-5.08000022910795,-0.10856190258041155,0.008948928883469305,-12.131273361770695,0.0023877549049562425
-5.069999823751736,-0.10811389572079425,0.008893785209056112,-12.1561172413639,0.0021851618174223222
-5.059999991353318,-0.10766594064892251,0.008838804322279186,-12.181052631467196,0.0019825945593632357
-5.0500001589549,-0.1072180060151619,0.008783982208946826,-12.206081873202818,0.0017800337263326452
-5.039999753598686,-0.10677002963176982,0.008729313138449943,-12.231206274578538,0.0015774488718358012
-5.029999921200268,-0.10632213161232137,0.008674808517845125,-12.256424034444558,0.001374901674851222
-5.020000088801849,-0.10587423347140913,0.00862046135554561,-12.281736336918838,0.001172353915329628
-5.010000256403432,-0.10542633767243714,0.008566271462220477,-12.307144145197263,0.0009698076954525534
-4.999999851047218,-0.10497841017257466,0.00851223533718123,-12.33264894757216,0.0007672435585001787
-4.9900000186488,-0.10453058707229934,0.008458365713225552,-12.358248699137551,0.000564728444884
-4.980000186250382,-0.10408268242254307,0.008404647140445524,-12.383944344512447,0.00036216892955415246
-4.9699997808941685,-0.10363484774492285,0.00835109017243218,-12.409738801172606,0.00015964628768665534
-4.95999994849575,-0.1031870261869047,0.008297692006926186,-12.43562982342237,-4.287505481184225e-05
-4.950000116097332,-0.1027392294966939,0.008244453450465268,-12.461617997357472,-0.0002453826752396663
-4.940000283698914,-0.10229138054767539,0.008191368099374163,-12.4877040448824,-0.00044792136822557085
-4.9299998783426995,-0.10184359098670272,0.008138443368437012,-12.513890725304853,-0.0006504278352274628
-4.920000045944281,-0.10139581729209972,0.008085677823643703,-12.540175295582955,-0.0008529308164385201
-4.910000213545863,-0.10094802956235996,0.00803306857765491,-12.566558916621332,-0.0010554420778772042
-4.89999980818965,-0.10050026026953761,0.007980616842260884,-12.593044153848414,-0.0012579464801184006
-4.889999975791231,-0.10005252219091679,0.007928325672866863,-12.619628193797196,-0.0014604342963282064
-4.880000143392814,-0.09960477365514979,0.007876191025937122,-12.646312580172426,-0.0016629321415623582
-4.869999738036601,-0.09915702042675086,0.007824211832453564,-12.673100185690728,-0.001865436128837466
-4.8599999056381815,-0.09870933908779268,0.007772396175304115,-12.699988119677961,-0.002067901839586209
-4.850000073239764,-0.09826166188889308,0.0077207380904835525,-12.72697774970617,-0.0022703691203399268
-4.840000240841346,-0.09781395951299839,0.0076692350936034,-12.754069776082503,-0.002472849272118722
-4.829999835485132,-0.09736627578774462,0.00761788956713209,-12.78126637695539,-0.002675321892899844
-4.820000003086713,-0.09691862755077223,0.007566704821158627,-12.808564605263918,-0.0028777814849390176
-4.810000170688295,-0.0964709449775689,0.0075156746587570315,-12.83596607859601,-0.0030802588549544026
-4.799999765332082,-0.09602332473313999,0.007464804907063393,-12.863474120037646,-0.0032827044499529933
-4.789999932933664,-0.09557568161825974,0.007414091777569235,-12.89108423332668,-0.003485167192130941
-4.780000100535245,-0.09512805675803758,0.007363536812652039,-12.918799644565969,-0.00368762050278873
-4.770000268136827,-0.09468044884134273,0.00731314040565401,-12.946619863628273,-0.0038900692965874186
-4.759999862780615,-0.09423283321977796,0.00726289911156128,-12.974548010693908,-0.00409252121542729
-4.750000030382195,-0.09378526709762564,0.007212819345972461,-13.002580904787811,-0.004294952226926063
-4.740000197983777,-0.09333768914428255,0.007162896000612804,-13.030719577151094,-0.004497391352159685
-4.729999792627564,-0.09289013814525078,0.007113130278928557,-13.058967641914569,-0.004699815448030843
-4.719999960229146,-0.09244255154998206,0.007063519929142486,-13.087320836823153,-0.00490226328907717
-4.710000127830727,-0.09199502369399977,0.007014070944773299,-13.11578175047574,-0.005104681175791389
-4.699999722474514,-0.09154747662289707,0.006964776705943154,-13.144351999796083,-0.005307111440464288
-4.689999890076096,-0.09109997622195204,0.006915643344745617,-13.17302985139744,-0.005509521259292375
-4.6800000576776775,-0.09065247226025992,0.006866666816803562,-13.201816059929163,-0.005711936147413896
-4.670000225279259,-0.09020497965476136,0.0068178477755186165,-13.230711893959777,-0.005914341877441151
-4.659999819923046,-0.08975746545097651,0.00676918329504457,-13.259718571468454,-0.006116766029661904
-4.649999987524628,-0.08930999615822582,0.006720680153665995,-13.288832992522199,-0.006319169907438836
-4.64000015512621,-0.08886253526309965,0.006672334179828678,-13.318058248902233,-0.006521568885165274
-4.629999749769997,-0.08841506333279592,0.006624143155466983,-13.347396222834636,-0.006723973466981665
-4.619999917371578,-0.08796762820680977,0.006576112818229489,-13.376842922000481,-0.006926368657863721
-4.6100000849731595,-0.08752019561412033,0.006528239446572945,-13.40640096466817,-0.00712876022663844
-4.600000252574741,-0.08707278668595855,0.006480524319642744,-13.436071279300233,-0.007331140918451169
-4.589999847218528,-0.08662535350646207,0.006432963556960172,-13.465854848926883,-0.007533538760638745
-4.58000001482011,-0.08617795576772354,0.006385562896598794,-13.4957492648965,-0.007735921591130544
-4.570000182421691,-0.08573057846624393,0.006338320709282944,-13.525755858438199,-0.007938291801881776
-4.559999777065478,-0.08528317112748768,0.0062912319358466254,-13.555877767207278,-0.008140682000177653
-4.549999944667059,-0.08483578867245309,0.006244302837419184,-13.586110552497859,-0.008343062604481732
-4.5400001122686415,-0.08438841855747939,0.006197531364987146,-13.616456874140308,-0.008545438399009703
-4.530000279870222,-0.08394107724828997,0.006150918510259546,-13.646917465786418,-0.008747802926039942
-4.519999874514009,-0.08349370572930435,0.006104459316559399,-13.677494008816353,-0.008950183151433807
-4.510000042115592,-0.0830463923334245,0.006058161877815177,-13.708183110381736,-0.009152538608851207
-4.500000209717173,-0.08259907020946088,0.006012020450299236,-13.738986900044505,-0.009354898276145501
-4.48999980436096,-0.08215172139043457,0.005966033231113784,-13.769906771890016,-0.009557273031569957
-4.479999971962542,-0.08170441432755479,0.00592020656669167,-13.800939782615195,-0.009759632406990874
-4.470000139564124,-0.08125714095804312,0.005874538481184648,-13.832089315322174,-0.009961975225830411
-4.459999734207909,-0.08080981975828332,0.005829023048147429,-13.863355675693574,-0.010164342160839857
-4.449999901809492,-0.08036254508756421,0.005783668366066344,-13.8947360051042,-0.010366692958753603
-4.440000069411073,-0.07991528739503563,0.005738471559603515,-13.926232197020276,-0.010569036091329132
-4.430000237012655,-0.07946803868109563,0.005693431972871822,-13.957844593515215,-0.010771376384182837
-4.419999831656442,-0.0790207436788445,0.005648544968290186,-13.989575036129008,-0.010973741053147522
-4.409999999258024,-0.07857349246864463,0.005603818465902937,-14.021420027564039,-0.011176087525946796
-4.400000166859606,-0.07812628277145732,0.005559251311775273,-14.053382081499878,-0.011378414739056217
-4.389999761503392,-0.0776790332409225,0.005514837285502907,-14.085462402511995,-0.011580767309997334
-4.379999929104974,-0.07723180513544482,0.005470582237867515,-14.117657276193425,-0.01178310628919212
-4.370000096706555,-0.07678461700273584,0.005426486260242416,-14.149969855319538,-0.011985428364149352
-4.3600002643081375,-0.07633741417592145,0.00538254590166465,-14.182399104541352,-0.01218776398567162
-4.349999858951923,-0.07589020748207057,0.005338760952284613,-14.214947655522002,-0.012390102912639034
-4.340000026553505,-0.07544304604558123,0.00529513649711793,-14.247611196924545,-0.012592420243658468
-4.330000194155088,-0.07499588045469609,0.0052516682813554295,-14.280391760642587,-0.01279474474047176
-4.3199997887988735,-0.07454867722034551,0.005208353271222505,-14.313291233957992,-0.012997087590437188
-4.309999956400455,-0.07410152232260608,0.005165198892358123,-14.346305702233225,-0.013199410177242745
-4.300000124002038,-0.07365437668537964,0.0051222015649271925,-14.379437386788306,-0.013401727293747147
-4.2899997186458245,-0.07320722173689158,0.005079359431127108,-14.412687806313977,-0.013604053778293287
-4.279999886247405,-0.07276010568791083,0.005036677200115589,-14.446052982359289,-0.01380636682654978
-4.270000053848988,-0.07231299546242176,0.004994151624550831,-14.47953544440604,-0.014008676332311431
-4.26000022145057,-0.07186588901405809,0.004951782928352134,-14.513133966874793,-0.014210989038202853
-4.2499998160943555,-0.07141874920663802,0.0049095675368952965,-14.546851361128576,-0.014413314989579356
-4.239999983695937,-0.07097165713361685,0.004867512533462397,-14.580682976307148,-0.014615623983676662
-4.230000151297519,-0.07052457467772934,0.004825614702747378,-14.614630264114833,-0.014817927949325047
-4.219999745941306,-0.07007745978247086,0.004783870586554008,-14.648694715830546,-0.015020254008018142
-4.209999913542888,-0.06963039958562517,0.004742286821906479,-14.68287393836558,-0.015222554835830727
-4.200000081144469,-0.06918333019385013,0.0047008591180048845,-14.717167321366691,-0.015424863856690212
-4.190000248746051,-0.06873628206683012,0.004659589034468892,-14.751576063545443,-0.015627162642001594
-4.1799998433898375,-0.06828921392743102,0.004618473521124652,-14.7861005622485,-0.015829475417284113
-4.17000001099142,-0.06784216495141089,0.004577516401071067,-14.820736619433386,-0.0160317797087869
-4.160000178593001,-0.06739511279274171,0.0045367154572215585,-14.85548596296952,-0.01623409108780866
-4.149999773236788,-0.06694807864275187,0.004496070998432078,-14.890351746246619,-0.016436387651446956
-4.139999940838369,-0.06650105880670433,0.004455584912669997,-14.925326328671346,-0.01663869021857503
-4.130000108439951,-0.06605404838834894,0.004415255348690109,-14.960414103330503,-0.016840986770885122
-4.120000276041533,-0.06560705657886103,0.00437508364345766,-14.995611952920585,-0.017043276642117692
-4.10999987068532,-0.06516003790873696,0.004335065905513238,-15.030922096447926,-0.017245577907886753
-4.100000038286901,-0.06471301864038914,0.0042952050343699096,-15.066339819068101,-0.017447892626841346
-4.090000205888483,-0.06426605784328315,0.004255504383888138,-15.101866205708152,-0.01765017660972789
-4.07999980053227,-0.06381907024546712,0.004215957232718446,-15.137504182962651,-0.01785247276704256
-4.0699999681338515,-0.06337209124927408,0.004176567970464501,-15.17324552058615,-0.018054768780081894
-4.060000135735434,-0.06292515266337857,0.004137337220085046,-15.209094476974998,-0.018257048638431583
-4.049999730379221,-0.06247814499127349,0.004098258169771542,-15.245048604333373,-0.018459366328524317
-4.039999897980802,-0.062031222207653273,0.004059341240876523,-15.28110560970209,-0.01866164479597911
-4.030000065582383,-0.0615842606523961,0.004020578306335258,-15.317264323731061,-0.01886394142616454
-4.020000233183965,-0.061137321645827025,0.003981972686706507,-15.353526117828235,-0.019066234946830404
-4.009999827827752,-0.06069038828156949,0.003943523061397065,-15.389890546264184,-0.01926852497497518
-3.999999995429333,-0.06024343536727662,0.003905229301219974,-15.426350342208298,-0.01947083045411272
-3.990000163030915,-0.05979653216809863,0.0038670947639873085,-15.462908415112963,-0.01967311079171801
-3.979999757674702,-0.05934961096564502,0.0038291147287631976,-15.499564565101165,-0.019875405567828998
-3.969999925276283,-0.05890267900504059,0.0037912908275158715,-15.536312481634333,-0.02007770844948149
-3.9600000928778654,-0.05845579308311889,0.003753626053318232,-15.573153066604371,-0.020279992679622393
-3.950000260479447,-0.05800891168835973,0.0037161178029639546,-15.610084169584761,-0.02048227576295613
-3.939999855123233,-0.05756199770451203,0.0036787629298619157,-15.647107139538521,-0.020684575251806576
-3.9300000227248155,-0.05711511352806953,0.0036415667609352434,-15.684214316971898,-0.02088686435781326
-3.9200001903263972,-0.056668265315150484,0.003604528944042107,-15.721406651156718,-0.021089140659591502
-3.9099997849701835,-0.056221355307530405,0.0035676429673433545,-15.758683204052685,-0.021291446601351915
-3.899999952571766,-0.05577451960763665,0.0035309185800765394,-15.796036737394163,-0.021493722950344563
-3.890000120173347,-0.05532764843571999,0.003494347893045357,-15.833468827141141,-0.021696019742103587
-3.8799997148171337,-0.054880782403746824,0.0034579330156316954,-15.87097903737768,-0.02189831378963103
-3.869999882418716,-0.05443394466029248,0.0034216765239392776,-15.908559526142538,-0.02210059990513285
-3.860000050020297,-0.05398706719080671,0.0033855742609358278,-15.946206767263114,-0.022302908056148214
-3.850000217621879,-0.05354026062371816,0.003349631802385098,-15.983924139242687,-0.02250518112342943
-3.839999812265666,-0.053093433917914,0.003313843954094066,-16.021706107289717,-0.022707471012137357
-3.8299999798672477,-0.05264661519742351,0.00327821299738265,-16.059546844410953,-0.022909759817397516
-3.8200001474688285,-0.052199780517341324,0.0032427374405263392,-16.09744281635969,-0.02311205742181065
-3.8099997421126153,-0.05175294454463453,0.0032074174584853744,-16.135394040373406,-0.023314359489279905
-3.7999999097141974,-0.05130613159887242,0.0031722552368431698,-16.173393301709567,-0.023516654601103266
-3.790000077315779,-0.05085934536647652,0.0031372509804046098,-16.211436599795793,-0.023718937648635897
-3.780000244917361,-0.05041254615675474,0.0031024016128847745,-16.249522933260252,-0.02392123279493598
-3.7699998395611476,-0.04996572345097774,0.0030677068236862424,-16.287646220031395,-0.024123539911429796
-3.7600000071627293,-0.0495189105608477,0.0030331692848676027,-16.32579849990443,-0.024325848216379915
-3.7500001747643115,-0.04907215418359305,0.0029987905124733653,-16.36398207193171,-0.024528127297264925
-3.739999769408098,-0.04862537818918811,0.00296456639217786,-16.402188973567377,-0.024730423165281817
-3.729999937009679,-0.048178605246288725,0.0029304990030214013,-16.440410045052275,-0.02493271875727313
-3.7200001046112616,-0.04773184292966563,0.0028965884687362107,-16.478641493208443,-0.025135015366010004
-3.7100002722128425,-0.04728509026503013,0.002862834184729245,-16.516880550489223,-0.025337306009066623
-3.699999866856629,-0.046838288479971554,0.0028292328517114545,-16.555119686114992,-0.025539625117429847
-3.6900000344582113,-0.046391543300425345,0.0027957912854060804,-16.59334999096226,-0.02574192212119438
-3.680000202059793,-0.045944798025932536,0.002762505338828289,-16.631568953064875,-0.025944223010475363
-3.66999979670358,-0.04549803732413033,0.0027293745408043246,-16.669766880262035,-0.026146529164338985
-3.659999964305162,-0.04505128237473686,0.0026964003027807287,-16.70793551249665,-0.02634884066763953
-3.650000131906743,-0.04460456602191983,0.0026635842741043387,-16.74606899266164,-0.026551135056446438
-3.63999972655053,-0.044157813348463984,0.0026309217927614967,-16.784160391979793,-0.02675345140900426
-3.6299998941521108,-0.04371107652030409,0.002598416455895906,-16.822198158852476,-0.02695576322184158
-3.620000061753693,-0.04326437866493922,0.002566069122715503,-16.860176634351674,-0.027158058872241007
-3.6100002293552746,-0.04281765358518158,0.0025338764379869917,-16.8980826938813,-0.027360371428157507
-3.5999998239990614,-0.0423709250031072,0.0025018391356070807,-16.93591102644005,-0.027562690020613182
-3.5899999916006435,-0.041924227468251696,0.002469959955735818,-16.97364662568474,-0.02776499069732794
-3.5800001592022253,-0.04147753615823844,0.00243823693409394,-17.01128203672777,-0.027967297657468037
-3.569999753846012,-0.04103080504024305,0.002406667214762067,-17.04880707584639,-0.028169625706846425
-3.5599999214475937,-0.04058410560210507,0.002375255882322088,-17.08620359774855,-0.028371942216058443
-3.550000089049175,-0.040137409645893865,0.0023440005072015487,-17.12346457373981,-0.02857426006616265
-3.540000256650757,-0.03969073389791464,0.002312901723977853,-17.160579494770914,-0.028776575146036657
-3.529999851294543,-0.039244013819842584,0.002281956717112799,-17.19752768557999,-0.028978910900862798
-3.520000018896125,-0.03879731242704676,0.002251168845018484,-17.2342969799443,-0.029181244572785182
-3.510000186497707,-0.03835067865462729,0.0022205400422576774,-17.270879121655117,-0.029383544054847516
-3.4999997811414936,-0.03790396935237588,0.0021900630321380053,-17.307250428939888,-0.02958588501382247
-3.4899999487430753,-0.03745729722171136,0.002159744564240747,-17.34339228902256,-0.02978821124688112
-3.480000116344657,-0.0370106410621345,0.0021295824818970423,-17.379294475208702,-0.029990534675098678
-3.4700002839462387,-0.036563952652174034,0.002099574781851168,-17.41493228449623,-0.030192879864475695
-3.4599998785900254,-0.036117303820788586,0.0020697243568428927,-17.45029655827264,-0.030395204725872343
-3.450000046191607,-0.03567060840934371,0.002040027901926925,-17.48535320308646,-0.030597557335802952
-3.4400002137931893,-0.03522398564724939,0.002010490998596263,-17.520091197544772,-0.030799877747538056
-3.429999808436975,-0.03477732791031778,0.001981107819394851,-17.554485207645516,-0.03100221919839493
-3.4199999760385578,-0.0343306664974516,0.001951880923960175,-17.588504542478972,-0.03120456740633537
-3.410000143640139,-0.033884020366913736,0.001922810444884059,-17.62213246608241,-0.031406910183592505
-3.3999997382839258,-0.03343737758390132,0.0018938954918564675,-17.65534462048101,-0.0316092550785275
-3.3899999058855075,-0.03299072117937539,0.0018651364089305887,-17.68810099969645,-0.03181161562791255
-3.3800000734870888,-0.032544100889562236,0.0018365345398202748,-17.720385968208927,-0.03201395195377927
-3.370000241088671,-0.032097438331001406,0.001808086661771253,-17.752157023025568,-0.03221631985377001
-3.3599998357324576,-0.031650777257110026,0.001779794242110165,-17.78339119671729,-0.032418687249265596
-3.3500000033340394,-0.031204184322507284,0.0017516613167246158,-17.81405116649784,-0.03262102658999666
-3.340000170935621,-0.030757557647391923,0.0017236825307617425,-17.844096635242522,-0.03282338619307373
-3.3299997655794074,-0.030310925124207175,0.0016958591551287803,-17.873492048285943,-0.033025752519541846
-3.319999933180989,-0.029864295016629315,0.0016681918283687706,-17.902194764874196,-0.03322812086090909
-3.310000100782571,-0.02941768469930962,0.0016406811620309138,-17.930165458165558,-0.03343048380928845
-3.3000002683841525,-0.028971063652718895,0.001613325962540433,-17.95735290040175,-0.03363285767185268
-3.2899998630279392,-0.028524432382509398,0.0015861257755829077,-17.983714041861877,-0.03383523725067222
-3.2800000306295214,-0.02807783887151202,0.0015590831937759963,-18.009198600563035,-0.034037603522190624
-3.270000198231103,-0.027631212224632943,0.0015321949768225772,-18.033744166120275,-0.034239988779373356
-3.25999979287489,-0.027184576996092818,0.0015054618339952026,-18.05730067825781,-0.03444238337511367
-3.2499999604764715,-0.026737990738006943,0.00147888707994231,-18.079805483898046,-0.03464475656359266
-3.2400001280780533,-0.0262913968081632,0.0014524676961821703,-18.10119211413133,-0.034847138318444146
-3.2299997227218396,-0.02584478617326642,0.0014262030156452533,-18.121393581245187,-0.03504953265448067
-3.2199998903234213,-0.025398172575104388,0.0014000942378131014,-18.14033076428873,-0.03525193147181744
-3.210000057925003,-0.024951603560250536,0.0013741432659292385,-18.157934604713493,-0.03545431293963032
-3.2000002255265847,-0.024504981977066864,0.0013483456315513261,-18.17411011216233,-0.03565672534499556
-3.1899998201703714,-0.024058390383673096,0.0013227048747025793,-18.18878182412597,-0.03585912288399191
-3.179999987771953,-0.023611797359335163,0.0012972197773238226,-18.201848115549502,-0.03606152763635916
-3.170000155373535,-0.02316522636291421,0.0012718918327796537,-18.21320474421776,-0.036263928066116516
-3.1599997500173216,-0.022718611057489558,0.0012467169705850597,-18.2227495041061,-0.036466348872934914
-3.149999917618903,-0.022272038029263443,0.001221699965335204,-18.23036642483046,-0.03666875824897165
-3.1400000852204846,-0.021825426061376975,0.001196837444498427,-18.235915129245992,-0.0368711896318377
-3.130000252822067,-0.021378847195045587,0.0011721316817892952,-18.239287895034213,-0.037073607475088685
-3.119999847465853,-0.02093226629108231,0.0011475813002120782,-18.24033407237808,-0.037276029643353845
-3.110000015067435,-0.020485698686280914,0.0011231873577735355,-18.238897139021553,-0.03747844886559883
-3.100000182669017,-0.020039112756861696,0.0010989486509460017,-18.23480354574487,-0.03768088275004292
-3.0899997773128036,-0.019592505342592152,0.0010748642828356002,-18.22788760912694,-0.03788333006693989
-3.0799999449143853,-0.019145958198419934,0.001050938274501987,-18.217966423853692,-0.038085751389471297
-3.070000112515967,-0.018699380941229766,0.0010271667681015428,-18.204814955015365,-0.038288194274038456
-3.0600002801175488,-0.018252791882243973,0.001003550458655437,-18.188215375536945,-0.03849064660922748
-3.0499998747613355,-0.017806225643745437,0.0009800905269768529,-18.167939750085935,-0.03869309162248333
-3.0400000423629168,-0.01735965204905332,0.0009567863371206518,-18.14370813581575,-0.03889554461311083
-3.0300002099644985,-0.01691306632756369,0.0009336370712062993,-18.11524718669459,-0.0390980070224163
-3.019999804608285,-0.01646648288340095,0.0009106434898188887,-18.08224960426154,-0.03930047388962282
-3.009999972209867,-0.016019924745691347,0.0008878067146750797,-18.044383401126147,-0.03950293082706457
-3.0000001398114486,-0.015573353022381302,0.0008651252663130861,-18.001269444771197,-0.03970539844863675
-2.9899997344552354,-0.01512676853951058,0.0008425985593089036,-17.95252124798018,-0.03990787625743627
-2.979999902056817,-0.014680212062655741,0.0008202287681751015,-17.8977044359432,-0.040110342900201164
-2.970000069658399,-0.014233640504231702,0.0007980141384056827,-17.836326224330392,-0.04031282831813416
-2.960000237259981,-0.01378709123093911,0.0007759562349258801,-17.767872220597674,-0.040515303802295975
-2.9499998319037677,-0.01334049927680175,0.0007540515489606767,-17.69176032486003,-0.04071780251243253
-2.939999999505349,-0.012893948897538875,0.0007323047469499053,-17.60735397557229,-0.04092028398331431
-2.9300001671069307,-0.012447373854340348,0.0007107122639916921,-17.513942681149306,-0.0411227834544161
-2.9199997617507174,-0.012000810978324353,0.0006892759344632735,-17.410750003435364,-0.04132528559839806
-2.909999929352299,-0.011554232464625551,0.0006679946596921636,-17.29689346610969,-0.04152779329698157
-2.900000096953881,-0.011107689486258374,0.0006468703901616578,-17.171429787476406,-0.04173029391311413
-2.8900002645554626,-0.01066113977349266,0.0006259015062134631,-17.03325470166977,-0.04193279605617686
-2.8799998591992493,-0.010214539532985532,0.0006050861811169577,-16.881131732557538,-0.042135331207314206
-2.8700000268008314,-0.009767987577815416,0.0005844284588463178,-16.713743880812657,-0.04233784847691362
-2.860000194402413,-0.009321429551893802,0.0005639260353890932,-16.529525091818606,-0.0425403702219051
-2.8499997890462,-0.00887486844142844,0.0005435789552438026,-16.32673295353743,-0.042742897343659186
-2.8399999566477816,-0.00842828741805278,0.000523386908353143,-16.103359261645863,-0.042945441970339476
-2.8300001242493624,-0.007981739248638726,0.0005033517756824437,-15.857179082793726,-0.04314797068189919
-2.8199997188931496,-0.007535141937916608,0.0004834699176133919,-15.585544546624938,-0.043350532838854955
-2.809999886494731,-0.007088589681257931,0.00046374567569202387,-15.285511117014714,-0.043553075362082465
-2.800000054096313,-0.006642045078770456,0.0004441773706684996,-14.953587277024017,-0.043755617644520545
-2.7900002216978947,-0.006195478438619622,0.0004247639371374176,-14.585697835772933,-0.04395817526355234
-2.7799998163416815,-0.005748883780201156,0.0004055044940746107,-14.177114838937868,-0.04416075148290036
-2.769999983943263,-0.005302340740725286,0.0003864027480179575,-13.722316334248397,-0.04436330603429729
-2.760000151544845,-0.004855786505865251,0.000367456127512934,-13.214602077071998,-0.04456587403400842
-2.749999746188631,-0.004409213278347959,0.0003486644695650159,-12.646006872592356,-0.04476845124025171
-2.739999913790213,-0.003962645210926304,0.00033002867177703494,-12.006972574805378,-0.04497103427050634
-2.7300000813917946,-0.0035160782810039924,0.00031154836084688826,-11.285818585102374,-0.045173623748888406
-2.720000248993377,-0.003069510842022587,0.00029322322503526934,-10.46817093582332,-0.045376210154606814
-2.709999843637163,-0.0026229141615978107,0.00027505304863062853,-9.536030139117448,-0.04557882223532483
-2.7000000112387452,-0.002176350835639673,0.00025703950844353486,-8.466989564437961,-0.0457814222040145
-2.690000178840327,-0.0017298006146001309,0.00023918188458532156,-7.2321556358632675,-0.04598401858895907
-2.6799997734841137,-0.0012832067970333944,0.0002214782784296245,-5.793826853504001,-0.046186642879726306
-2.6699999410856954,-0.0008366248449946861,0.0002039305310723581,-4.102499221648361,-0.04638926381101675
-2.660000108687277,-0.00039009163346429156,0.00018654039123472987,-2.09119124754824,-0.04659186603389641
-2.650000276288859,5.650162546055376e-05,0.0001693031424465254,0.3337305181940132,-0.046794501426336524
-2.6399998709326447,0.000503088399777483,0.00015222202426210272,3.304964588509497,-0.04699714079376065
-2.630000038534227,0.0009496587839901759,0.0001352969051333602,7.019072483987058,-0.04719977770378362
-2.6200002061358085,0.0013962230471892946,0.0001185274384629175,11.779745393098299,-0.04740241302010222
-2.6099998007795953,0.0018428293525920097,0.00010191229409720135,18.082502890518448,-0.047605074374888576
-2.599999968381177,0.0022894099503905385,8.545331450912878e-05,26.79135342545392,-0.04780772843415024
-2.5900001359827587,0.0027359734354346927,6.91504099123762e-05,39.56554182255139,-0.04801038215743321
-2.5799997306265454,0.003182564331855622,5.300215923283729e-05,60.045937333886506,-0.04821304961121662
-2.5699998982281267,0.0036291430863770674,3.7009814846738394e-05,98.05893656603627,-0.048415718015494685
-2.5600000658297084,0.004075775984114357,2.1171308381161313e-05,192.51412859023256,-0.04861842036509209
-2.550000233431291,0.004522317349665817,5.490894928666853e-06,823.6029660767522,-0.04882107858538556
-2.5399998280750773,0.0049689347251423354,-1.0036002586707812e-05,-495.11094504134974,-0.049023778566282684
-2.529999995676659,0.005415530763941891,-2.5406976717898523e-05,-213.15132548324007,-0.04922647940971264
-2.5200001632782407,0.00586211213098239,-4.06218493711484e-05,-144.30933652040827,-0.04942917055295512
-2.5099997579220275,0.006308707767341884,-5.568180662059581e-05,-113.29926506027543,-0.04963187582670786
-2.499999925523609,0.006755297044277444,-7.058604682774092e-05,-95.7030085671628,-0.04983458685479209
-2.490000093125191,0.007201886130715848,-8.533493942858185e-05,-84.3955146501653,-0.050037298875231596
-2.480000260726772,0.007648489741820663,-9.992860039793594e-05,-76.53954634972196,-0.050240024490778766
-2.4699998553705593,0.008095133247013319,-0.00011436811268547978,-70.78138352492968,-0.050442775702733256
-2.4600000229721406,0.008541721704076691,-0.00012865050329357954,-66.39477876417276,-0.05064550401840033
-2.4500001905737223,0.008988312333397837,-0.00014277705946956238,-62.95347702768729,-0.05084823887271707
-2.439999785217509,0.00943493351028442,-0.0001567492772623257,-60.19124091076165,-0.05105099446611487
-2.4299999528190908,0.009881524153289158,-0.00017056551408464954,-57.93389247714565,-0.05125373546299048
-2.420000120420673,0.01032814097188697,-0.0001842267874378665,-56.06210212708781,-0.0514564968775212
-2.409999715064459,0.010774772533172935,-0.00019773288630867502,-54.49155542266627,-0.05165927235112057
-2.399999882666041,0.011221404169430738,-0.00021108380532542824,-53.16089575005852,-0.05186205314714932
-2.3900000502676226,0.0116680144729183,-0.00022427839749699342,-52.024691647240424,-0.05206483076467416
-2.380000217869205,0.01211463051710524,-0.0002373176552293857,-51.048163717088485,-0.05226761034241213
-2.369999812512991,0.012561254215784268,-0.0002502017502304286,-50.204501783923234,-0.052470401929634786
-2.359999980114573,0.013007901582163224,-0.0002629310501357493,-49.47267192462566,-0.05267321306896386
-2.3500001477161545,0.013454520223119932,-0.0002755042343579651,-48.835983426804084,-0.05287601042138551
-2.3399997423599412,0.01390118814568381,-0.00028792340878982267,-48.28085428729885,-0.0530788425969523
-2.329999909961523,0.014347794569784385,-0.00030018507535002376,-47.79649538890125,-0.05328164575137185
-2.320000077563105,0.014794424824623405,-0.0003122920189387694,-47.37368849481909,-0.05348446506197311
-2.310000245164687,0.015241061579434802,-0.00032424389064522634,-47.004930606729346,-0.053687295562445794
-2.299999839808473,0.015687733980234757,-0.00033604111344092606,-46.68397214733239,-0.05389014870673259
-2.290000007410055,0.01613437102800352,-0.0003476821216146765,-46.405523968484815,-0.054092989650206875
-2.2800001750116365,0.01658100009208001,-0.00035916714497972904,-46.16513599264716,-0.05429583214100426
-2.2699997696554233,0.017027697153053717,-0.00037049915671805617,-45.9588013745778,-0.05449871261081633
-2.2599999372570045,0.01747435622013673,-0.0003816743193762362,-45.783421448670616,-0.054701578020782515
-2.2500001048585867,0.017920970257859027,-0.0003926926800038308,-45.63611997474515,-0.05490442734000176
-2.2400002724601684,0.0183676416042868,-0.00040355744106404604,-45.51431775327317,-0.05510731532689135
-2.2299998671039547,0.01881433663807018,-0.0004142670482395758,-45.41596228331831,-0.055310214898689064
-2.2200000347055364,0.019260988065613875,-0.00042482029514833927,-45.33914289308683,-0.05551309926997453
-2.2100002023071186,0.019707663573260148,-0.00043521882928881537,-45.28219425952721,-0.05571600382851939
-2.1999997969509053,0.02015434880613706,-0.0004454619089490518,-45.2437086117775,-0.05591891524516527
-2.189999964552487,0.02060104161943035,-0.00045554993228902606,-45.22235689052833,-0.056121839158774244
-2.1800001321540687,0.02104769350664967,-0.0004654815086878086,-45.21703464866537,-0.05632474661833897
-2.169999726797855,0.021494395848365377,-0.0004752587921034364,-45.22671901183322,-0.05652768349263349
-2.1599998943994367,0.021941104654406584,-0.00048488099331183885,-45.25049436263574,-0.05673063166070851
-2.150000062001019,0.022387755350986263,-0.0004943460189291591,-45.287621410367784,-0.05693355146720042
-2.1400002296026006,0.022834448384513144,-0.0005036568849763112,-45.337310112592085,-0.05713650428702451
-2.1299998242463873,0.023281166271607732,-0.0005128127318168985,-45.3989630661517,-0.05733947076900857
-2.1199999918479686,0.02372788291679896,-0.0005218135082430584,-45.471959889828334,-0.05754244251794078
-2.1100001594495503,0.02417455126975142,-0.000530657429990833,-45.55585186128277,-0.05774539814875119
-2.0999997540933375,0.0246213023135626,-0.0005393481687191663,-45.65010830023359,-0.05794840194232722
-2.0899999216949188,0.025068025289830487,-0.000547882378552786,-45.75439231326783,-0.0581513931308463
-2.0800000892965005,0.025514739453965176,-0.0005562613972032056,-45.868254713070606,-0.05835438662707604
-2.070000256898082,0.025961457084789533,-0.0005644848429095453,-45.99141573221953,-0.05855738927611369
-2.059999851541869,0.026408187142015937,-0.0005725530284605665,-46.12356555517678,-0.058760401631808644
-2.0500000191434506,0.026854918137209107,-0.0005804660381787477,-46.26440889025699,-0.05896342136797981
-2.0400001867450324,0.027301631532674845,-0.000588223164467226,-46.41373067550455,-0.05916643867688253
-2.029999781388819,0.027748406654774092,-0.0005958263603659051,-46.57129744600997,-0.05936948883423279
-2.019999948990401,0.028195156516276836,-0.0006032731995786075,-46.736961854051266,-0.059572536883623024
-2.0100001165919825,0.028641896655135755,-0.0006105650199037133,-46.9104775436572,-0.059775582990402656
-2.0000002841935642,0.02908868089064132,-0.0006177019965407488,-47.09177087583266,-0.059978660026973614
-1.989999878837351,0.029535448249162266,-0.0006246830708620077,-47.280692605301354,-0.06018172881635225
-1.9800000464389327,0.02998218290973046,-0.0006315083505604983,-47.477096515223636,-0.06038479259225686
-1.9700002140405146,0.030428944620573075,-0.0006381785834956859,-47.68092412925476,-0.0605878729814498
-1.959999808684301,0.030875747881889647,-0.0006446941238765557,-47.89208826076046,-0.06079097858462735
-1.949999976285883,0.03132249823440975,-0.0006510535357046996,-48.11048019347029,-0.060994065396812326
-1.9400001438874646,0.0317692795773593,-0.0006572581643217182,-48.33607447104864,-0.06119717596958866
-1.9299997385312513,0.03221607698146107,-0.0006633073151318299,-48.56885525988544,-0.0614002961061777
-1.919999906132833,0.03266288596544908,-0.0006692018649781021,-48.808719274142916,-0.061603430539479455
-1.9100000737344143,0.03310964957463453,-0.0006749394768499848,-49.05573123261486,-0.061806545159537235
-1.9000002413359962,0.03355646088147014,-0.0006805232311229707,-49.309794797301315,-0.062009694786505094
-1.8899998359797827,0.03400327390525869,-0.000685950801060391,-49.571009834370095,-0.062212849109682715
-1.8800000035813647,0.03445006266703031,-0.0006912231098059457,-49.83928080283924,-0.062415995894462686
-1.8700001711829464,0.03489687718363963,-0.0006963404791497747,-50.1146755481577,-0.06261916257582006
-1.8599997658267329,0.03534370976773322,-0.0007013025570548111,-50.397234991075166,-0.06282234048807922
-1.8499999334283146,0.03579055078403437,-0.0007061095062441691,-50.68696918471761,-0.06302553289883571
-1.8400001010298965,0.03623736974701715,-0.0007107606349162348,-50.983929000637225,-0.06322872066699087
-1.8300002686314782,0.03668421419547703,-0.0007152568757903714,-51.28816714266512,-0.06343192711870838
-1.819999863275265,0.03713106251325543,-0.0007195976969394829,-51.59975173791877,-0.06363513724258435
-1.8100000308768465,0.03757791568869206,-0.0007237831450076739,-51.91874934901066,-0.06383835809244395
-1.8000001984784286,0.038024749328164284,-0.0007278131173518997,-52.24521023544456,-0.06404158036975534
-1.789999793122215,0.03847162865957263,-0.0007316879933292443,-52.57928107378578,-0.06424482455122814
-1.7799999607237968,0.03891849163840966,-0.00073540763123525,-52.92097876797799,-0.06444806914956829
-1.7700001283253786,0.03936534398291741,-0.0007389714108271353,-53.270455942071614,-0.06465131525144067
-1.7599997229691648,0.03981224672433195,-0.0007423808045513141,-53.62779651663271,-0.06485459231876253
-1.7499998905707468,0.04025913234567389,-0.0007456343230820089,-53.99313188704428,-0.06505786804665162
-1.7400000581723285,0.04070599164074757,-0.0007487320505266356,-54.36656760200955,-0.06526113535103334
-1.7300002257739104,0.041152874622288685,-0.0007516750052563168,-54.74822806999654,-0.06546442049681556
-1.7199998204176967,0.04159978900041027,-0.0007544626140105137,-55.13830404302918,-0.06566772663461107
-1.7099999880192789,0.04204669594347926,-0.0007570949313178295,-55.5368873891298,-0.0658710372563653
-1.7000001556208602,0.042493587962245456,-0.0007595717661332887,-55.94413833806026,-0.06607434604944448
-1.689999750264647,0.04294053693135512,-0.0007618935743327374,-56.360282299220366,-0.0662776875857528
-1.6799999178662288,0.04338746103200129,-0.0007640600864399433,-56.78540444922408,-0.06648102952295966
-1.6700000854678105,0.04383437468414077,-0.0007660709779095712,-57.21973021841205,-0.0666843658260163
-1.660000253069392,0.04428129982966132,-0.000767926508154604,-57.66346044763222,-0.06688771680942568
-1.6499998477131788,0.044728249258464296,-0.0007696267780040173,-58.11680484203582,-0.06709108649531721
-1.6400000153147607,0.04517518906946623,-0.000771171709809904,-58.57993556402898,-0.06729445530871575
-1.6300001829163424,0.04562213835098712,-0.0007725615238440627,-59.053081137128565,-0.06749784038606146
-1.619999777560129,0.04606911823911901,-0.0007737960098834028,-59.53651563292605,-0.06770123927527187
-1.6099999451617106,0.04651607173020749,-0.0007748748553290713,-60.030431250028364,-0.06790463671543609
-1.6000001127632923,0.04696306098097847,-0.0007757989723598323,-60.535090473406804,-0.06810805983746593
-1.590000280364874,0.047410018474456805,-0.0007765670462737084,-61.05077301689505,-0.06831147016930052
-1.5799998750086608,0.047857020366297784,-0.0007771802049205706,-61.57776544397302,-0.0685149099034232
-1.5700000426102423,0.04830401290599603,-0.0007776380965042677,-62.11631493253486,-0.0687183527378565
-1.5600002102118242,0.04875099773112257,-0.0007779403523891521,-62.666755338506555,-0.068921797216075
-1.549999804855611,0.04919802605533605,-0.0007780874267821399,-63.22943201742703,-0.06912526699934665
-1.5399999724571927,0.049645025206551015,-0.0007780790579789658,-63.804602755280804,-0.06932873325068617
-1.5300001400587744,0.050092029503479296,-0.0007779152203646166,-64.3926589840994,-0.06953220500067789
-1.519999734702561,0.05053908091722764,-0.0007775961379807558,-64.99399681750785,-0.0697357057833025
-1.5099999023041426,0.05098611212728282,-0.0007771221347704969,-65.60887902432513,-0.06993920781052054
-1.5000000699057243,0.05143314407616798,-0.000776492420449577,-66.23779282531694,-0.07014271493171673
-1.4900002375073063,0.05188018426192766,-0.0007757074843212959,-66.88111860532086,-0.07034623429585075
-1.4799998321510925,0.0523272405300205,-0.0007747668075095571,-67.5393421902306,-0.07054976579880626
-1.4699999997526745,0.052774309301933345,-0.0007736713893735737,-68.21282268776108,-0.07075331003093664
-1.4600001673542562,0.05322135919657959,-0.000772420349604359,-68.90206766799977,-0.07095685311366666
-1.449999761998043,0.053668461830079145,-0.0007710136672744679,-69.60766599611273,-0.07116042585317714
-1.4399999295996246,0.054115530390126426,-0.0007694519086306481,-70.3299709613209,-0.07136399199427698
-1.4300000972012066,0.05456260355867614,-0.0007677346453951242,-71.06961224941831,-0.07156756355808742
-1.4200002648027878,0.055009699003206756,-0.0007658620926915466,-71.82715991319091,-0.07177115989532029
-1.4099998594465748,0.05545680185573865,-0.0007638338585542559,-72.60322547196891,-0.07197476091862057
-1.4000000270481565,0.055903920510810105,-0.000761651124640138,-73.39832989444265,-0.07217837774032954
-1.3900001946497382,0.056351055734078455,-0.0007593127658542009,-74.21323368728754,-0.07238201085551019
-1.3799997892935247,0.05679819883814409,-0.0007568187364953786,-75.0486161338461,-0.07258565266684332
-1.3699999568951065,0.057245292462634476,-0.000754168997929454,-75.9051255352574,-0.07278927378287674
-1.3600001244966884,0.057692445159101234,-0.0007513643759594529,-76.78357798828432,-0.07299293790268342
-1.349999719140475,0.05813962677695952,-0.0007484041014553523,-77.68480512586818,-0.07319661936224366
-1.3399998867420568,0.05858674935235421,-0.0007452885277000552,-78.60948770156398,-0.07340027875905085
-1.3300000543436385,0.05903391426517412,-0.0007420178729682656,-79.55861498190471,-0.07360396690725521
-1.32000022194522,0.05948108399371311,-0.0007385914244325632,-80.53313648937987,-0.0738076612194372
-1.3099998165890068,0.05992828755395394,-0.0007350096638009258,-81.53401309589484,-0.07401138383007855
-1.2999999841905885,0.06037545309387753,-0.0007312726781241604,-82.56216169425461,-0.07421509303678847
-1.2900001517921702,0.06082267214491254,-0.0007273805953147223,-83.61877198359387,-0.07441883359545026
-1.2799997464359567,0.06126986862337106,-0.0007233322562435698,-84.70501362895045,-0.07462257037282828
-1.2699999140375386,0.06171708723492222,-0.0007191291666130667,-85.82197760882866,-0.0748263221820502
-1.2600000816391204,0.06216430038144148,-0.0007147703806738145,-86.97100784008308,-0.0750300853361481
-1.2500002492407019,0.06261150723825236,-0.0007102563756517434,-88.15338993725888,-0.07523384846676795
-1.2399998438844888,0.0630587590610277,-0.0007055863434156461,-89.37071933077524,-0.07543764335295619
-1.2300000114860703,0.06350601465584285,-0.0007007617474941531,-90.62425979005471,-0.07564144756818394
-1.220000179087652,0.06395324862410934,-0.0006957815913358448,-91.91569512686335,-0.07584524234082
-1.2099997737314387,0.0644005330152397,-0.0006906454995747157,-93.24687275150005,-0.076049072632514
-1.1999999413330205,0.06484779151750696,-0.0006853543029463305,-94.61936875383583,-0.07625289728932874
-1.1900001089346024,0.06529507128140376,-0.0006799079676670933,-96.0351612078394,-0.07645673971241021
-1.1800002765361841,0.06574234604651157,-0.0006743058772948679,-97.49632660811443,-0.07666058697051156
-1.1699998711799706,0.06618964573915098,-0.000668548101600503,-99.00506123746831,-0.07686445213484937
-1.1600000387815526,0.06663695048492528,-0.0006626352343171836,-100.5635484409333,-0.07706832759437303
-1.150000206383134,0.06708424166637757,-0.0006565667250359011,-102.1742941095734,-0.07727220460842582
-1.1399998010269208,0.06753159094494257,-0.0006503428549807114,-103.83998290708598,-0.0774761178896417
-1.1299999686285023,0.06797893213500221,-0.0006439637906030377,-105.56328341278873,-0.0776800337389316
-1.1200001362300842,0.06842625594406736,-0.0006374291189201654,-107.34723895259856,-0.0778839474201164
-1.1099997308738707,0.06887362197799532,-0.000630738555357263,-109.19519885538614,-0.0780878909968793
-1.0999998984754527,0.0693209533431547,-0.000623892768203951,-111.11036523586316,-0.07829182070918474
-1.0900000660770344,0.06976832962773574,-0.000616891866212971,-113.09653028177463,-0.07849578223248588
-1.080000233678616,0.07021570690530006,-0.0006097355334651689,-115.15764302969089,-0.07869975483800004
-1.0699998283224028,0.07066310218756033,-0.0006024230487765112,-117.2981384611251,-0.07890374293145011
-1.0599999959239843,0.07111051013988026,-0.0005949556001221291,-119.52238137649785,-0.07910774156709424
-1.050000163525566,0.07155787775220247,-0.0005873323170741199,-121.83541697258939,-0.07931172853929573
-1.0399997581693528,0.07200529606718199,-0.000579553624786717,-124.24268089718333,-0.0795157460411533
-1.0299999257709345,0.0724527450202305,-0.0005716198469469324,-126.74987652581771,-0.0797197900672561
-1.0200000933725162,0.07290016314257708,-0.0005635303756464699,-129.36332501854505,-0.07992382418948611
-1.0100002609740981,0.07334759796440152,-0.0005552854178215983,-132.08990477752215,-0.08012787285596393
-0.9999998556178845,0.07379504501639508,-0.0005468844833926289,-134.93717093343616,-0.08033193529800844
-0.9900000232194663,0.07424249979784762,-0.0005383284076843505,-137.91302620867782,-0.08053601156709503
-0.9800001908210482,0.07468994857390486,-0.000529617047611915,-141.02633008262805,-0.08074008920608731
-0.9699997854648347,0.07513745960550834,-0.0005207494279726085,-144.28716685879988,-0.08094420755373294
-0.9599999530664165,0.0755849419197138,-0.0005117270578240197,-147.7055800823162,-0.08114831825930442
-0.9500001206679981,0.07603245434662578,-0.0005025489825696718,-151.29361909728846,-0.08135245175379474
-0.939999715311785,0.07647993979410106,-0.0004932146395776994,-155.0642127321784,-0.08155657543102796
-0.9299998829133664,0.07692745210726953,-0.0004837255252240223,-159.03120281205545,-0.08176072299983342
-0.9200000505149483,0.07737496529529413,-0.0004740809818976063,-163.2104392493978,-0.08196488166322358
-0.9100002181165301,0.07782249641532081,-0.0004642806463795383,-167.61951423601403,-0.0821690567535581
-0.8999998127603166,0.07827007456416438,-0.0004543245010541033,-172.27790793269054,-0.08237325514834112
-0.8899999803618984,0.07871761358911257,-0.0004442129549967756,-177.20692902728143,-0.08257745141916144
-0.8800001479634801,0.07916516934563206,-0.0004339461575898483,-182.43085682638164,-0.08278165537811874
-0.8699997426072665,0.0796127625363551,-0.00042352300774291365,-187.97742054354111,-0.08298588904087274
-0.8599999102088484,0.08006037322651449,-0.0004129452607786197,-193.87647911386233,-0.08319014208807604
-0.8500000778104301,0.08050793399377584,-0.0004022114854382811,-200.16319003433753,-0.08339437240231856
-0.8400002454120119,0.08095552282321059,-0.0003913221693772193,-206.87691410903074,-0.08359862753831107
-0.8299998400557985,0.08140316997610864,-0.00038027667774099557,-214.06300922706572,-0.08380292075683214
-0.8200000076573803,0.08185078278270964,-0.00036907631174092217,-221.77197554788032,-0.08400720161286836
-0.8100001752589621,0.08229842126958231,-0.0003577201773504732,-230.06368239874587,-0.08421150551426011
-0.7999997699027487,0.08274605504024381,-0.00034620796222439604,-239.00679380277114,-0.08441580937853758
-0.7899999375043304,0.08319371718353362,-0.000334540735625763,-248.68037976875564,-0.08462013895602993
-0.7800001051059121,0.08364139061855713,-0.00032271796014838103,-259.17798495038835,-0.08482448591560851
-0.7700002727074938,0.08408907470096877,-0.0003107394881295362,-270.6095553131472,-0.08502883948808197
-0.7599998673512804,0.08453678293225428,-0.0002986048916888368,-283.10582071892645,-0.08523321490892569
-0.7500000349528622,0.08498446865481044,-0.0002863148921389852,-296.82168475385,-0.08543758879989669
-0.740000202554444,0.08543217898940524,-0.00027386960731321734,-311.94472372284355,-0.08564198507835451
-0.7299997971982306,0.08587992106739949,-0.00026126785990896384,-328.7044992725989,-0.0858463995193595
-0.7199999647998123,0.0863276474580047,-0.0002485110624929835,-347.379495270727,-0.08605081502550252
-0.7100001324013939,0.08677538360567538,-0.00023559858975622587,-368.31877345047764,-0.08625524360134636
-0.6999997270451808,0.08722314471659223,-0.00022252988857308318,-391.9614811110933,-0.08645969150437502
-0.6899998946467624,0.08767088674926271,-0.00020930600025643558,-418.8646605536913,-0.08666414103831706
-0.6800000622483442,0.0881186465363478,-0.00019592673274024345,-449.75305464402396,-0.08686860378085369
-0.6700002298499259,0.08856645757994218,-0.00018239143551407712,-485.5845195269958,-0.08707310562520286
-0.6599998244937125,0.08901427586873814,-0.0001687000994260148,-527.6480344208469,-0.08727761480207669
-0.6499999920952942,0.08946208125336608,-0.00015485364394492436,-577.7202200368264,-0.0874821245279541
-0.6400001596968761,0.0899098732307396,-0.00014085128539990363,-638.3319326867933,-0.08768663751750408
-0.6299997543406626,0.09035773454551056,-0.00012669286873502548,-713.20300382882,-0.08789119171822729
-0.6199999219422444,0.0908055684017684,-0.00011237899914238931,-808.0296950030104,-0.08809574361728648
-0.610000089543826,0.09125342382892777,-9.790978145740383e-05,-932.0153969358828,-0.08830030929737749
-0.6000002571454078,0.09170125594483838,-8.328458066311343e-05,-1101.0592262662694,-0.08850487644683049
-0.5899998517891945,0.09214915398190315,-6.8502874761674e-05,-1345.1866699389786,-0.08870948194129816
-0.5800000193907763,0.09259703279923444,-5.3566511166932264e-05,-1728.636619821463,-0.08891408611156176
-0.5700001869923579,0.09304492838615859,-3.847417028793471e-05,-2418.373877586568,-0.08911870630528769
-0.5599997816361445,0.09349285751026697,-2.3224962491400735e-05,-4025.533197088417,-0.08932335040094594
-0.5499999492377263,0.09394075532913693,-7.821227800745745e-06,-12010.99849312403,-0.0895279894870795
-0.540000116839308,0.09438868446886253,7.738430419324923e-06,12197.39396159056,-0.08973265425423986
-0.5300002844408898,0.09483665097440658,2.3453900621057536e-05,4043.534272045977,-0.08993734275572712
-0.5199998790846764,0.09528462836060357,3.9325820387831006e-05,2422.9533528075735,-0.09014204270478453
-0.5100000466862581,0.09573256120343519,5.53530075157516e-05,1729.4915940419846,-0.09034673284642007
-0.5000002142878399,0.09618054617238984,7.153569951398562e-05,1344.5111577274229,-0.09055145354350655
-0.4899998089316265,0.09662856084816708,8.787543605368355e-05,1099.6083227300994,-0.09075620179637822
-0.47999997653320825,0.0970765613456741,0.00010436983389255954,930.1208761681725,-0.09096094963030991
-0.4700001441347899,0.0975245696265213,0.00012102009733116027,805.8543314475642,-0.0911657062499346
-0.45999973877857664,0.09797262512405827,0.00013782714997314039,710.8369079905598,-0.09137049602372138
-0.4499999063801583,0.0984206516805188,0.00015478905315181223,635.8372874339565,-0.09157528306935096
-0.44000007398174007,0.09886871290861464,0.00017190668810123356,575.1301127411178,-0.09178009188481809
-0.4300002415833218,0.09931675909175808,0.00018918044946740305,524.9842643431871,-0.09198490693050364
-0.4199998362271084,0.09976485449283727,0.00020661076404823844,482.86377988295266,-0.09218974975660166
-0.4100000038286902,0.10021293776930022,0.000224196340503395,446.98739303366415,-0.09239459474798724
-0.40000017143027183,0.1006610214895523,0.00024193760662676966,416.06190493914914,-0.09259945217835411
-0.3899997660740585,0.10110919441410549,0.00025983573143376846,389.1273684961916,-0.09280435901637002
-0.3799999336756402,0.10155728274670096,0.000277888713308003,365.4602647864223,-0.09300923206162362
-0.370000101277222,0.10200542121967973,0.0002960976258259256,344.49928781140665,-0.09321414093671794
-0.3600002688788037,0.10245359003103857,0.00031446266311427014,325.8052610010771,-0.09341907534237787
-0.3499998635225904,0.10290176147092477,0.0003329844333460393,309.02874478816454,-0.09362401414305994
-0.3400000311241721,0.10334995643831581,0.0003516612713253426,293.8906409819029,-0.09382897628087253
-0.3300001987257538,0.1037980978875022,0.0003704936797112387,280.16158863601134,-0.09403391757257933
-0.31999979336954043,0.10424631358244407,0.00038948327242960533,267.6528646073893,-0.09423890595447129
-0.3099999609711222,0.10469451300235867,0.00040862782737251854,256.20994457363696,-0.094443896350396
-0.3000001285727039,0.10514276964103543,0.0004279284841961552,245.70173177076887,-0.09464892531804596
-0.28999972321649053,0.10559100982431349,0.0004473859749206668,236.0177022604196,-0.09485394974644978
-0.27999989081807225,0.10603927436258663,0.0004669985069369418,227.06555328859966,-0.09505899782532506
-0.270000058419654,0.10648755425894013,0.0004867670783398775,218.76490625067882,-0.09526406564256544
-0.2600002260212358,0.106935827853447,0.0005066913344714007,211.04727982965494,-0.09546913406312757
-0.24999982066502238,0.10738412255146962,0.0005267727961420157,203.85282485718818,-0.09567421997844093
-0.23999998826660413,0.10783243794939391,0.000547009453774622,197.130848846029,-0.09587933017004822
-0.23000015586818587,0.10828073545404117,0.0005674018916258632,190.83604946005352,-0.09608443478038542
-0.21999975051197246,0.10872908075707667,0.0005879514807189658,184.92866218164684,-0.09628957684820369
-0.2099999181135542,0.10917743780702675,0.0006086560784108087,179.37459540712598,-0.09649473209931375
-0.20000008571513592,0.10962579126532153,0.0006295167361559954,174.14277487637128,-0.09669989404371117
-0.1900002533167177,0.11007414080899793,0.0006505331100660647,169.20605439716877,-0.09690506257889699
-0.1799998479605043,0.11052254182941276,0.0006717070167919885,164.5398054009594,-0.09711026519528165
-0.17000001556208605,0.11097095484459249,0.0006930359263877854,160.12294690549584,-0.09731548495046351
-0.16000018316366776,0.1114193364299366,0.0007145203739908815,155.93584239958776,-0.09752069381658908
-0.1499997778074544,0.11186779090782983,0.0007361627481221883,151.96067879444237,-0.0977259492513099
-0.13999994540903613,0.112316237798717,0.0007579599907791051,148.18227764669666,-0.09793121112840265
-0.1300001130106179,0.1127646927188186,0.000779913017824156,144.58624249331766,-0.09813648338993279
-0.12000028061219964,0.11321314423257066,0.0008020222231457558,141.15961000247225,-0.09834176942424433
-0.10999987525598623,0.11366165985073505,0.0008242892474440285,137.8905040957155,-0.09854708746197073
-0.10000004285756796,0.11411013285070652,0.0008467104496517785,134.7687782731817,-0.09875239903733572
-0.09000021045914972,0.11455863366861528,0.0008692880795978597,131.78442953182,-0.09895773139217963
-0.07999980510293633,0.11500718104182628,0.0008920234076790734,128.92843399822848,-0.09916309406154655
-0.06999997270451806,0.1154557264267185,0.0009149133837667562,126.1930675353988,-0.0993684688988048
-0.06000014030609982,0.11590427218848064,0.000937959736678805,123.57062638838079,-0.09957385076584209
-0.049999734949886424,0.11635284683708229,0.0009611632316330358,121.05420079313318,-0.09977925457484126
-0.03999990255146817,0.11680142450902076,0.000984521790553468,118.6377240501285,-0.09998467130274083
-0.03000007015304991,0.11725001530901293,0.0010080366085201385,116.31523529799514,-0.10019010310544824
-0.020000237754631646,0.1176986345693433,0.0010317079308187092,114.08135098461815,-0.100395560136439
-0.009999832398418257,0.11814722846412005,0.0010555358250270439,111.93104550581502,-0.10060100550784241
0.0,0.11859588236669959,0.0010795194619215788,109.85988354077023,-0.10080650001169467
0.009999832398418257,0.11904454016016054,0.0011036594806012583,107.86346898891924,-0.10101200189132568
0.020000237754631646,0.11949319002027062,0.001127956445237108,105.93776960523677,-0.1012175070393195
0.03000007015304991,0.11994188215255516,0.0011524088375485665,104.07928006496253,-0.10142304635436761
0.03999990255146817,0.12039057467133259,0.001177017338068009,102.28445306417086,-0.10162859309775665
0.049999734949886424,0.12083927369103346,0.001201782102671283,100.55006928663339,-0.10183414958789264
0.06000014030609982,0.12128801130944944,0.0012267044758991004,98.87304863753158,-0.1020397366773727
0.06999997270451806,0.12173674333972342,0.001251781852549418,97.25076545229552,-0.10224532976390174
0.07999980510293633,0.12218550442552036,0.0012770158592156997,95.68049100076375,-0.10245094897544062
0.09000021045914972,0.12263429924649366,0.0013024071593966057,94.15972444693033,-0.10265659114495193
0.10000004285756796,0.12308307763003888,0.001327953581585457,92.68628010558076,-0.1028622367335833
0.10999987525598623,0.12353184429552988,0.0013536561634601124,91.25791883499221,-0.10306788336413535
0.12000028061219964,0.12398070611543048,0.0013795167841420767,89.87256084204459,-0.10327358925713831
0.1300001130106179,0.1244294939682913,0.0014055319527480458,88.5283993188566,-0.103479262894502
0.13999994540903613,0.12487834319640645,0.00143170400885466,87.22357583974853,-0.10368498017090488
0.1499997778074544,0.12532720530428001,0.0014580321593693957,85.9564067218411,-0.10389071297318356
0.16000018316366776,0.1257761118832827,0.001484518443061483,84.72519319052579,-0.10409647883022846
0.17000001556208605,0.12622497189086038,0.0015111592899285787,83.52856825359959,-0.10430222862018128
0.1799998479605043,0.12667388830354315,0.0015379569291531074,82.36504280604106,-0.10450801866833216
0.1900002533167177,0.12712282127832816,0.001564912222785187,81.23319597573244,-0.10471382399666697
0.20000008571513592,0.12757173523113188,0.0015920226009336282,80.1318619197482,-0.10491963095980812
0.2099999181135542,0.12802067969686276,0.0016192893061586274,79.05979444807234,-0.1051254620795828
0.21999975051197246,0.1284696499242128,0.0016467127954369937,78.015820536647,-0.10533131348996481
0.23000015586818587,0.12891863372585127,0.00167429376552868,76.99881369691629,-0.10553718138698467
0.23999998826660413,0.1293676212125634,0.0017020299106424968,76.00784240256307,-0.10574306371675785
0.24999982066502238,0.1298166342693215,0.0017299228732024759,75.04186243228389,-0.1059489662940917
0.2600002260212358,0.13026566755362642,0.0017579734786666924,74.09990488162791,-0.10615488753150931
0.270000058419654,0.130714704355646,0.0017861791817170424,73.18118232124439,-0.10636082033019416
0.27999989081807225,0.13116377410899752,0.0018145418317940863,72.28478936708358,-0.10656678331993455
0.28999972321649053,0.13161285462741643,0.0018430608857834955,71.40993314036236,-0.1067727569148684
0.3000001285727039,0.13206195458459377,0.0018717376172873229,70.55580513255319,-0.10697875223454548
0.3099999609711222,0.13251107861987751,0.0019005699043781947,69.7217599387542,-0.10718476670335449
0.31999979336954043,0.13296018492705575,0.0019295584618340643,68.9070518240094,-0.10739078430550925
0.3300001987257538,0.13340934348729042,0.0019587052962285207,68.11098318065999,-0.10759683863019452
0.3400000311241721,0.13385844303018576,0.001988006080322616,67.33301490127388,-0.10780286692893516
0.3499998635225904,0.13430764307666795,0.002017465189008623,66.57247114269485,-0.10800896416228864
0.3600002688788037,0.13475682887261856,0.0020470816402428154,65.8287516352471,-0.10821505409599996
0.370000101277222,0.13520604950476414,0.0020768534942109487,65.10139009883915,-0.10842117960830092
0.3799999336756402,0.13565527071303363,0.0021067819087816626,64.38980235570854,-0.10862731400723716
0.3899997660740585,0.13610446616022,0.002136866510617101,63.693480844020854,-0.10883344143769631
0.40000017143027183,0.1365537726492174,0.0021671102549205012,63.011917524347076,-0.10903963330833166
0.4100000038286902,0.13700301871843218,0.002197508445833701,62.344706332382415,-0.10924580835960385
0.4199998362271084,0.1374523046152474,0.002228063499209996,61.69137668831424,-0.10945201334704299
0.4300002415833218,0.1379016196600449,0.0022587769034239347,61.05145641032929,-0.10965823879903192
0.44000007398174007,0.13835091571679117,0.0022896452221254668,60.424608310435396,-0.1098644702911302
0.4499999063801583,0.1388002556680753,0.002320670726795852,59.81040483917194,-0.11007072821977025
0.45999973877857664,0.13924958732917925,0.0023518523260566034,59.20847401276327,-0.11027699494297728
0.4700001441347899,0.1396989897081614,0.0023831932846167234,58.61840523381151,-0.1104833080758812
0.47999997653320825,0.14014837294158608,0.0024146887064722873,58.03993391195103,-0.11068962003448556
0.4899998089316265,0.14059776625511286,0.0024463410384445643,57.47267615005466,-0.11089594653689261
0.5000002142878399,0.14104720006958346,0.00247815195818694,56.91628376686638,-0.11110230400230063
0.5100000466862581,0.14149664602086,0.0025101181092437867,56.37051320405323,-0.11130867760068877
0.5199998790846764,0.14194605983207115,0.0025422401203435826,55.83503253535594,-0.11151504577263147
0.5300002844408898,0.14239555252419367,0.002574521731632882,55.309516627727106,-0.11172146111347814
0.540000116839308,0.14284505926919014,0.0026069588009374573,54.79375401629797,-0.11192789432815274
0.5499999492377263,0.14329455729882476,0.0026395520331790137,54.28745313508528,-0.11213433630236945
0.5599997816361445,0.14374404864220158,0.0026723018376252753,53.79034906099486,-0.11234078167846079
0.5700001869923579,0.1441936122481262,0.0027052107903856996,53.30217251852954,-0.11254727505746988
0.5800000193907763,0.14464316213153217,0.0027382747396793947,52.82273543832472,-0.11275376949700547
0.5899998517891945,0.1450927214294631,0.0027714956931780424,52.351775897254576,-0.1129602783167578
0.6000002571454078,0.1455423327819119,0.0028048755331404767,51.88905213877906,-0.11316682454924783
0.610000089543826,0.14599190786824306,0.0028384097059310316,51.43440270908882,-0.113373365759451
0.6199999219422444,0.1464415318128754,0.0028721015336115206,50.987588739153196,-0.11357993536888498
0.6299997543406626,0.1468911670520036,0.002905950023853568,50.54841475119791,-0.11378652728320066
0.6400001596968761,0.14734086028299426,0.0029399582130335594,50.116651192454334,-0.11399315563471221
0.6499999920952942,0.14779051509112964,0.002974120361954785,49.69217688082809,-0.11419977716768921
0.6599998244937125,0.14824021293018974,0.0030084403476047204,49.27477224144285,-0.11440642877426709
0.6700002298499259,0.1486899383619585,0.0030429191018256935,48.86424298061272,-0.11461310049652333
0.6800000622483442,0.14913968498154775,0.003077553139618353,48.460474349451054,-0.11481979718224104
0.6899998946467624,0.14958941468489484,0.003112343726791694,48.063269296767714,-0.11502649209906965
0.6999997270451808,0.15003916675082773,0.003147291538456156,47.6724716847892,-0.11523321606369859
0.7100001324013939,0.15048895463095163,0.003182398150390935,47.28790915507073,-0.11543996080451885
0.7199999647998123,0.15093876368561696,0.003217660489091101,46.909474817914344,-0.11564673356414919
0.7299997971982306,0.15138857127926464,0.003253079440818506,46.53700410131202,-0.11585350845610655
0.740000202554444,0.1518384301118916,0.003288657748390703,46.17033505119023,-0.11606032069159872
0.7500000349528622,0.152288282071518,0.003324391398095015,45.809371952647986,-0.11626714402770007
0.7599998673512804,0.1527381523767795,0.0033602819617230984,45.4539690765884,-0.11647398964661153
0.7700002727074938,0.15318805390503937,0.0033963315104472386,45.103975696667824,-0.11668085238839493
0.7800001051059121,0.15363796821140324,0.003432536663481454,44.75930871939347,-0.11688773279849134
0.7899999375043304,0.15408790292474492,0.0034688991292051658,44.419828073827944,-0.11709464114983266
0.7999997699027487,0.15453786541744652,0.0035054188881732122,44.085420415470296,-0.11730157348860414
0.8100001752589621,0.1549878190651858,0.0035420968046548556,43.75595236739667,-0.11750850489520086
0.8200000076573803,0.155437793206731,0.0035789304531074323,43.43135337312046,-0.11771545788204014
0.8299998400557985,0.15588779361853952,0.0036159214655551346,43.11149871575179,-0.11792244013844927
0.8400002454120119,0.1563378484829623,0.003653072230468394,42.796265340452024,-0.11812946005343554
0.8500000778104301,0.15678786423598057,0.0036903776163942224,42.48558834181694,-0.11833646633308183
0.8599999102088484,0.15723789358632678,0.0037278397608498165,42.17935954159201,-0.11854349135539606
0.8699997426072665,0.15768798827690203,0.0037654604947012275,41.87747780086958,-0.11875056038916633
0.8800001479634801,0.15813810750446536,0.003803240233118132,41.57983661600412,-0.11895765397046454
0.8899999803618984,0.1585882177515838,0.003841175048901442,41.28638131108846,-0.11916475015245541
0.8999998127603166,0.15903833489338615,0.0038792671155712132,40.997005402132025,-0.11937186689560106
0.9100002181165301,0.15948852271596106,0.0039175192779499265,40.711611456172044,-0.11957902079423541
0.9200000505149483,0.1599386925359419,0.003955926211419838,40.43015061156503,-0.11978618418216642
0.9299998829133664,0.16038885983859028,0.003994490176872702,40.15252328500134,-0.11999335240424819
0.939999715311785,0.1608390720480448,0.004033212166628985,39.878653887547976,-0.12020055662038445
0.9500001206679981,0.16128928492092937,0.0040720925913356205,39.60845224003797,-0.12040776854209924
0.9599999530664165,0.16173955138169227,0.004111129775493193,39.3418744272769,-0.12061502104092278
0.9699997854648347,0.16218981510403901,0.004150324175839611,39.07883052803412,-0.12082228218134415
0.9800001908210482,0.16264013669083666,0.00418967827900835,38.81924239999921,-0.12102958395680287
0.9900000232194663,0.1630904263651442,0.004229187026301733,38.56306787826329,-0.1212368789271115
0.9999998556178845,0.16354075056640585,0.004268853772448091,38.31022548064909,-0.12144420495152232
1.0100002609740981,0.16399108455691727,0.004308679391457702,38.06063753131471,-0.12165154024364237
1.0200000933725162,0.16444145063441784,0.004348661101990326,37.8142712843627,-0.12185890756502873
1.0299999257709345,0.16489182926211085,0.004388800260047347,37.57104891812323,-0.12206629337503688
1.0399997581693528,0.1653422623316548,0.0044290980044606075,37.330910755448684,-0.1222737173445505
1.050000163525566,0.16579268685777174,0.004469554086684838,37.09378690632283,-0.12248114176903571
1.0599999959239843,0.16624310142829074,0.004510165491007712,36.85964556283872,-0.12268857843142067
1.0699998283224028,0.16669357999401632,0.0045509354209574936,36.62842131891752,-0.12289605504863252
1.080000233678616,0.16714406582366811,0.004591864560626324,36.400042644304364,-0.12310354628433064
1.0900000660770344,0.16759457520642151,0.0046329498736482795,36.174484891296025,-0.12331106549049232
1.0999998984754527,0.1680451047053736,0.00467419274980683,35.95168485773685,-0.12351859973462928
1.1099997308738707,0.1684956286296922,0.004715592398827571,35.73159305956659,-0.12372614377795378
1.1200001362300842,0.16894621194657725,0.004757152643094926,35.514145671109596,-0.12393373093863554
1.1299999686285023,0.1693967780224049,0.004798867905446751,35.29932087318726,-0.1241413175620042
1.1399998010269208,0.16984739399760496,0.004840741800833904,35.08705917104393,-0.12434894218622111
1.150000206383134,0.17029803904245783,0.004882775317800994,34.87730398357818,-0.12455659030165231
1.1600000387815526,0.170748665020842,0.004924963935024159,34.67003358269351,-0.12476424345581899
1.1699998711799706,0.1711993309615694,0.004967310568860374,34.46519572075938,-0.12497192567731777
1.1800002765361841,0.17165001956534634,0.005009816986090075,34.262732559280785,-0.12517962939348148
1.1900001089346024,0.1721007151626801,0.005052479266255185,34.06262670133397,-0.12538735047501628
1.1999999413330205,0.17255143798884467,0.005095299368793307,33.864828246531296,-0.12559509379732578
1.2099997737314387,0.17300217236696794,0.005138277129793313,33.66929575749195,-0.12580285543165823
1.220000179087652,0.17345296633603047,0.005181415384146184,33.47598165295771,-0.12601065959356134
1.2300000114860703,0.17390373574590323,0.0052247086907419305,33.2848673561565,-0.12621845834137643
1.2399998438844888,0.1743545485657068,0.005268160711410476,33.095905405479904,-0.12642629324950386
1.2500002492407019,0.1748053922190251,0.005311772436709047,32.90905141398099,-0.12663415648739645
1.2600000816391204,0.1752562143350246,0.005355539110875104,32.724289881320175,-0.12684201600154837
1.2699999140375386,0.17570707771787006,0.005399464302948499,32.54157595262205,-0.12704991347329483
1.2799997464359567,0.1761579839846278,0.005443548310933793,32.360874547728486,-0.12725783960659634
1.2900001517921702,0.1766088805015902,0.005487790791897574,32.18214527462375,-0.12746576945919288
1.2999999841905885,0.1770598432476486,0.005532191174318591,32.005373218046344,-0.12767374836600412
1.3099998165890068,0.17751077688672848,0.005576748012693209,31.830517800463113,-0.12788172483521512
1.32000022194522,0.17796176217431964,0.005621465570081998,31.657538404477638,-0.12808973455408945
1.3300000543436385,0.17841276823954635,0.0056663391719510535,31.48642586075811,-0.1282977705377549
1.3399998867420568,0.17886377813433374,0.00571137070178001,31.317136896505232,-0.12850581589666293
1.349999719140475,0.1793147812301901,0.005756559223324467,31.149645868949147,-0.12871387089227698
1.3600001244966884,0.17976588022830284,0.0058019100651268835,30.983913609555664,-0.12892198757249723
1.3699999568951065,0.1802169712183848,0.005847416095718278,30.819932816196747,-0.1291301128189483
1.3799997892935247,0.18066804049615642,0.0058930790725215025,30.657664401379403,-0.1293382350015331
1.3900001946497382,0.18111917495091057,0.005938903326174771,30.49707412354342,-0.129546399492159
1.4000000270481565,0.1815703413998948,0.005984884322785555,30.338153856812763,-0.1297545973369145
1.4099998594465748,0.18202151571910402,0.00603102316021848,30.180868301044644,-0.12996280785278996
1.4200002648027878,0.1824726994972055,0.006077321584118466,30.025184116313913,-0.13017103230309535
1.4300000972012066,0.18292390269160325,0.006123776321220374,29.871094745529394,-0.1303792830190721
1.4399999295996246,0.1833751245688402,0.006170389029628302,29.71856777398143,-0.13058755197534175
1.449999761998043,0.18382635998444685,0.006217159878045243,29.567578056597167,-0.13079583913798737
1.4600001673542562,0.18427767152544994,0.0062640925378658185,29.418095344458862,-0.13100417693853342
1.4699999997526745,0.18472893889194097,0.0063111795567565845,29.270113016222933,-0.13121250047728678
1.4799998321510925,0.18518027666007408,0.0063584266479162965,29.123600367515294,-0.13142087719736278
1.4900002375073063,0.18563162153098203,0.006405833221936528,28.978528647185776,-0.13162926611516032
1.5000000699057243,0.18608297532754745,0.006453395928664799,28.834892107115426,-0.1318376722983184
1.5099999023041426,0.18653435508825636,0.006501117178355906,28.692661579656342,-0.132046103527606
1.519999734702561,0.18698575585193844,0.006548996812882056,28.551816590310803,-0.13225455635141595
1.5300001400587744,0.18743721389982954,0.006597037774127904,28.41232994525453,-0.13246304774634027
1.5399999724571927,0.1878886612090815,0.006645234182138179,28.2741971252285,-0.13267154917035914
1.549999804855611,0.18834012575564207,0.006693588865213423,28.137390800090156,-0.1328800723337029
1.5600002102118242,0.18879164411944585,0.006742104997702065,28.001884305241816,-0.13308862827178655
1.5700000426102423,0.1892431493659564,0.006790776404538088,27.867674930290804,-0.1332971928691163
1.5799998750086608,0.18969468996835334,0.006839606848903536,27.734735951784053,-0.1335057875440752
1.590000280364874,0.19014626653090744,0.0068885983656436795,27.603041495240365,-0.13371441002867257
1.6000001127632923,0.19059783131654737,0.0069377450752484355,27.472590769663327,-0.133923038982812
1.6099999451617106,0.19104945964006376,0.006987051939236102,27.343357585080625,-0.13413171598437432
1.619999777560129,0.19150107956772217,0.007036516086932742,27.215326050821066,-0.13434039877212645
1.6300001829163424,0.19195275474285833,0.00708614208126743,27.088471066688744,-0.13454911583800683
1.6400000153147607,0.1924044263545166,0.007135923759274566,26.962791762516858,-0.13475785022652545
1.6499998477131788,0.1928561229008094,0.00718586421386849,26.83826428679284,-0.13496660583017564
1.660000253069392,0.19330785134503078,0.007235965417434984,26.714866668552272,-0.13517538953680175
1.6700000854678105,0.19375960200014103,0.007286223585138846,26.592596251827587,-0.1353842022354796
1.6799999178662288,0.1942113509504936,0.007336639323409017,26.471432271561092,-0.1355930167837464
1.689999750264647,0.1946631382227632,0.007387214465207699,26.35135870761403,-0.1358018689012984
1.7000001556208602,0.19511498787298537,0.0074379516198456305,26.232355068348085,-0.13601076082468638
1.7099999880192789,0.19556681278622098,0.007488843922011957,26.11441963844266,-0.13621965552716234
1.7199998204176967,0.1960186784659981,0.007539895355400743,25.99753301955207,-0.13642858226642637
1.7300002257739104,0.19647058174581866,0.007591108272837419,25.88167296319981,-0.13663753847846855
1.7400000581723285,0.19692247335401747,0.007642476813611866,25.766839488905312,-0.13684649861472326
1.7499998905707468,0.1973743777631085,0.007694003700769511,25.653013104655543,-0.13705548016195976
1.7599997229691648,0.19782634362052615,0.007745690723902442,25.540181072561218,-0.1372645082458445
1.7700001283253786,0.19827834054515012,0.007797539227615684,25.428322289540986,-0.13747355783637116
1.7799999607237968,0.19873033646881802,0.007849543481392057,25.317438770792656,-0.13768262661520914
1.789999793122215,0.19918235086212152,0.007901706512419544,25.20751062432599,-0.1378917087857271
1.8000001984784286,0.199634436574942,0.007954032186514425,25.0985200831108,-0.13810084560746286
1.8100000308768465,0.20008648086927547,0.008006512523066911,24.990466235183245,-0.13830997229613973
1.819999863275265,0.20053859311884262,0.008059153260762683,24.883332855226595,-0.1385191469876312
1.8300002686314782,0.20099072053055467,0.008111954875207038,24.77710041815597,-0.1387283362833209
1.8400001010298965,0.20144286921521296,0.0081649132586833,24.671770885132254,-0.13893755145622888
1.8499999334283146,0.20189502496902406,0.008218030212616557,24.567325714995423,-0.13914678386633123
1.8599997658267329,0.20234723549968667,0.00827130722200825,24.463755252770955,-0.13935605699915096
1.8700001711829464,0.20279946441201646,0.008324745173733166,24.36104171115098,-0.13956534674841908
1.8800000035813647,0.20325170489979516,0.008378339666168877,24.259186545099226,-0.13977465863814947
1.8899998359797827,0.2037039495242461,0.008432092473120111,24.158173095659837,-0.1399839842836615
1.9000002413359962,0.20415624261239224,0.008486007403056453,24.05798544776901,-0.14019334639588488
1.9100000737344143,0.20460856351697942,0.008540079801642616,23.958624306721887,-0.14040273709207765
1.919999906132833,0.20506087249585517,0.008594309536038992,23.860075278410918,-0.14061213143420365
1.9299997385312513,0.20551324926295225,0.008648700495025011,23.762326997121658,-0.14082157291771083
1.9400001438874646,0.20596565156648264,0.008703252643007397,23.665365124378543,-0.14103104000128572
1.949999976285883,0.2064180650994772,0.00875796170677646,23.56919018494469,-0.14124052890150168
1.959999808684301,0.20687046964653555,0.008812828306669677,23.473788714341904,-0.14145002097994086
1.9700002140405146,0.20732296268769432,0.008867859015178255,23.379145105130753,-0.1416595704893895
1.9800000464389327,0.20777544718390836,0.008923045496597521,23.285261434914343,-0.14186913101066112
1.989999878837351,0.20822792268329737,0.008978389869653292,23.192123053945558,-0.14207869850555113
2.0000002841935642,0.2086804673768218,0.009033897654031415,23.099715689572513,-0.14228831042100956
2.0100001165919825,0.2091330557848407,0.009089563681715597,23.008041211651225,-0.14249796160803388
2.019999948990401,0.20958563063939334,0.009145387270054872,22.917086444840713,-0.14270761606020033
2.029999781388819,0.21003824923154246,0.009201370941122326,22.826842931942846,-0.14291730966986682
2.0400001867450324,0.210490921960759,0.009257517718288094,22.737296148506115,-0.1431270383012509
2.0500000191434506,0.21094354831159187,0.009313818471218623,22.64844960887368,-0.1433367552811087
2.059999851541869,0.21139623537012095,0.009370280373263472,22.560289228196922,-0.14354651963597465
2.070000256898082,0.21184895017284278,0.0094269039439452,22.472802463306216,-0.14375630935475142
2.0800000892965005,0.21230168393049215,0.009483684651420864,22.385991493157114,-0.14396612423979213
2.0899999216949188,0.21275443070762295,0.009540624394742086,22.299843480356866,-0.1441759522531755
2.0999997540933375,0.21320723313979897,0.009597724941900343,22.21435125828727,-0.14438582609351897
2.1100001594495503,0.2136600743107037,0.009654988058279022,22.129501664944378,-0.14459572997505893
2.1199999918479686,0.21411286846406288,0.009712405073211193,22.045298445657927,-0.14480562417758044
2.1299998242463873,0.21456574085205396,0.009769984393472835,21.961728106280475,-0.14501556827478743
2.1400002296026006,0.21501864311504604,0.009827725363048465,21.87878020314859,-0.14522553981886221
2.150000062001019,0.21547155855618233,0.009885623515140928,21.79645605825103,-0.1454355382343456
2.1599998943994367,0.21592445578489894,0.009943679190469028,21.714744778960846,-0.14564553240771408
2.169999726797855,0.21637744817767932,0.010001897943048281,21.6336388763165,-0.14585559477870885
2.1800001321540687,0.21683045224546182,0.010060277866650707,21.55312756959163,-0.14606566964552598
2.189999964552487,0.217283435169415,0.010118813245092773,21.47321330145004,-0.14627574819272324
2.1999997969509053,0.21773648500749962,0.010177510361737549,21.393884876411633,-0.14648587361348986
2.2100002023071186,0.21818956165166137,0.010236369450734677,21.31513157098893,-0.14669602415736444
2.2200000347055364,0.21864266076142785,0.010295385899049601,21.236956332215915,-0.14690620340987118
2.2299998671039547,0.21909576754673585,0.01035456144874493,21.159347851790702,-0.1471163977666161
2.2400002724601684,0.2195489526558794,0.010413901478909247,21.082295919595637,-0.14732664526866404
2.2500001048585867,0.22000212640766761,0.010473397491305948,21.00580318758007,-0.1475368998492101
2.2599999372570045,0.22045527948542348,0.010533051242687554,20.92985920280906,-0.14774715519165132
2.2699997696554233,0.22090851052491892,0.010592867186182608,20.854458631660478,-0.14795746295256715
2.2800001750116365,0.22136180764850033,0.010652847446350956,20.779590505102554,-0.14816781807292875
2.290000007410055,0.22181506818756747,0.010712982378804876,20.705258381309203,-0.14837817011433474
2.299999839808473,0.22226835480444007,0.01077327715267464,20.63145240343681,-0.14858854428449297
2.310000245164687,0.2227217150013172,0.010833736545516177,20.558162372288475,-0.14879897160032812
2.320000077563105,0.22317507466167089,0.010894352612688408,20.485391155941095,-0.14900941432596834
2.329999909961523,0.22362845288366276,0.01095512828624179,20.413129544499345,-0.1492198754812162
2.3399997423599412,0.22408183509519136,0.011016062739575625,20.341372447904536,-0.14943035242697258
2.3500001477161545,0.22453529799218322,0.011077162540332235,20.270109531628194,-0.14964088315437665
2.359999980114573,0.22498876425321673,0.011138418805914915,20.1993450034164,-0.149851432021966
2.369999812512991,0.2254422687653911,0.011199836049713901,20.129068654638925,-0.15006201111667336
2.380000217869205,0.2258957860685379,0.011261415023302421,20.059271912198273,-0.1502726100608247
2.3900000502676226,0.22634934373482193,0.011323152435881133,19.989958186693627,-0.1504832460584166
2.399999882666041,0.2268028926082827,0.011385048442603147,19.921117925118384,-0.1506938858003674
2.409999715064459,0.2272565041446974,0.011447106479224334,19.8527465920887,-0.1509045722051219
2.420000120420673,0.227710147346126,0.011509327276755434,19.784835539955136,-0.15111528870968055
2.4299999528190908,0.2281638069336852,0.01157170559190075,19.71738782339755,-0.15132602584398666
2.439999785217509,0.22861747384702027,0.011634243229682147,19.650394901814874,-0.15153677935080467
2.4500001905737223,0.2290711924738505,0.011696944706423424,19.583848451301574,-0.15174757392215746
2.4600000229721406,0.22952491967506597,0.011759803426128715,19.51775139073262,-0.15195838925299393
2.4699998553705593,0.22997866158733438,0.011822821812840322,19.452095720292697,-0.15216922070626815
2.480000260726772,0.23043249208910815,0.01188600612345973,19.386873075414066,-0.15238011206066915
2.490000093125191,0.23088631903324977,0.011949347004867588,19.3220867164706,-0.1525910169356307
2.499999925523609,0.23134015903135557,0.01201284767497278,19.257728499573254,-0.1528019399883472
2.5099997579220275,0.23179401600414856,0.012076508326981287,19.19379424318164,-0.15301288465873145
2.5200001632782407,0.23224791726409136,0.012140332607640827,19.13027630873311,-0.15322386427736123
2.529999995676659,0.23270184904752433,0.012204315041332155,19.067178146371734,-0.15343487609551298
2.5399998280750773,0.23315580033271907,0.0122684580296903,19.004491010073966,-0.15364591006886924
2.550000233431291,0.23360983368516988,0.012332766434524332,18.942208540591736,-0.15385700330950663
2.5600000658297084,0.2340637990690979,0.012397228407954666,18.880332874960274,-0.15406806979291943
2.5699998982281267,0.2345178845187142,0.012461855835125542,18.818857128622177,-0.15427921310199583
2.5799997306265454,0.2349719417779296,0.012526640890302537,18.757777430965746,-0.1544903528360799
2.5900001359827587,0.23542606541417735,0.012591591027164726,18.6970864052268,-0.1547015462275215
2.599999968381177,0.23588015770063617,0.012656696481830543,18.636787098375667,-0.15491273074409187
2.6099998007795953,0.23633432389993334,0.012721965141725678,18.576872461692318,-0.1551239722911327
2.6200002061358085,0.2367885393241515,0.01278739777889438,18.517335850376952,-0.15533524961019832
2.630000038534227,0.23724273120410616,0.012852986337448595,18.45817967711311,-0.1555465248352067
2.6399998709326447,0.2376969618402362,0.012918736286418306,18.39939732264147,-0.15575783777878635
2.650000276288859,0.23815124576139032,0.01298465073747474,18.340982023803445,-0.15596919304652818
2.660000108687277,0.23860557343609867,0.013050724484443343,18.2829369910092,-0.15618058428496698
2.6699999410856954,0.2390598517820567,0.013116954966083049,18.22525520596829,-0.15639195979812406
2.6799997734841137,0.23951422399903563,0.01318334984502011,18.16793355366428,-0.15660340079986063
2.690000178840327,0.23996862404417385,0.013249908211142308,18.11096501350673,-0.15681486722603905
2.7000000112387452,0.2404230189903978,0.013316623304658739,18.054353081106328,-0.15702634671934693
2.709999843637163,0.2408774451994547,0.013383499255436238,17.99809157546094,-0.1572378536045902
2.720000248993377,0.24133194378512374,0.013450541298370037,17.94217336177904,-0.1574494143234108
2.7300000813917946,0.24178645237180468,0.013517740944603637,17.886602011582955,-0.15766099097147618
2.739999913790213,0.24224097016926122,0.013585100590531697,17.83137110799857,-0.15787258733460496
2.749999746188631,0.2426955333249448,0.013652622148971586,17.776477710783666,-0.15808422325041963
2.760000151544845,0.24315014074627334,0.01372030819827085,17.721915370451896,-0.15829589510736772
2.769999983943263,0.2436047370686919,0.01378815063685723,17.667687530009275,-0.15850757269854632
2.7799998163416815,0.24405936309035606,0.013856154382539117,17.61378780521588,-0.15871928001135918
2.7900002216978947,0.24451405983770078,0.013924324151209018,17.560210261010777,-0.15893103377009554
2.800000054096313,0.24496878482848458,0.013992652515117427,17.506958352880158,-0.15914282506650193
2.809999886494731,0.24542349486103654,0.014061139689103226,17.45402579644587,-0.15935461539782245
2.8199997188931496,0.2458782557315159,0.014129789579846555,17.401409578116738,-0.15956645111254
2.8300001242493624,0.24633306802257635,0.014198604447155996,17.349104198188805,-0.15977832038894793
2.8399999566477816,0.24678788387425316,0.01426757643886379,17.29711313843196,-0.15999020930667332
2.8499997890462,0.24724275294089293,0.014336711484837804,17.24542990227372,-0.16020213988313703
2.860000194402413,0.24769763695130287,0.014406009291195334,17.194049507013073,-0.16041409108943452
2.8700000268008314,0.24815254036900963,0.014475465676438416,17.142974596867393,-0.1606260643346907
2.8799998591992493,0.24860747554629653,0.014545083593666554,17.0921998450768,-0.16083807368599334
2.8900002645554626,0.24906248647521276,0.014614868165168918,17.04171968302761,-0.16105013284048497
2.900000096953881,0.24951748277502275,0.014684809005680881,16.991537491464538,-0.16126219776360556
2.909999929352299,0.24997248877050612,0.014754910344886053,16.941647419575464,-0.16147428352932183
2.9199997617507174,0.2504275674044107,0.014825175590614727,16.892047306538963,-0.1616864163747376
2.9300001671069307,0.2508826520100253,0.01489560377702777,16.84273130283852,-0.16189857057133894
2.939999999505349,0.2513377944786362,0.014966192686480027,16.793702963993415,-0.16211076927135043
2.9499998319037677,0.25179293437987904,0.015036940984996989,16.74495727762075,-0.16232297715342614
2.960000237259981,0.2522481423694013,0.015107856118682534,16.696488263312794,-0.16253523339456932
2.970000069658399,0.2527033439235046,0.015178927942068024,16.648299859382263,-0.16274750551792705
2.979999902056817,0.2531585871664606,0.015250162256324315,16.600386468771802,-0.1629598125052185
2.9899997344552354,0.25361385434398986,0.015321558042504785,16.552745722100777,-0.16317214232080998
3.0000001398114486,0.2540691778142067,0.01539311942652498,16.505373002979628,-0.16338451592208605
3.009999972209867,0.25452452363383266,0.015464839798046637,16.458270952537227,-0.1635969175166783
3.019999804608285,0.25497988104489616,0.015536720738747038,16.411434905243656,-0.16380933823922292
3.0300002099644985,0.2554352892986917,0.015608767472407572,16.3648596694286,-0.16402179919502038
3.0400000423629168,0.25589073980543364,0.015680974127695396,16.3185486897453,-0.16423429800623343
3.0499998747613355,0.2563462117816906,0.015753342221738447,16.27249685644179,-0.16444682441774855
3.0600002801175488,0.2568016873623201,0.01582587320978176,16.226699402823122,-0.16465936070561
3.070000112515967,0.25725722512665977,0.015898565540025486,16.18115951901453,-0.16487194614407433
3.0799999449143853,0.25771277253573416,0.015971418589269752,16.135872408282886,-0.16508454879673767
3.0899997773128036,0.25816834019409685,0.01604443287230221,16.090836132935397,-0.1652971811513253
3.100000182669017,0.258623983676364,0.016117614474552504,16.046046025278475,-0.16550986134137832
3.110000015067435,0.25907964251526505,0.016190954800893012,16.00150489586788,-0.1657225677641673
3.119999847465853,0.2595353135331372,0.01626445604471956,15.957208333284424,-0.16593529388858516
3.130000252822067,0.2599910245297064,0.016338122544020502,15.913151822016358,-0.16614805424156903
3.1400000852204846,0.26044676421420887,0.016411948262769527,15.869338608934799,-0.16636084472072465
3.149999917618903,0.2609025734355489,0.016485938934430417,15.825763668859725,-0.16657368825803534
3.1599997500173216,0.2613583591768369,0.01656008809277963,15.782425655742248,-0.16678653131021942
3.170000155373535,0.26181422709057156,0.016634405414553355,15.739319835352315,-0.1669994283683955
3.179999987771953,0.2622700730788988,0.01670887907177566,15.696449292156332,-0.1672123323964606
3.1899998201703714,0.26272598487479626,0.016783517281532614,15.65380965549344,-0.1674252864667911
3.2000002255265847,0.26318191616111775,0.01685831965511885,15.611396719554154,-0.16763825971621568
3.210000057925003,0.2636379103644566,0.01693328367860358,15.569213589540347,-0.1678512842014225
3.2199998903234213,0.26409388338352535,0.01700840678052512,15.527255832446151,-0.16806431287378623
3.2299997227218396,0.2645499227108645,0.01708369442226423,15.485521818166642,-0.16827738587156202
3.2400001280780533,0.26500599531331315,0.017159147490378886,15.444007079133838,-0.16849049383473685
3.2499999604764715,0.26546208324322057,0.01723475911262075,15.402715031208459,-0.16870362478602233
3.25999979287489,0.2659181971455216,0.017310532954150852,15.36164125332477,-0.1689167842713232
3.270000198231103,0.266374388785605,0.017386474874919594,15.320781854972592,-0.16912999828350608
3.2800000306295214,0.2668305924679461,0.017462575461309703,15.280139694121251,-0.16934322883467234
3.2899998630279392,0.2672867978826564,0.017538836906322814,15.239710552659199,-0.16955647852584863
3.3000002683841525,0.26774308950373665,0.01761526693447644,15.199490901821777,-0.16976979141232526
3.310000100782571,0.2681993694081036,0.017691854190316474,15.159483371443388,-0.16998310562688387
3.319999933180989,0.26865568404542023,0.01776860413726936,15.119684245872712,-0.17019645608214995
3.3299997655794074,0.26911205814137773,0.017845518856340923,15.08009155170941,-0.1704098542137208
3.340000170935621,0.26956844961530174,0.017922597784442926,15.040701847881174,-0.17062327167244667
3.3500000033340394,0.2700248651712013,0.01799983631722028,15.001517814518733,-0.17083671621756621
3.3599998357324576,0.27048128927741566,0.01807723601850727,14.962535699622443,-0.1710501849591793
3.370000241088671,0.2709378068808056,0.01815480536383991,14.923751670753234,-0.17126371202260648
3.3800000734870888,0.271394358215568,0.01823253507900047,14.885168575825176,-0.17147727540454258
3.3899999058855075,0.27185090492586333,0.018310424997251985,14.846782910099712,-0.1716908476912959
3.3999997382839258,0.2723075125524667,0.01838847989980776,14.808592881857164,-0.1719044738627679
3.410000143640139,0.27276412550902257,0.01846669846940359,14.770595077455225,-0.1721181090999115
3.4199999760385578,0.27322077965416985,0.018545077874707293,14.732792253560826,-0.17233178280375264
3.429999808436975,0.27367747143786286,0.018623620665461544,14.695180725271737,-0.17254548948838244
3.4400002137931893,0.27413419735364936,0.018702329522870563,14.657756779358326,-0.1727592302411779
3.450000046191607,0.27459092832588033,0.018781196614747555,14.620523599133367,-0.17297299235957342
3.4599998785900254,0.27504775080455085,0.01886023081533328,14.583477450389331,-0.17318681129155103
3.4700002839462387,0.2755045676567422,0.0189394283244494,14.546614762446985,-0.17340064595138094
3.480000116344657,0.2759614341504628,0.01901878739436315,14.509938432365734,-0.17361451790844623
3.4899999487430753,0.27641831937653755,0.019098308683553698,14.47344495036737,-0.17382841999515994
3.4999997811414936,0.2768752467599812,0.019177993769906882,14.437133001598925,-0.17404235571883983
3.510000186497707,0.27733224956498237,0.019257847688940448,14.400999220917662,-0.17425634740699858
3.520000018896125,0.2777891941148886,0.019337855848708844,14.36504627442634,-0.1744703206144049
3.529999851294543,0.2782462357115787,0.019418031706770814,14.329270850585637,-0.17468436166032658
3.540000256650757,0.2787033330807826,0.01949837543643143,14.293669438739176,-0.17489844507005162
3.550000089049175,0.2791604091089794,0.01957887591115832,14.2582449766629,-0.17511253567848772
3.5599999214475937,0.279617539555234,0.01965954114349488,14.222994194742755,-0.17532666674426703
3.569999753846012,0.28007471119035543,0.019740370380013646,14.187915717828686,-0.1755408371183807
3.5800001592022253,0.28053194010341015,0.019821367523965433,14.153006333403951,-0.1757550495097122
3.5899999916006435,0.2809891458579641,0.01990252146854078,14.118268697868952,-0.17596926333828725
3.5999998239990614,0.2814464214917503,0.019983841262318704,14.083699815132258,-0.1761835336363197
3.6100002293552746,0.281903739460924,0.020065328179141813,14.049296226012732,-0.1763978401652755
3.620000061753693,0.28236107502036323,0.020146974842742024,14.015060684015507,-0.1766121670023285
3.6299998941521108,0.2828184201751792,0.02022878326320011,13.980990180940744,-0.1768265167884356
3.63999972655053,0.28327583526989314,0.020310757853423362,13.947083477347805,-0.17704091768493935
3.650000131906743,0.28373329559697613,0.020392899923359454,13.913337321484532,-0.17725535686886515
3.659999964305162,0.2841907643179029,0.0204752009904039,13.879754560216254,-0.17746982053412164
3.66999979670358,0.2846482869371422,0.02055766730612884,13.84633201317935,-0.1776843229168736
3.680000202059793,0.2851058617378043,0.020640301394133954,13.813066790721978,-0.1778988682072529
3.6900000344582113,0.28556342930181433,0.020723093462848008,13.779961462499184,-0.17811342355673973
3.699999866856629,0.28602103701984005,0.0208060498270442,13.747012979276013,-0.17832801787873562
3.7100002722128425,0.2864787392591208,0.020889177291228564,13.714218385202475,-0.1785426753533824
3.7200001046112616,0.28693641720159124,0.02097246164571627,13.681580257422926,-0.17875733385835152
3.729999937009679,0.2873941418384434,0.021055910808863383,13.649095707484962,-0.1789720384652251
3.739999769408098,0.28785190599454347,0.02113952423039132,13.616763691432187,-0.17918677521690782
3.7500001747643115,0.28830969514332005,0.02122330402068455,13.584581121880415,-0.17940153965690658
3.7600000071627293,0.2887675016347825,0.021307243492623675,13.552550884151229,-0.17961632716302123
3.7699998395611476,0.2892253979388992,0.021391351147041562,13.520669917051931,-0.1798311809088445
3.780000244917361,0.28968333524763945,0.02147562625409723,13.488935401470407,-0.18004606875947085
3.790000077315779,0.29014127630845843,0.021560060310985976,13.457349938887523,-0.18026097622221543
3.7999999097141974,0.2905992357881862,0.021644657239139494,13.425910726029093,-0.18047590691175297
3.8099997421126153,0.2910572524367432,0.021729420231133542,13.394616577009327,-0.18069088420130872
3.8200001474688285,0.29151532068126673,0.021814351652006146,13.363464811224755,-0.18090590155140013
3.8299999798672477,0.2919734299666311,0.021899444632969764,13.332458190609232,-0.18112095890991317
3.839999812265666,0.29243153963369517,0.021984699491704937,13.301593671727591,-0.18133602994723358
3.850000217621879,0.2928896937185513,0.02207012213486038,13.270868730532476,-0.18155114186031088
3.860000050020297,0.29334785487802206,0.02215570413486251,13.240285801453382,-0.18176626853241382
3.869999882418716,0.2938061212679722,0.02224145582597904,13.209842177902454,-0.18198146821957856
3.8799997148171337,0.29426438395416193,0.022327369238782573,13.179536774221729,-0.18219668510384718
3.890000120173347,0.2947226990529278,0.022413451000909617,13.149367272401154,-0.18241193922852506
3.899999952571766,0.2951810551165015,0.02249969494474853,13.119335877280296,-0.1826272350786417
3.9099997849701835,0.295639405400261,0.022586100192380252,13.089440092893915,-0.18284254436087075
3.9200001903263972,0.29609785837044644,0.022672678203867883,13.059677189787537,-0.18305791622825407
3.9300000227248155,0.2965562852009735,0.022759412904419407,13.030049871953787,-0.1832732972077297
3.939999855123233,0.297014782076753,0.022846315144234883,13.000555240598734,-0.18348872868513927
3.950000260479447,0.297473329804649,0.022933385989256358,12.971190993951215,-0.18370419725035794
3.9600000928778654,0.2979318816193517,0.023020616359777795,12.941959370814494,-0.18391968910665876
3.969999925276283,0.2983904665914537,0.02310801088182021,12.912858147656783,-0.18413521509413672
3.979999757674702,0.2988491311512758,0.02319557386445762,12.883886076610494,-0.18435079699035448
3.990000163030915,0.2993078133186832,0.023283303080197618,12.855040897236082,-0.18456640371331062
3.999999995429333,0.29976650759197293,0.023371192331953308,12.8263249616978,-0.1847820300941752
4.009999827827752,0.30022528606922244,0.023459250231782705,12.797735780254213,-0.18499771968114684
4.020000233183965,0.30068407716282786,0.023547474186572544,12.769270911199753,-0.1852134299831078
4.030000065582383,0.30114289458074267,0.023635859440875737,12.740932705833732,-0.1854291698702511
4.039999897980802,0.30160178984235586,0.023724412523360286,12.71271899969633,-0.18564496864301358
4.049999730379221,0.302060658954775,0.023813125835358197,12.684628680971795,-0.18586076859293962
4.060000135735434,0.3025196434565652,0.023902013707312212,12.656659274026648,-0.186076642661812
4.0699999681338515,0.3029785954520999,0.023991057980235587,12.628813439644928,-0.1862925184392535
4.07999980053227,0.30343762525270174,0.024080270663452516,12.601088646118908,-0.18650845093990925
4.090000205888483,0.30389668089295324,0.024169650638876664,12.573482564292352,-0.18672440705930426
4.100000038286901,0.30435574932041964,0.024259190955364107,12.545997509992045,-0.18694039322719438
4.10999987068532,0.3048148965171489,0.024348899912584876,12.518631133704872,-0.18715643612003346
4.120000276041533,0.30527408905747455,0.024438777628972633,12.491381266776877,-0.18737251352711756
4.130000108439951,0.3057332843702276,0.02452881492514764,12.46425011983686,-0.18758861325137627
4.139999940838369,0.3061925270587816,0.024619018571249356,12.43723530946762,-0.18780475283477002
4.149999773236788,0.3066518045551887,0.024709387295926734,12.410336237100436,-0.18802092875395066
4.160000178593001,0.30711113954540226,0.024799926092878847,12.383550595886147,-0.18823714429149715
4.17000001099142,0.3075705114192689,0.02489062730310617,12.35688067133954,-0.1884533992597843
4.1799998433898375,0.30802991717759276,0.024981493510245367,12.33032432793756,-0.18866968738198567
4.190000248746051,0.30848937451769726,0.02507252960773647,12.303879159544742,-0.18888602048038647
4.200000081144469,0.3089488492741548,0.02516372664617538,12.27754750392314,-0.1891023799640103
4.209999913542888,0.30940835853900595,0.025255088842650337,12.25132726583336,-0.18931876965377334
4.219999745941306,0.30986790754845517,0.025346617156006213,12.225217497121816,-0.1895352015395039
4.230000151297519,0.31032753573475125,0.025438317310085667,12.199216322052639,-0.18975168842566426
4.239999983695937,0.3107871602136027,0.025530176666035773,12.173325875455468,-0.1899681861710429
4.2499998160943555,0.31124682476501664,0.025622202019927275,12.14754393564414,-0.19018472359288682
4.26000022145057,0.31170658001116897,0.02571440072227719,12.121868340533707,-0.1904013235071306
4.270000053848988,0.31216633086711854,0.025806758448446883,12.09630149756005,-0.19061794334696272
4.279999886247405,0.3126261059300034,0.02589928092926939,12.070841147434994,-0.19083458608137238
4.2899997186458245,0.313085916124861,0.025991969064044843,12.045486640639256,-0.19105126605166242
4.300000124002038,0.3135458102924895,0.026084830158592646,12.020235837694496,-0.19126800679915368
4.309999956400455,0.3140057336311803,0.02617785293557958,11.99509120950099,-0.19148477946695858
4.3199997887988735,0.3144656853719732,0.02627104133201383,11.970050269334624,-0.19170158265866324
4.330000194155088,0.31492571538110076,0.026364401927548874,11.945111299946706,-0.19191844053191176
4.340000026553505,0.31538574223869187,0.02645792218224587,11.920276281193615,-0.19213531795943076
4.349999858951923,0.31584579809496804,0.026551607779589818,11.895543227245103,-0.1923522251899779
4.3600002643081375,0.31630592717654454,0.02664546539950009,11.870910206825622,-0.192569186774149
4.370000096706555,0.3167660796742821,0.026739484987640852,11.846379233582594,-0.19278617686099192
4.379999929104974,0.3172262633963473,0.026833669926473656,11.821948479860263,-0.19300320123478795
4.389999761503392,0.317686516224101,0.0269280237985582,11.797617181291661,-0.19322027613051812
4.400000166859606,0.31814681369575776,0.027022547572481417,11.773383425171378,-0.1934373933201108
4.409999999258024,0.31860710551946314,0.027117230778207213,11.749249328788839,-0.19365452279807938
4.419999831656442,0.3190674683838857,0.027212083087556287,11.725212926818928,-0.19387170548639815
4.430000237012655,0.31952791228199007,0.027307108563111155,11.701272272877564,-0.19408894707730287
4.440000069411073,0.31998834662372133,0.027402292997089454,11.677429573419605,-0.19430620410478214
4.449999901809492,0.3204488084758576,0.027497643048586047,11.65368275054161,-0.19452348852024806
4.459999734207909,0.32090931818743657,0.027593160452529644,11.630031244138136,-0.19474081568762322
4.470000139564124,0.32136992794662056,0.027688852624751497,11.606473272906332,-0.19495821359023183
4.479999971962542,0.32183050620780557,0.02778470217776558,11.58301082907943,-0.19517560979777226
4.48999980436096,0.32229113631556155,0.027880719504160194,11.5596420052026,-0.1953930468491587
4.500000209717173,0.32275186984784937,0.027976912128581905,11.536364998556008,-0.19561056083981274
4.510000042115592,0.32321259585767614,0.028073264299439033,11.513181809218198,-0.19582808461456494
4.519999874514009,0.3236733443981988,0.02816978146387243,11.490090713458597,-0.19604563956333124
4.530000279870222,0.32413417760231916,0.028266472848680616,11.467089627259549,-0.19626325092745373
4.5400001122686415,0.32459500609865766,0.028363323903688727,11.444180773764785,-0.19648087687727345
4.549999944667059,0.32505590898489123,0.02846034480195305,11.421362293635484,-0.19669856177286416
4.559999777065478,0.325516861295616,0.028557533466885925,11.398633627552996,-0.19691629188333235
4.570000182421691,0.32597786266358575,0.028654892995379443,11.375993018579729,-0.1971340611526741
4.58000001482011,0.3264388688645676,0.02875241313717231,11.353442485233836,-0.1973518487418449
4.589999847218528,0.3268999094747462,0.028850099898947126,11.330980156733402,-0.19756966964284894
4.600000252574741,0.32736103300791725,0.0289479608356395,11.308604252527669,-0.1977875550718809
4.6100000849731595,0.32782218006127684,0.02904598407793146,11.286316868511587,-0.19800547264321278
4.619999917371578,0.328283363330841,0.029144174082974036,11.264116196815591,-0.19822342061098483
4.629999749769997,0.3287445774208467,0.029242530346113578,11.242001753262704,-0.19844140510691982
4.64000015512621,0.3292058576839711,0.029341059344798283,11.219971774547881,-0.19865943303423897
4.649999987524628,0.3296671904338028,0.029439753667386635,11.198028154665174,-0.19887751816650043
4.659999819923046,0.33012853332559644,0.02953861232503098,11.176169337035713,-0.19909561847669444
4.670000225279259,0.3305899609137256,0.029637645557329884,11.154393498439191,-0.19931378201529962
4.6800000576776775,0.331051405042779,0.029736840627069827,11.132702669880091,-0.19953196822704675
4.689999890076096,0.33151288240182897,0.029836202547623595,11.111095048797804,-0.19975019108534287
4.699999722474514,0.3319743865654358,0.029935730812081455,11.089570141092318,-0.199968443568451
4.710000127830727,0.3324359779678188,0.03003543378549277,11.068126411691336,-0.20018676016549986
4.719999960229146,0.33289759474566355,0.030135299765963925,11.04676566455304,-0.20040511101907335
4.729999792627564,0.33335928185335256,0.030235335834097928,11.025486327735983,-0.20062351056701397
4.740000197983777,0.33382097444370834,0.030335539679921236,11.004286654068027,-0.20084193037730905
4.750000030382195,0.33428272977354917,0.030435909830654684,10.983168620011602,-0.2010604044259777
4.759999862780615,0.3347445006761214,0.030536445215079432,10.962130605523745,-0.2012789025081747
4.770000268136827,0.33520635791717013,0.03063715592758065,10.941170868128967,-0.20149746201851784
4.780000100535245,0.33566822647416666,0.030738028137859325,10.920291469859507,-0.20171604325486414
4.789999932933664,0.3361301539121603,0.030839069962936252,10.899490623943468,-0.20193467363002834
4.799999765332082,0.3365921375568379,0.030940280759005623,10.878768042816413,-0.20215335466700832
4.810000170688295,0.3370541277106971,0.031041659739021153,10.85812197364565,-0.20237205260978886
4.820000003086713,0.3375162139940063,0.031143208390150594,10.837554363883386,-0.20259081990784608
4.829999835485132,0.33797829219088554,0.03124492029739482,10.817063669036338,-0.20280960059978126
4.840000240841346,0.3384404468356315,0.031346806790790493,10.796648254936873,-0.20302843834855103
4.850000073239764,0.33890264182433893,0.031448857911473775,10.776309994414582,-0.2032473108081441
4.8599999056381815,0.33936485244547154,0.03155107467821462,10.756047326647675,-0.20346621404053858
4.869999738036601,0.3398270928543247,0.03165345847828843,10.735859814099527,-0.20368514642828975
4.880000143392814,0.3402894405861224,0.031756019815208605,10.715745945691559,-0.20390415646394752
4.889999975791231,0.340751814091576,0.031858744469479165,10.69570756054175,-0.20412319502457682
4.89999980818965,0.3412142295624514,0.03196163744460794,10.675743073357951,-0.20434227713248498
4.910000213545863,0.34167668062528433,0.03206470160321691,10.655850937062999,-0.20456138865872273
4.920000045944281,0.34213919567562645,0.0321679325172641,10.636033120624239,-0.20478055459069755
4.9299998783426995,0.34260172486746826,0.03227132930160593,10.616287964636749,-0.20499974512881325
4.940000283698914,0.3430643215286707,0.03237490025234038,10.596614008219857,-0.205218992303655
4.950000116097332,0.34352698400258747,0.0324786384981271,10.577013073451251,-0.2054382859340261
4.95999994849575,0.34398964409112454,0.032582540734073934,10.557483742555089,-0.2056575998462888
4.9699997808941685,0.3444523386135633,0.03268661117090553,10.538025395552829,-0.20587694454252625
4.980000186250382,0.34491509578649837,0.03279085512123701,10.518636812344488,-0.2060963419241262
4.9900000186488,0.34537796892962724,0.03289527152490262,10.499319595771286,-0.20631582423364872
4.999999851047218,0.34584077666211294,0.032999846177591406,10.480072385820895,-0.20653528467196028
5.010000256403432,0.34630372589537023,0.033104602461731907,10.460893656575054,-0.20675483503288702
5.020000088801849,0.3467666738848549,0.033209519723378954,10.441785270406571,-0.2069744021069193
5.029999921200268,0.3472296714746474,0.033314606654111616,10.422745646669464,-0.20719401999309964
5.039999753598686,0.3476926876215579,0.0334198598615905,10.403774553859268,-0.20741366212502432
5.0500001589549,0.3481558080928983,0.033525291339457135,10.384870471897766,-0.20763337329345583
5.059999991353318,0.3486189235022392,0.03363088371712582,10.366035172745473,-0.20785310040008736
5.069999823751736,0.349082117523804,0.033736648217214005,10.34726731820638,-0.20807289252566782
5.08000022910795,0.34954537057797685,0.03384258708793139,10.328565297616631,-0.2082927258533848
5.090000061506368,0.35000863815446875,0.03394868856357369,10.309931044877576,-0.20851258682552998
5.099999893904785,0.3504719296621067,0.03405495711803858,10.291363117778385,-0.20873248124891328
5.1099997263032035,0.35093530787719907,0.034161399265646736,10.27286104846722,-0.2089524374189312
5.120000131659417,0.351398725234199,0.0342680136645492,10.25442351792122,-0.20917243235267324
5.129999964057837,0.35186217270802816,0.03437479218883307,10.236052359971312,-0.20939245762381867
5.139999796456253,0.3523256936656444,0.03448174309922888,10.217746030174547,-0.20961254861003661
5.1500002018124675,0.3527892568729168,0.034588866559616946,10.199503249545733,-0.209832670346572
5.160000034210887,0.3532528668282996,0.034696156290200605,10.181325674050829,-0.21005283630893704
5.169999866609304,0.35371650314462355,0.03480361371116912,10.163211960691008,-0.21027303610149659
5.180000271965517,0.35418021029825264,0.03491124671896612,10.14516076006642,-0.21049328989233076
5.190000104363936,0.35464394338043415,0.03501904363762989,10.1271738614629,-0.21071357599940105
5.199999936762354,0.3551077392433524,0.03512701231176869,10.10924971619006,-0.2109339145954956
5.209999769160772,0.35557155793603734,0.035235148218339146,10.091388171058407,-0.21115428242740103
5.2200001745169855,0.35603547498371824,0.03534346266791688,10.07358781817692,-0.21137471596964738
5.230000006915404,0.3564993947329693,0.03545193897076828,10.0558504014948,-0.2115951728775023
5.239999839313822,0.3569633756368279,0.035560586942458255,10.03817446023717,-0.2118156854930904
5.250000244670035,0.3574274263148028,0.03566941054982864,10.020558815108311,-0.21203624382587988
5.260000077068454,0.35789148112079733,0.03577839633199885,10.00300510396864,-0.21225682480096927
5.269999909466872,0.35835558841405407,0.03588755294097859,9.98551194068353,-0.2124774541133487
5.279999741865289,0.35881978329422665,0.03599688348308126,9.968079138375241,-0.21269814810631718
5.2900001472215035,0.3592840458096284,0.03610639005223694,9.95070527100145,-0.21291889017006888
5.299999979619922,0.3597482748052489,0.036216055110401796,9.933392074553248,-0.21313963571481934
5.309999812018341,0.36021261155640694,0.03632589631462922,9.916138295294907,-0.21336045950314686
5.320000217374554,0.36067698983171537,0.03643591093579278,9.898942569798761,-0.21358131992128637
5.3300000497729725,0.3611414127131899,0.036546092137965794,9.881806551295242,-0.21380222406854665
5.339999882171391,0.36160585562463976,0.036656440705295015,9.864729053533173,-0.21402315742038733
5.349999714569807,0.36207034810883587,0.03676696037869951,9.84770958435272,-0.2142441328286398
5.360000119926022,0.3625349189790851,0.03687765683410076,9.83074712718323,-0.21446516407166016
5.369999952324441,0.36299953796604506,0.03698852026583745,9.813843196677185,-0.2146862483246985
5.379999784722858,0.36346417802671543,0.03709955190215689,9.796996443118344,-0.2149073564376686
5.390000190079071,0.36392891810838435,0.037210762849636245,9.780205785594152,-0.21512853519808184
5.4000000224774904,0.3643936615899173,0.03732213642352997,9.763472740541808,-0.21534973837900423
5.409999854875908,0.36485846543110084,0.03743368178437902,9.746796148257992,-0.21557098571686006
5.420000260232121,0.3653233467441814,0.037545404752399446,9.730174681918546,-0.21579229416777437
5.430000092630539,0.3657882220327415,0.037657289188569726,9.713610031806821,-0.2160136233645091
5.439999925028958,0.3662531879384423,0.0377693487464293,9.697100958699155,-0.21623501376783857
5.449999757427376,0.36671816674478297,0.03788157582062963,9.680647090321804,-0.21645642960188427
5.460000162783589,0.367183246717421,0.03799398271672568,9.664247348193372,-0.21667791615203597
5.4699999951820075,0.36764835216578334,0.038106554930549846,9.647903171405332,-0.21689943859701272
5.479999827580426,0.36811353529803004,0.03821930090140151,9.631613520291557,-0.21712102043970052
5.490000232936639,0.36857876893102204,0.038332222033045565,9.61537707397386,-0.21734264451494997
5.500000065335057,0.369043994565699,0.038445304455162456,9.59919552714437,-0.21756428026759667
5.509999897733476,0.3695092696191717,0.038558558325027845,9.583067564518567,-0.21778596483443538
5.519999730131895,0.3699746335650251,0.0386719874271501,9.566993014309896,-0.21800771383592765
5.530000135488108,0.37044004870204217,0.038785592066571214,9.550970578616473,-0.21822950975836294
5.539999967886526,0.37090553118095587,0.038899366046193685,9.535001951972662,-0.21845135919088907
5.549999800284945,0.3713710080402164,0.0390133056614749,9.51908590527206,-0.21867322260692126
5.560000205641158,0.3718365757399609,0.039127425072029036,9.503221207515011,-0.21889515540219484
5.570000038039576,0.37230218326453596,0.03924171072323518,9.487409605822672,-0.2191171272725158
5.5799998704379945,0.3727678289012905,0.039356167151515076,9.471649702731284,-0.21933913658985185
5.590000275794208,0.3732335749815555,0.03947080423840432,9.455940464937537,-0.21956121795345404
5.600000108192626,0.3736993442390679,0.0395856062120176,9.44028347671529,-0.21978333002168016
5.609999940591044,0.3741651280123054,0.03970057624715379,9.424677508028111,-0.22000547187246874
5.619999772989462,0.3746309984576677,0.039815721993397224,9.409122319062655,-0.2202276751999699
5.630000178345675,0.3750969353309222,0.039931045099133554,9.393616781121045,-0.22044993160353854
5.640000010744094,0.3755629079255111,0.040046534730037865,9.378162441700884,-0.22067222457231464
5.649999843142512,0.3760289193368863,0.04016219497308,9.362758175665743,-0.22089455835286845
5.660000248498725,0.37649499198613157,0.04027803208508684,9.347402852025903,-0.2211169457797189
5.670000080897144,0.37696112465361625,0.04039403858729762,9.332097949031422,-0.22133938374180417
5.679999913295563,0.3774273072020391,0.04051021688643865,9.316842421754302,-0.22156186439452003
5.68999974569398,0.37789351046659836,0.04062656417208705,9.301635965717093,-0.22178437245698673
5.700000151050193,0.37835983683676166,0.04074309517023906,9.28647750633182,-0.22200696831029848
5.709999983448613,0.3788261301487422,0.040859785658562915,9.271368511678727,-0.22222956719903797
5.7199998158470295,0.3792925088279702,0.04097665205613366,9.256307916722424,-0.222452225966779
5.730000221203244,0.3797589982001469,0.04109370104476917,9.241294615601106,-0.22267496606530293
5.740000053601663,0.38022548838087333,0.04121091302025447,9.226330127507705,-0.2228977229898401
5.74999988600008,0.38069202901580484,0.041328297436577247,9.211413308279104,-0.22312052624148568
5.759999718398499,0.3811586096938326,0.04144585312423186,9.196543947384285,-0.2233433695939705
5.770000123754712,0.38162525493501775,0.0415635866877085,9.181720956913347,-0.22356626548751926
5.77999995615313,0.38209198407495965,0.04168149248511391,9.16694583840585,-0.22378922483086766
5.789999788551548,0.3825587337914757,0.041799567358064615,9.152217546042772,-0.2240122146821421
5.800000193907762,0.3830255351504672,0.0419178188142643,9.137534966874915,-0.22423524619085275
5.81000002630618,0.3834924028736817,0.042036240815021685,9.122899560910318,-0.22445833959294578
5.819999858704598,0.38395930164196224,0.042154833363425646,9.108310269709019,-0.22468146416823517
5.8300002640608115,0.38442628865507855,0.042273606626938624,9.093766047633727,-0.22490465649809624
5.84000009645923,0.3848933346558731,0.042392549434663085,9.079268404205896,-0.22512789962446944
5.849999928857648,0.3853603835436493,0.04251165993091673,9.064816197953137,-0.22535115885835164
5.859999761256066,0.3858274773436872,0.04263094260087366,9.050409252170283,-0.225574465302884
5.87000016661228,0.3862947379825161,0.042750414777709224,9.036046550452104,-0.22579788184371502
5.879999999010698,0.3867619654202478,0.04287004691662573,9.021729464687267,-0.22602129806478796
5.889999831409117,0.3872292046943428,0.04298984749754187,9.007457044747234,-0.22624473638351836
5.90000023676533,0.38769659185563954,0.04310983575546183,8.993228228815974,-0.22646827302829448
5.910000069163749,0.3881640119880689,0.0432299910832658,8.979044461064579,-0.22669184913414453
5.919999901562167,0.3886314412692335,0.043350315095951594,8.964904647383452,-0.2269154449849407
5.929999733960583,0.3890989160637938,0.04347081146044802,8.950808668888458,-0.2271390873879133
5.940000139316798,0.3895665068136732,0.043591492359803787,8.936755447558317,-0.22736280917421015
5.949999971715217,0.3900341468956574,0.04371234220808652,8.92274646457868,-0.22758657895046022
5.959999804113634,0.39050181524144306,0.043833362909475634,8.908780648382027,-0.22781038465663417
5.970000209469847,0.3909695497741389,0.043954562481795904,8.894857045524267,-0.22803423758779434
5.980000041868267,0.3914373308523935,0.04407593100839667,8.880977029794852,-0.2282581377882005
5.989999874266684,0.3919051762807166,0.04419747435042723,8.867139628238244,-0.22848209318067875
6.000000279622897,0.3923730661024897,0.04431919472617747,8.853343760569988,-0.22870608912587148
6.010000112021316,0.3928410372301679,0.04444108776804748,8.839590949720522,-0.22893015044806156
6.019999944419734,0.39330902569529136,0.0445631504156178,8.825880172902913,-0.2291542371567236
6.029999776818152,0.393777063725579,0.04468538674769634,8.812211158626244,-0.2293783744607101
6.040000182174365,0.3942452074816609,0.04480780662886198,8.79858304038735,-0.22960257998857322
6.0500000145727855,0.39471339615938206,0.044930395619914104,8.784997120845219,-0.229826838058413
6.059999846971202,0.3951815886624343,0.045053153007989906,8.771452435134812,-0.23005111081995588
6.070000252327415,0.3956498924315169,0.04517609493561368,8.75794804742218,-0.2302754597008351
6.0800000847258335,0.39611826084745466,0.045299208404453915,8.744485274681036,-0.2304998662157994
6.089999917124252,0.3965866385964468,0.04542249071307163,8.731063232565482,-0.23072429729876906
6.099999749522671,0.39705509421313545,0.0455459500334974,8.717681680173886,-0.23094879597838988
6.110000154878884,0.3975236283599659,0.04566959042219413,8.704339686102827,-0.2311733469789523
6.1199999872773025,0.3979921802156497,0.04579339714244047,8.691038556883957,-0.2313979292908834
6.129999819675721,0.3984607885584576,0.04591737835253416,8.677777409224992,-0.23162256310999435
6.140000225031934,0.39892951423851186,0.046041545285783844,8.664555278549448,-0.2318472766025731
6.150000057430352,0.3993982428689627,0.046165876722471556,8.651373508402427,-0.2320720132563132
6.159999889828771,0.3998670280818134,0.04629038298551939,8.638231146346321,-0.23229679713785495
6.169999722227188,0.40033587773202645,0.04641506501579031,8.625128018151713,-0.2325216374885251
6.180000127583402,0.40080479501637595,0.046539927390677506,8.612063178608693,-0.23274653239269383
6.1899999599818205,0.4012737720082488,0.046664960711342886,8.599038033920618,-0.23297147288694678
6.199999792380239,0.40174280205889684,0.0467901686179631,8.586051598554503,-0.23319646924879223
6.210000197736451,0.4022118634049616,0.04691555273018541,8.573102947717782,-0.23342149821923225
6.22000003013487,0.40268098022695337,0.047041107810530544,8.560193391891376,-0.23364657976239295
6.229999862533289,0.4031502243794103,0.04716684626082493,8.547322035271462,-0.23387174960023888
6.240000267889502,0.4036194844115694,0.047292758960850945,8.534488012122248,-0.2340969426459638
6.250000100287919,0.40408879699873484,0.047418842476324496,8.521692557140977,-0.23432218727117507
6.259999932686339,0.4045581448876957,0.04754509873825006,8.508934792940675,-0.23454746568217302
6.269999765084756,0.40502756950746616,0.04767153247102801,8.49621458579328,-0.23477280813795087
6.280000170440969,0.40549707772476506,0.047798149027749676,8.48353097291173,-0.23499821249619726
6.290000002839389,0.4059666169923307,0.04792493393429921,8.470885271305216,-0.2352236578669903
6.299999835237806,0.40643622920797123,0.04805189595260592,8.458276643419929,-0.23544916144215602
6.31000024059402,0.40690591278708704,0.04817903933065246,8.445704157662718,-0.23567471938420187
6.320000072992438,0.40737564327530706,0.048306353015120845,8.43316909367574,-0.2359003251364389
6.329999905390856,0.4078454290647935,0.04843384215786064,8.420670566161178,-0.23612597820047584
6.339999737789275,0.4083152366236349,0.04856150266317165,8.40820844148415,-0.2363516629031971
6.350000143145488,0.4087851551686749,0.04868934957373294,8.39578180336193,-0.2365774253335885
6.359999975543906,0.40925510661302616,0.048817365141380464,8.383391963654292,-0.23680322854870478
6.369999807942325,0.40972511969329567,0.048945557076170064,8.371038030186748,-0.23702908688202468
6.380000213298538,0.41019523210003433,0.04907393400846793,8.358719152804284,-0.237255010852688
6.390000045696956,0.41066532991723853,0.04920247402004803,8.346436598897627,-0.23748095037378683
6.399999878095374,0.4111355548047733,0.049331198572396796,8.33418945216595,-0.23770697904080954
6.410000283451588,0.41160582504970883,0.04946010166101247,8.321976931441736,-0.23793304949053787
6.420000115850006,0.41207612786098785,0.049589173853106926,8.309800221347505,-0.23815915801273882
6.429999948248424,0.4125465225148126,0.0497184262101126,8.297658513392399,-0.23838533754048633
6.4399997806468425,0.41301693536856776,0.04984784995091127,8.285551649174337,-0.23861154344137478
6.450000186003056,0.41348746836288325,0.04997746183304356,8.273478748164399,-0.23883783540676176
6.460000018401474,0.41395800562769103,0.05010723929743596,8.26144108978827,-0.2390641512491806
6.469999850799893,0.4144286339104615,0.05023719708557057,8.249437826010723,-0.2392905339503181
6.4800002561561065,0.414899321473026,0.05036733568888861,8.237468109010097,-0.23951697078647674
6.490000088554525,0.41537007320821123,0.050497647383043,8.225533163109132,-0.239743462956365
6.499999920952943,0.4158408492834735,0.05062813144978347,8.213632171985918,-0.23996998298460556
6.50999975335136,0.4163117351014359,0.05075879842346898,8.201764975369251,-0.24019658413263717
6.520000158707574,0.41678267861357565,0.05088964605046377,8.189930780817003,-0.2404232321605278
6.529999991105993,0.41725362058942156,0.051020659004136944,8.178130755927498,-0.24064990763201027
6.53999982350441,0.41772467913758327,0.051151855851390586,8.166364097349309,-0.24087666211591724
6.550000228860624,0.41819583378805486,0.05128323830057259,8.154630004778493,-0.24110349081880622
6.560000061259043,0.418667000209559,0.051414787579269025,8.142929688546838,-0.2413303413780224
6.56999989365746,0.4191382107411218,0.05154651205976806,8.131262310340844,-0.24155723920638222
6.5799997260558785,0.41960950150750537,0.0516784161402327,8.11962774495387,-0.24178419413038824
6.590000131412092,0.4200809070513314,0.05181050844811169,8.108025179332936,-0.24201123750745565
6.599999963810511,0.42055227794999456,0.05194276219637962,8.096455794168506,-0.24223827829180036
6.609999796208928,0.42102378833054593,0.052075202865709935,8.084918832025872,-0.24246541608409908
6.620000201565142,0.4214953298851613,0.05220782178953269,8.073413435717562,-0.24269259296281684
6.630000033963562,0.4219669377381003,0.05234061446238348,8.061940847892844,-0.2429198237193913
6.639999866361978,0.42243862111129926,0.05247358649407572,8.050500248520132,-0.24314711515552184
6.650000271718191,0.4229103805498932,0.05260674234447897,8.039090840877305,-0.24337446805244256
6.66000010411661,0.4233821616480171,0.05274006679532615,8.02771379283762,-0.24360185304107854
6.669999936515028,0.4238539899069453,0.05287356705173259,8.016368358356413,-0.24382928037728555
6.679999768913447,0.4243259304412815,0.053007251466400174,8.005054378460839,-0.2440567940292796
6.69000017426966,0.4247979144061537,0.05314111580023043,7.9937710755465865,-0.2442843495094273
6.700000006668079,0.42526993889817816,0.0532751512520421,7.982519596917654,-0.24451194541049034
6.709999839066497,0.4257420704982532,0.05340937026158062,7.971299201116129,-0.2447396192830588
6.72000024442271,0.426214269150492,0.05354377245498566,7.960109077275253,-0.2449673514605851
6.7300000768211286,0.42668651337808233,0.053678346182036464,7.948950437688291,-0.2451951246633692
6.739999909219547,0.4271587908307915,0.053813094655990115,7.937822449377441,-0.24542294066395307
6.749999741617965,0.4276311747216437,0.05394802683204248,7.9267250320942555,-0.2456508343007254
6.7600001469741775,0.4281036324379612,0.054083143219094874,7.915657392612726,-0.2458787844742408
6.769999979372597,0.4285760978218958,0.05421842676597942,7.904620686832906,-0.24610675911819405
6.779999811771015,0.4290486586171019,0.05435389274873669,7.893614181425376,-0.24633481226076492
6.790000217127228,0.42952130798550076,0.054489545073504675,7.882637071131537,-0.24656292270905322
6.8000000495256465,0.4299939940520566,0.05462536822081457,7.871690536050442,-0.24679108084570664
6.809999881924065,0.43046675229565795,0.054761371215551836,7.8607738035129495,-0.24701929761852762
6.819999714322482,0.4309395480831115,0.054897549516653696,7.8498867777765176,-0.2472475574316805
6.8300001196786955,0.4314124570932239,0.05503391748359018,7.839028672124984,-0.2474758900641046
6.8399999520771155,0.4318854109157819,0.05517045777959438,7.828200604047211,-0.24770427548116924
6.849999784475532,0.4323584274272096,0.055307176612697934,7.817401898037672,-0.24793271373328007
6.860000189831745,0.43283153235941885,0.05544408200878601,7.806631775251138,-0.24816121849112505
6.870000022230165,0.433304667858459,0.05558115789186529,7.7958913468745195,-0.24838975817223377
6.879999854628582,0.433777896745962,0.055718416617498684,7.785179893459707,-0.2486183760712035
6.890000259984796,0.43425118246347066,0.055855858078843905,7.77449666694761,-0.24884703688252016
6.900000092383214,0.43472453296152486,0.055993474509936934,7.76384278286528,-0.24907575790297504
6.909999924781633,0.4351979142412261,0.056131266030014906,7.753217502853294,-0.24930451484521282
6.919999757180051,0.4356713899000555,0.05626924067430874,7.742620740552719,-0.2495333442339264
6.930000162536264,0.4361449811834758,0.0564074058179822,7.732051755594768,-0.24976225697599874
6.9399999949346824,0.43661857446133295,0.05654573784207982,7.721511666904329,-0.2499911865559369
6.949999827333101,0.43709227898615793,0.056684255809040844,7.710999690260448,-0.25022020911272713
6.960000232689314,0.43756601731777683,0.05682295361204674,7.700515188020968,-0.25044925727645756
6.970000065087732,0.4380398124772966,0.05696182561157114,7.690059224301158,-0.2506783611900204
6.979999897486151,0.4385137009542161,0.057100881207347014,7.679631061416855,-0.250907539224973
6.989999729884569,0.43898763343215286,0.057240113940111546,7.669230600963709,-0.2511367589259085
7.000000135240782,0.43946167338464803,0.05737953650448918,7.658857149364844,-0.2513660574330992
7.0099999676392,0.43993577239480003,0.05751913375224788,7.648511785482289,-0.25159540822035825
7.019999800037619,0.44040989471512365,0.05765890566909027,7.638193781246496,-0.2518247970393416
7.030000205393832,0.44088413716966623,0.057798869171174466,7.627902474423229,-0.25205426581439705
7.04000003779225,0.4413584125728888,0.05793900413340529,7.617638914825935,-0.252283774572126
7.049999870190669,0.4418327878945682,0.058079323860798046,7.607402402850513,-0.25251335941773173
7.060000275546883,0.442307231492923,0.05821982875450923,7.597192244552343,-0.252743001840653
7.070000107945301,0.4427817194322337,0.0583605066078841,7.587009523533111,-0.25297269022786384
7.079999940343719,0.44325625532306406,0.058501362449067916,7.576853542666959,-0.25320242024297895
7.089999772742136,0.4437308714568455,0.05864240088253903,7.566724158269717,-0.2534322236631337
7.10000017809835,0.4442055995420601,0.058783630425841324,7.55662071777702,-0.2536620987379687
7.110000010496769,0.4446803512561452,0.05892503019462811,7.546544308715253,-0.25389201391609223
7.119999842895187,0.44515521071028774,0.05906661636856583,7.536494183661944,-0.2541220044957785
7.1300002482514,0.4456301155396187,0.05920838505928516,7.526469689950345,-0.2543520415601001
7.140000080649818,0.4461051028171343,0.059350332024057394,7.516471898359517,-0.2545821456338361
7.149999913048237,0.4465801243676651,0.059492455626349944,7.506500104357253,-0.2548122919291492
7.159999745446655,0.44705522327808644,0.05963476162590486,7.49655420914585,-0.25504249395084244
7.170000150802868,0.447530461400531,0.05977726285927011,7.486633545837053,-0.2552727942926918
7.179999983201287,0.44800569959861625,0.05991993187325956,7.476739134921273,-0.25550311721440433
7.189999815599705,0.4484810218912952,0.06006278408052383,7.466870355027735,-0.2557335065348214
7.200000220955919,0.4489564353721483,0.0602058252898873,7.457026512143153,-0.255963967991055
7.210000053354336,0.4494319090968283,0.06034904261945894,7.44720859833348,-0.2561944839708025
7.219999885752754,0.44990744315180126,0.06049244015280487,7.437416014552031,-0.2564250512390249
7.229999718151173,0.45038305306829357,0.06063602035190657,7.427648622954726,-0.2566556793572754
7.240000123507386,0.4508587333910899,0.06077978682090158,7.417905803447865,-0.2568863698311994
7.249999955905806,0.45133445133896727,0.06092372657946411,7.408188511749723,-0.25711709991311776
7.2599997883042215,0.4518102886195611,0.06106785458578833,7.398496175837591,-0.25734791594306444
7.270000193660435,0.45228620861607033,0.06121217102887883,7.388828087843668,-0.2575787956479516
7.280000026058855,0.45276215936564707,0.061356659712860084,7.37918526667693,-0.2578097167810619
7.289999858457273,0.45323819469643867,0.061501332345501154,7.36956708759161,-0.2580407046039903
7.300000263813486,0.45371431477029434,0.06164619387137175,7.359972875486762,-0.2582717578053003
7.310000096211905,0.4541905080792029,0.061791233536098944,7.350403642838124,-0.25850286953617363
7.319999928610324,0.4546667478330025,0.061936452041912,7.340858780953943,-0.2587340310209482
7.32999976100874,0.4551430884413513,0.062081857164731455,7.331338159450503,-0.2589652693636198
7.340000166364954,0.4556194980608526,0.06222744933382831,7.321841131822948,-0.25919656599977375
7.349999998763373,0.45609593484452327,0.06237321329028448,7.312368736269144,-0.25942789935831806
7.359999831161791,0.4565724960526837,0.06251916724841741,7.3029203066399,-0.25965931827684335
7.370000236518004,0.4570491379217376,0.06266530999209968,7.293495204593396,-0.25989080572063256
7.380000068916423,0.4575257994451232,0.06281162362183525,7.2840944567793855,-0.2601223216919774
7.38999990131484,0.45800257829612234,0.06295812642273214,7.2747174085338155,-0.26035392513637096
7.399999733713258,0.4584794077282412,0.0631048095394622,7.265363940945483,-0.2605855786451313
7.410000139069472,0.458956325638724,0.06325168227490348,7.256033501907746,-0.2608172955781474
7.419999971467892,0.45943328981044423,0.06339873021077216,7.246726997260606,-0.26104906069114375
7.42999980386631,0.45991036457935414,0.0635459664054938,7.237443862992271,-0.26128091318631347
7.440000209222523,0.4603875070897302,0.06369339016257562,7.228183425542333,-0.2615128197913383
7.45000004162094,0.460864716489103,0.06384099161122131,7.218946712101147,-0.2617447842275364
7.459999874019358,0.4613419967316521,0.06398877633284226,7.2097330683735565,-0.2619768068268943
7.470000279375572,0.46181933865093994,0.0641367476569028,7.200541897157394,-0.2622088877772898
7.4800001117739905,0.4622967946080235,0.06428490362495029,7.191374156911649,-0.2624410495272193
7.48999994417241,0.46277428188049474,0.06443323754786215,7.182229226596565,-0.2626732515538708
7.499999776570828,0.46325185735769175,0.06458175710964252,7.173107052061377,-0.26290552265919426
7.510000181927041,0.46372953160980895,0.06473046894058404,7.164006984646833,-0.2631378648984603
7.520000014325459,0.46420722810824977,0.06487935272332451,7.15493001429659,-0.26337024695367417
7.529999846723877,0.4646850525169925,0.06502842798760293,7.145875533168054,-0.263602720361523
7.54000025208009,0.4651629911609156,0.0651776977076509,7.136842931264083,-0.26383527068678403
7.5500000844785085,0.4656408903977038,0.06532713114947611,7.1278331407553015,-0.26406782587027133
7.559999916876928,0.46611892769116414,0.06547675754755337,7.118845604910094,-0.2643004755213265
7.569999749275344,0.46659706203556317,0.06562657147770899,7.10988021359686,-0.2645332035456152
7.580000154631558,0.4670752463147698,0.06577657116607998,7.100936367379906,-0.264765971319914
7.589999987029977,0.46755350271722923,0.06592675026408673,7.092015014304849,-0.26499881100134465
7.599999819428395,0.46803185139248665,0.06607711623801699,7.083115578267442,-0.26523171619201774
7.610000224784608,0.46851028601651645,0.06622767319627429,7.074237450982545,-0.26546469037974946
7.620000057183026,0.46898874888249564,0.0663784033445227,7.0653815887723495,-0.265697702061978
7.629999889581444,0.46946732549598036,0.06652932397406972,7.056547360663978,-0.26593079606751047
7.639999721979862,0.46994596062107824,0.06668042692561835,7.047734729492665,-0.2661639504721806
7.650000127336075,0.4704246910203731,0.06683172251855643,7.038943084098356,-0.2663971682731198
7.659999959734495,0.47090348465375864,0.06698319652474227,7.030173373105838,-0.2666304442318015
7.669999792132914,0.47138239148895045,0.0671348608682661,7.021425015148391,-0.26686380956330047
7.680000197489127,0.4718613561190015,0.0672867127477524,7.012697408594437,-0.2670972226732103
7.690000029887545,0.4723403911612114,0.06743874403869686,7.003991516956171,-0.26733069976624513
7.699999862285963,0.47281953293109713,0.06759096525076329,6.99530671261952,-0.2675642557089307
7.710000267642176,0.4732987122298702,0.06774337117168058,6.986642442555735,-0.2677978498759634
7.720000100040594,0.4737779896764087,0.06789596071420183,6.977999643759491,-0.26803152589150575
7.729999932439013,0.47425731206994376,0.06804873154523255,6.969377698902455,-0.26826524411651465
7.739999764837432,0.4747367446484399,0.06820169256397089,6.960776584879515,-0.2684990438722079
7.750000170193645,0.47521627673282013,0.06835484748207862,6.952195699908672,-0.26873291958533124
7.760000002592062,0.4756958743006821,0.06850818170773428,6.943635963512635,-0.268966853670396
7.769999834990481,0.4761755098195389,0.06866169632411316,6.935096790673256,-0.26920083003931494
7.780000240346694,0.4766553110482712,0.06881541431109936,6.926577654439706,-0.26943491504196165
7.790000072745112,0.47713508541142946,0.06896929857204358,6.918079425050644,-0.2696690133468658
7.799999905143532,0.4776150117692591,0.0691233796833366,6.909601555324364,-0.269903218066706
7.809999737541948,0.4780950265516817,0.0692776485350495,6.901143971562488,-0.27013748655777303
7.820000142898162,0.47857511667725344,0.06943210833626952,6.892706100172653,-0.27037182044673086
7.82999997529658,0.47905523817035295,0.06958674285250206,6.884288853492847,-0.27060619211382014
7.8399998076949995,0.4795354574980791,0.06974156655679017,6.875891683729186,-0.2708406415412187
7.850000213051213,0.48001578367130876,0.06989658614571229,6.867513996615337,-0.2710751704333786
7.860000045449631,0.48049619656161596,0.07005178835601977,6.859156744430571,-0.27130976451448463
7.86999987784805,0.4809766504758167,0.07020717197805511,6.850819324073575,-0.27154440813578967
7.880000283204262,0.48145723130457546,0.07036275432919524,6.842501205283361,-0.27177914366129574
7.890000115602681,0.4819378591535818,0.07051851395994449,6.834203276423682,-0.2720139230757136
7.899999948001099,0.4824185767679822,0.07067446222050304,6.8259249750333435,-0.27224877833848726
7.9099997803995175,0.4828993948687608,0.07083060048863334,6.817666256355612,-0.2724837060088061
7.920000185755731,0.4833802754485888,0.07098692840724309,6.809426556330158,-0.27271868745677635
7.930000018154149,0.48386125809202846,0.07114344202644585,6.801206749487392,-0.27295375371697234
7.939999850552566,0.48434229374311005,0.07130013905893423,6.793006298946619,-0.2731888682488129
7.95000025590878,0.4848234289813349,0.07145703130655251,6.7848246717867395,-0.27342405659555313
7.960000088307198,0.48530465005902085,0.0716141067245268,6.776662758998166,-0.27365931598707605
7.969999920705617,0.48578593482192844,0.07177136761173279,6.7685199681567,-0.2738946299281476
7.979999753104035,0.4862673296767534,0.07192882039266808,6.760396278183927,-0.2741300307060925
7.990000158460249,0.48674879512414515,0.0720864644716074,6.7522911366510465,-0.274365488487808
7.999999990858666,0.4872303493915771,0.07224429255360615,6.744205419826711,-0.27460101886981575
8.009999823257084,0.48771199949939426,0.07240231084993695,6.736138581408538,-0.27483662658428154
8.020000228613299,0.4881937130911466,0.07256051953503026,6.728090099402608,-0.2750722872770165
8.030000061011716,0.4886755270256405,0.07271891422227598,6.720060829455351,-0.2753080211223017
8.039999893410135,0.48915738696662486,0.0728774919768494,6.712050232491712,-0.27554381139972106
8.049999725808554,0.48963935180012497,0.07303626133597008,6.704058269737576,-0.2757796758046897
8.060000131164767,0.49012143527758345,0.07319522957265391,6.696084405215052,-0.2760156269944811
8.069999963563184,0.4906035431749191,0.07335437268852232,6.688129489677761,-0.2762516134146317
8.079999795961603,0.49108579561734544,0.07351371365334645,6.680193003621855,-0.2764877021148011
8.090000201317816,0.4915681291048814,0.07367324828268934,6.672274408462357,-0.2767238576658598
8.100000033716235,0.492050508787032,0.07383296109318063,6.6643745760926665,-0.2769600617491063
8.109999866114654,0.49253300966327934,0.07399286858565407,6.656492971253353,-0.27719635391949876
8.120000271470868,0.49301562750394673,0.07415297516728728,6.648629085909442,-0.277432731938711
8.130000103869286,0.4934982350594486,0.07431325167047452,6.640783762871204,-0.2776691297118584
8.139999936267703,0.4939809708864583,0.07447372409008719,6.632956481253897,-0.2779056168752175
8.149999768666122,0.4944638203736886,0.07463439034502997,6.625147175287616,-0.2781421897465824
8.160000174022334,0.4949467634961664,0.0747952524476247,6.6173553440808615,-0.27837883312320255
8.170000006420754,0.4954297302067107,0.07495628983694973,6.609581814740362,-0.27861551570427806
8.179999838819171,0.4959128434224224,0.07511752608572436,6.601826088581313,-0.27885229534262085
8.190000244175383,0.49639605418252447,0.0752789590051248,6.59408765401141,-0.27908915806351803
8.200000076573803,0.49687928920774943,0.07544056750622682,6.58636733037218,-0.27932605003074557
8.209999908972222,0.4973626529509997,0.07560237245877013,6.57866462090508,-0.2795630429282592
8.21999974137064,0.4978460761125047,0.07576436359849012,6.570979448211535,-0.2798000862586891
8.230000146726853,0.4983296376193503,0.0759265577567669,6.56331134114844,-0.28003722457052393
8.23999997912527,0.4988132233329856,0.07608892770686228,6.555661097692126,-0.28027440195669556
8.249999811523688,0.4992969693222247,0.07625149918154475,6.54802823133306,-0.280511688213305
8.260000216879902,0.49978079618650845,0.07641426537222272,6.540412235228834,-0.28074904444595106
8.270000049278321,0.5002646527890048,0.07657720811251242,6.532813941897465,-0.28098643634095194
8.279999881676739,0.5007486298387003,0.0767403468718377,6.5252328175554,-0.28122392148111247
8.289999714075158,0.5012326924244598,0.07690367588586668,6.517668845483316,-0.28146147167974045
8.300000119431372,0.5017168620660738,0.07706720396214051,6.510121507879586,-0.2816990989777437
8.309999951829788,0.5022010854330451,0.07723091263368391,6.502591621764837,-0.2819367828939106
8.319999784228207,0.5026854475666807,0.07739482019763548,6.495078692385649,-0.28217456617582115
8.33000018958442,0.5031698943542067,0.07755892329556856,6.487582253259001,-0.2824124204076446
8.34000002198284,0.503654414416371,0.07772321039657548,6.480103071483036,-0.28265033544844054
8.349999854381258,0.504139032465645,0.07788769029965113,6.472640676929959,-0.28288832678747305
8.360000259737472,0.5046237348701046,0.07805236592431312,6.465194602293478,-0.283126383537637
8.37000009213589,0.505108510198463,0.0782172257447082,6.4577656058408115,-0.2833645065952551
8.379999924534307,0.5055934016379259,0.07838228111764092,6.450353248575406,-0.2836027173442031
8.389999756932726,0.5060783634356558,0.078547525456396,6.442957438762276,-0.2838409891223966
8.400000162288938,0.5065634333965406,0.07871296960232331,6.4355777193494275,-0.2840793361054254
8.409999994687357,0.5070485827236008,0.07887859896837246,6.428214868863345,-0.2843177563459123
8.419999827085777,0.5075338279736288,0.079044421301864,6.420868413159732,-0.2845562516977292
8.430000232441989,0.5080192299814423,0.07921045125261761,6.41353788480853,-0.2847948541166288
8.440000064840406,0.5085046272749265,0.07937665352956237,6.406224055358335,-0.28503347785942135
8.449999897238825,0.5089901737533045,0.07954305712822986,6.398926469883739,-0.28527220332606246
8.459999729637243,0.5094757669024415,0.07970964650081135,6.391645042576567,-0.2855109795578094
8.470000134993457,0.5099615105114861,0.07987644288380173,6.384379325120173,-0.2857498596011937
8.479999967391874,0.5104473204392651,0.08004342282233877,6.377130093152487,-0.2859888011664514
8.489999799790292,0.510933212228388,0.08021059398764577,6.36989687804934,-0.2862278063478432
8.500000205146506,0.5114192080624022,0.08037796505195734,6.36267922100061,-0.2864668951038408
8.510000037544925,0.5119053106111869,0.08054552646676644,6.355477865333739,-0.2867060647053802
8.519999869943344,0.5123915212181658,0.08071328334786639,6.348292374748382,-0.2869453180508518
8.530000275299557,0.512877807202234,0.08088123587673486,6.341122284331477,-0.28718462775621484
8.540000107697976,0.5133641420088558,0.08104936971187435,6.333968343416298,-0.2874239971939088
8.549999940096393,0.5138506636243582,0.08121771173923731,6.326830104179239,-0.28766348995614316
8.55999977249481,0.5143371863764387,0.08138623268394662,6.319707515812945,-0.28790300133136554
8.570000177851025,0.5148238764682671,0.08155496443660049,6.312600097673795,-0.28814263023498676
8.580000010249444,0.5153105994930682,0.08172387492679584,6.305508640585847,-0.2883823000140855
8.589999842647861,0.515797508616171,0.0818929939227559,6.298432673040233,-0.28862209836125746
8.600000248004076,0.5162844674585853,0.08206230495393632,6.291371754039678,-0.2888619406520889
8.610000080402493,0.5167714978922733,0.08223180149318217,6.284326604897727,-0.28910184839570985
8.61999991280091,0.5172586491241659,0.08240149615396142,6.27729681215623,-0.28934184991710576
8.62999974519933,0.5177459013738361,0.08257138620108752,6.270282299887283,-0.289581923307332
8.640000150555542,0.5182332726367794,0.08274147983798767,6.263282620174409,-0.28982208722819125
8.649999982953961,0.5187206635192951,0.08291175052010631,6.256298537485396,-0.2900622865917325
8.65999981535238,0.5192082171868614,0.08308222668611216,6.24932958463487,-0.29030259415101184
8.670000220708594,0.5196958694776078,0.0832529032329749,6.242375332224643,-0.2905429821569535
8.68000005310701,0.5201835975564607,0.0834237660988858,6.235436517453127,-0.29078343483834557
8.68999988550543,0.5206713932915837,0.08359481949347444,6.228512681126469,-0.29102395110362855
8.699999717903847,0.5211593036428336,0.08376607080628139,6.221603790490233,-0.29126454790431033
8.71000012326006,0.5216473828117475,0.0839375340591838,6.214709410499686,-0.29150526034122776
8.71999995565848,0.5221354720638626,0.08410917349675993,6.207830256279672,-0.2917460050970802
8.729999788056896,0.5226237308032731,0.08428101997244263,6.2009658992517585,-0.2919868654340527
8.74000019341311,0.5231120777198532,0.08445306591732411,6.194115891919865,-0.29222779696759105
8.750000025811529,0.5236004949694524,0.08462529747728556,6.1872809972690845,-0.29246878904837836
8.759999858209948,0.5240890387726949,0.08479772959630877,6.180460741905387,-0.2927098794044164
8.77000026356616,0.5245776742495667,0.08497036201184632,6.173654693579293,-0.29295103306305026
8.78000009596458,0.525066381608151,0.08514318059081821,6.166863605102084,-0.29319225832186285
8.789999928362997,0.5255552359741832,0.08531620325284085,6.16008701672602,-0.2934335848996884
8.799999760761414,0.5260441623782371,0.0854894176808614,6.1533248985506095,-0.2936749738966881
8.810000166117629,0.5265331945163435,0.08566283482997399,6.146576815504897,-0.29391644627547253
8.819999998516048,0.5270223200515755,0.08583644211070479,6.139843487127127,-0.29415799026981976
8.829999830914465,0.5275115742869366,0.08601025071642535,6.133124481012563,-0.2943996270007127
8.84000023627068,0.5280009065284187,0.08618425786897509,6.126419366877095,-0.294641335165294
8.850000068669097,0.5284903378509648,0.08635845628131418,6.1197288674243815,-0.29488312241687864
8.859999901067514,0.5289798889790693,0.08653285472037833,6.113052558920092,-0.2951249927374751
8.869999733465933,0.5294695378161242,0.08670744964086394,6.106390396778468,-0.2953669463473191
8.880000138822146,0.5299593124590243,0.08688225123462621,6.099741948765403,-0.29560898752193393
8.889999971220567,0.5304491809202968,0.08705724364807285,6.093107921778765,-0.2958511053916247
8.899999803618984,0.5309390951063332,0.08723242422243381,6.086487906750047,-0.29609326933137603
8.910000208975198,0.5314291623869025,0.08740781619585529,6.079881474170749,-0.2963355418746622
8.920000041373616,0.5319193418638576,0.08758340196155193,6.073289344222594,-0.29657790266468986
8.929999873772033,0.5324096403443105,0.08775918835210407,6.066711079963466,-0.2968203519205389
8.940000279128247,0.5329000080476939,0.08793517263044877,6.060146265786369,-0.29706285804441823
8.950000111526665,0.5333904738027292,0.0881113484432494,6.053595629015647,-0.2973054458403701
8.959999943925084,0.533881070530475,0.08828772722815927,6.047058716901642,-0.29754812738240993
8.969999776323503,0.5343717438482063,0.08846429970716418,6.040535511128121,-0.29779087770248824
8.980000181679715,0.5348626014151522,0.08864108951578818,6.0340255781703345,-0.29803375026892737
8.990000014078133,0.5353534800242263,0.08881805853521943,6.027529635901017,-0.29827665620580157
8.999999846476552,0.5358444965608534,0.08899523179639006,6.021047260001508,-0.29851966306889766
9.010000251832764,0.5363356130589806,0.0891726085426348,6.014578039427323,-0.29876274945643777
9.020000084231183,0.5368268334005767,0.08935017864008286,6.008122664902585,-0.29900591660577786
9.029999916629603,0.5373181619717852,0.0895279482553717,6.001680731464165,-0.2992491664350328
9.039999749028018,0.537809610245712,0.08970591925800485,5.995252205140532,-0.2994925068726809
9.050000154384232,0.5383011835947586,0.08988409830250496,5.988836665892846,-0.2997359385512117
9.059999986782652,0.5387928219781342,0.09006246454444691,5.98243479904143,-0.2999794282776477
9.069999819181069,0.5392845826340005,0.09024103286929826,5.976046211872155,-0.30022301143429486
9.080000224537283,0.5397764623766381,0.0904198085083533,5.969670487930437,-0.30046668193838866
9.090000056935702,0.5402684345279217,0.09059877619071538,5.963308305518687,-0.3007104281102028
9.099999889334118,0.5407605437551652,0.09077794855804676,5.9569592874131,-0.300954271857676
9.109999721732537,0.5412527108116523,0.09095731280930179,5.950623364901132,-0.30119817242182345
9.12000012708875,0.541745060333412,0.09113689526776995,5.944300151346027,-0.30144219688044654
9.12999995948717,0.5422374819569123,0.09131666646603494,5.93799032467525,-0.3016862868854554
9.139999791885588,0.5427299995423012,0.09149663617941467,5.9316934720755015,-0.3019304545675897
9.150000197241802,0.5432226562439413,0.09167681684650057,5.925409224815127,-0.3021747160724358
9.16000002964022,0.5437153856429876,0.09185718668978517,5.919138232256035,-0.30241904850746826
9.169999862038637,0.5442082642867466,0.09203776425218575,5.912880095561671,-0.3026634810818429
9.18000026739485,0.5447012686150631,0.09221855108357134,5.906634426748234,-0.30290801375587356
9.190000099793268,0.5451943567156593,0.09239952887948455,5.900401910346847,-0.3031526096590482
9.199999932191687,0.5456875276795693,0.09258070350054211,5.894182124856871,-0.3033972726061547
9.209999764590107,0.5461808557526567,0.0927620873092382,5.887975050969583,-0.30364205753871076
9.220000169946319,0.5466743012625702,0.09294367942834109,5.881780284844998,-0.3038869188616793
9.230000002344736,0.5471678059793965,0.09312545883210793,5.875598497354659,-0.30413184424809997
9.239999834743156,0.547661462961532,0.09330744669266679,5.86942931538361,-0.3043768731082798
9.250000240099368,0.5481552291480525,0.09348964195795513,5.863272311969844,-0.3046219862360681
9.260000072497787,0.5486491281356053,0.09367203717475407,5.857128174890104,-0.3048671993064286
9.269999904896206,0.549143109883952,0.09385462946782686,5.850996514478776,-0.3051124817613262
9.279999737294622,0.5496371913500375,0.09403742193507078,5.844877284380901,-0.30535784202656097
9.290000142650838,0.5501314264863195,0.09422042946552298,5.838770101208496,-0.30560330781695705
9.299999975049255,0.5506257659951711,0.09440363242808932,5.832675627334603,-0.3058488616845969
9.309999807447674,0.5511202409188324,0.09458704190291635,5.826593472333127,-0.30609450818169254
9.320000212803887,0.5516148045333098,0.09477065564529297,5.820523249283938,-0.3063402330104055
9.330000045202306,0.5521095078156762,0.0949544711060898,5.814465621095617,-0.3065860551061934
9.339999877600725,0.5526042813271281,0.09513848218029855,5.808420196150264,-0.30683193657015506
9.350000282956938,0.5530992342604119,0.09532271338016976,5.80238659441554,-0.30707794539571476
9.360000115355355,0.5535942208697594,0.09550712816458863,5.796365480864879,-0.3073239951499064
9.369999947753774,0.5540894096254323,0.09569176164376592,5.790356453966797,-0.30757018593119045
9.379999780152191,0.5545846318844055,0.09587658458286974,5.78435948982994,-0.3078164152698293
9.390000185508406,0.5550800925727019,0.09606163827004958,5.7783742039903,-0.3080628006359136
9.400000017906823,0.5555755576502887,0.0962468708388879,5.772401251156438,-0.3083092050204698
9.40999985030524,0.5560711576471016,0.09643231073781111,5.766440245935806,-0.3085557213222606
9.420000255661455,0.5565669209306181,0.09661796869922262,5.76049081163405,-0.30880234195900264
9.430000088059872,0.5570628108411809,0.09680382703799978,5.75455359448247,-0.30904905901530033
9.439999920458291,0.5575587710233624,0.09698988159320586,5.748628226621316,-0.3092958440297421
9.44999975285671,0.5580548446428619,0.09717614014641426,5.742714660224687,-0.30954270538100576
9.460000158212925,0.5585510777117794,0.09736261654159972,5.736812521601959,-0.309789685156108
9.46999999061134,0.5590474269191466,0.09754929165001046,5.73092246456191,-0.3100367502886501
9.47999982300976,0.5595438746110014,0.09773616841781264,5.7250441025988,-0.31028390130071265
9.490000228365972,0.5600405051202866,0.09792326737934101,5.719177066986217,-0.3105311697122057
9.50000006076439,0.5605372029349748,0.09811055680924101,5.7133220028996705,-0.3107785026547749
9.50999989316281,0.5610339912277514,0.09829804676640373,5.707478527635418,-0.3110259073001833
9.51999972556123,0.5615309399602534,0.09848574951608688,5.701646611000627,-0.311273429059819
9.530000130917442,0.5620280097677316,0.0986736639090451,5.695825892163028,-0.31152103973933876
9.539999963315859,0.5625252049483523,0.09886177938794263,5.690016995758818,-0.31176874117803643
9.549999795714278,0.5630225327320365,0.09905010303745244,5.6842195562295235,-0.31201654645825483
9.56000020107049,0.5635199742141406,0.09923863747826017,5.678433204381597,-0.3122644289116736
9.57000003346891,0.5640175152728056,0.09942736870016143,5.6726585712399515,-0.3125123998817681
9.579999865867329,0.5645152264008397,0.09961631475077536,5.66689530538416,-0.3127604841569281
9.590000271223541,0.565013037388578,0.09980546967797864,5.661143013620265,-0.3130086468208331
9.600000103621959,0.5655109828468166,0.09999482764422253,5.655402345998148,-0.31325691101959446
9.609999936020378,0.5660090178591399,0.10018438667902518,5.649672934292074,-0.3135052507270614
9.619999768418795,0.5665071697596856,0.10037415182435035,5.643954737979199,-0.31375367692503364
9.63000017377501,0.567005532077701,0.10056414556744453,5.638247397999638,-0.3140022414063171
9.640000006173427,0.5675039553806297,0.10075432969835305,5.632551544729361,-0.3142508665163456
9.649999838571844,0.5680025435823685,0.1009447286352699,5.626866813765543,-0.3144996089103398
9.660000243928058,0.5685012474515683,0.10113533972776442,5.621192839039815,-0.3147484330877726
9.670000076326476,0.5690000299378314,0.10132614473793193,5.615530240585809,-0.31499733228468013
9.679999908724897,0.5694989605735414,0.10151716163317738,5.609878678753567,-0.3152463333719766
9.689999741123314,0.5699980294879378,0.10170838918539604,5.604238097301239,-0.3154954363918669
9.700000146479528,0.5704972652778346,0.10189983832457232,5.598608149511302,-0.31574465198695684
9.709999978877946,0.5709965617219863,0.10209147848523925,5.592989446269436,-0.3159939343128482
9.719999811276363,0.5714960374740621,0.10228333652069554,5.5873816489984,-0.31624333281413214
9.730000216632577,0.5719956285186563,0.1024754074116501,5.581784380918967,-0.31649282289425057
9.740000049030995,0.572495356357486,0.10266768305390708,5.576198267344647,-0.31674241074235315
9.749999881429414,0.5729951749024779,0.10286016132086442,5.570622946186747,-0.31699207837953536
9.759999713827833,0.573495171657689,0.1030528577613836,5.565058399308083,-0.3172418617652708
9.770000119184045,0.5739952816820629,0.10324576708016908,5.559504257800347,-0.31749173548460624
9.779999951582463,0.5744955085351096,0.1034388777293141,5.553961152193555,-0.31774170203185675
9.789999783980882,0.5749958846895609,0.10363220206709559,5.54842870478894,-0.3179917686111588
9.800000189337094,0.5754964064618938,0.10382574512368445,5.542906586187486,-0.31824194334489786
9.810000021735513,0.5759970201110228,0.10401948550988319,5.5373953955607265,-0.3184921950988239
9.819999854133933,0.5764978059240926,0.10421344384157805,5.531894779338319,-0.318742566722346
9.830000259490147,0.5769986990081308,0.10440761430840693,5.5264043990484195,-0.31899301913042544
9.840000091888562,0.5774997608273366,0.10460199611952369,5.520924860434358,-0.3192435909167539
9.849999924286982,0.5780008872917747,0.10479657688600572,5.515455795092478,-0.31949422081305434
9.859999756685399,0.5785021944693094,0.10499137737006,5.509997191772043,-0.31974497747313063
9.870000162041613,0.5790036656080748,0.10518640064417659,5.504548706507433,-0.31999584839017986
9.879999994440032,0.579505224514473,0.10538162120387068,5.499110925550912,-0.32024679507624665
9.889999826838451,0.5800069047194499,0.10557705125654193,5.493683502393808,-0.3204978290472866
9.900000232194664,0.5805087670808655,0.10577270754805497,5.4882661183380135,-0.3207489882848382
9.910000064593081,0.5810107338048094,0.10596856448756072,5.482859342432748,-0.3210002367287416
9.9199998969915,0.5815128250659443,0.10616463170825631,5.477462839639094,-0.321251572191379
9.929999729389918,0.5820150913697895,0.10636091825689467,5.472076594563072,-0.32150303461512686
9.940000134746132,0.5825174814316583,0.10655742124094231,5.4667002508863165,-0.32175458437868615
9.94999996714455,0.5830200038633778,0.10675413019486696,5.461334402698464,-0.3220062341229132
9.959999799542967,0.5835226516837755,0.10695104969775009,5.455978724218646,-0.3222579787786836
9.970000204899181,0.5840254812821286,0.10714819654954635,5.450632862607908,-0.32250984610777195
9.9800000372976,0.5845284276247816,0.10734554687614864,5.445297402967159,-0.3227618107813242
9.989999869696017,0.5850315027788078,0.10754310887148184,5.439972016040032,-0.3230138629550108
10.000000275052232,0.5855347073362871,0.10774088864914609,5.434656374916839,-0.32326601346748507
