AoA_deg,CL,Cd,CL/Cd
-7.999999990858666,0.000362799262913969,0.004292334063693837,0.08452260647246927
-7.990000158460249,0.0003620404284764494,0.004292347172209986,0.08434556058755306
-7.979999753104035,0.00036128156953508703,0.004292360256576417,0.08416851054884311
-7.969999920705617,0.0003605227703162159,0.0042923733414048275,0.08399147549411962
-7.960000088307198,0.0003597639859065279,0.00429238636440391,0.08381444617613978
-7.95000025590878,0.0003590052190215754,0.004292399394214676,0.08363742188237305
-7.939999850552566,0.0003582464266194416,0.004292412381631132,0.08346039354292112
-7.930000018154149,0.00035748769299286787,0.004292425359534167,0.08328338015216274
-7.920000185755731,0.00035672897565375446,0.0042924383134608874,0.08310637209044308
-7.9099997803995175,0.00035597023185959147,0.004292451223786093,0.08292935977630357
-7.899999948001099,0.00035521154810713105,0.004292464140452205,0.08275236239241128
-7.890000115602681,0.0003544528798668233,0.0042924770051194095,0.08257537068785369
-7.880000283204262,0.0003536942288743315,0.004292489866749818,0.08239838412062257
-7.86999987784805,0.00035293555045057306,0.0042925026983604555,0.08222139279851325
-7.860000045449631,0.0003521769311893156,0.00429251549619116,0.08204441696292293
-7.850000213051213,0.0003514183278581466,0.004292528288824652,0.08186744599285316
-7.8399998076949995,0.00035065969692943465,0.004292541017534521,0.08169047086493324
-7.82999997529658,0.0003499011276312335,0.00429255376324372,0.0815135108213127
-7.820000142898162,0.00034914257287817343,0.004292566469216717,0.08133655596994936
-7.809999737541948,0.00034838399113041793,0.0042925791521169305,0.08115959631370075
-7.799999905143532,0.0003476254678805285,0.0042925918152615875,0.08098265170347776
-7.790000072745112,0.00034686696072333035,0.004292604447174071,0.08080571247408587
-7.780000240346694,0.00034610847151332407,0.004292617058747153,0.08062877884903612
-7.769999834990481,0.0003453499522095534,0.004292629644253013,0.08045183974161597
-7.760000002592062,0.0003445914934985472,0.004292642193219887,0.08027491647051789
-7.750000170193645,0.0003438330504463803,0.004292654740811405,0.08009799790732491
-7.739999764837432,0.0003430745787994136,0.004292667249698705,0.07992107443769218
-7.729999932439013,0.0003423161669498322,0.004292679733966433,0.07974416638660632
-7.720000100040594,0.00034155777101986366,0.004292692189449495,0.07956726360658667
-7.710000267642176,0.00034079939062585493,0.00429270464025751,0.07939036555876604
-7.699999862285963,0.0003400409823570473,0.004292717042717005,0.07921346293577829
-7.690000029887545,0.00033928263108413406,0.004292729421720497,0.07903657504417128
-7.680000197489127,0.00033852429796013116,0.0042927417974351414,0.07885969246098033
-7.669999792132914,0.00033776593588691285,0.004292754123923536,0.078682805056209
-7.659999959734495,0.0003370076325108018,0.0042927664480922525,0.07850593238320043
-7.650000127336075,0.0003362493439726922,0.004292778735365802,0.07832906485547973
-7.639999721979862,0.0003354910284977271,0.004292790991412113,0.07815219263385739
-7.629999889581444,0.0003347327707219859,0.004292803231090283,0.07797533516041702
-7.620000057183026,0.0003339745283661158,0.004292815435015107,0.0777984829354632
-7.610000224784608,0.00033321630158403254,0.00429282761918051,0.07762163570118912
-7.599999819428395,0.00033245804629545195,0.0042928397815609354,0.07744478322332488
-7.589999987029977,0.0003316998494534008,0.004292851923396348,0.07726794573220964
-7.580000154631558,0.00033094166781272923,0.0042928640301814515,0.07709111341193374
-7.569999749275344,0.0003301834584104465,0.004292876120845562,0.0769142759109971
-7.559999916876928,0.0003294253056026359,0.004292888166391742,0.07673745339597897
-7.5500000844785085,0.00032866716873917036,0.004292900206926265,0.07656063567676023
-7.54000025208009,0.0003279090481039032,0.004292912219539779,0.07638382322642895
-7.529999846723877,0.0003271508962945941,0.004292924198512099,0.07620700510108765
-7.520000014325459,0.00032639280387741093,0.0042929361607499895,0.07603020209375512
-7.510000181927041,0.00032563472655052677,0.004292948079667699,0.07585340435231468
-7.499999776570828,0.0003248766209545129,0.0042929599958695455,0.07567660105547026
-7.48999994417241,0.0003241185727168295,0.004292971869011701,0.0754998128584164
-7.4800001117739905,0.00032336054002423905,0.0042929837164783265,0.07532302971079102
-7.470000279375572,0.0003226025201276857,0.004292995550280122,0.07514625075878209
-7.459999874019358,0.0003218444739661096,0.0042930073600734725,0.07496946708253521
-7.45000004162094,0.0003210864840801374,0.004293019131316849,0.07479269815917329
-7.440000209222523,0.0003203285093511498,0.004293030882056475,0.0746159340921638
-7.42999980386631,0.0003195705048861868,0.004293042604376178,0.07443916455905371
-7.419999971467892,0.00031881255894771057,0.004293054312073778,0.07426240987706181
-7.410000139069472,0.000318054626774426,0.0042930659664596645,0.07408566028551247
-7.399999733713258,0.0003172966668199178,0.004293077624600587,0.07390890511779134
-7.38999990131484,0.0003165387632107038,0.004293089235621904,0.07373216484395985
-7.380000068916423,0.00031578087368269844,0.004293100829074465,0.0735554291071185
-7.370000236518004,0.000315023000116486,0.004293112406480188,0.07337869831709468
-7.359999831161791,0.00031426509541539844,0.004293123925546583,0.07320196222273911
-7.349999998763373,0.0003135072483468718,0.00429313544976792,0.07302524041346506
-7.340000166364954,0.0003127494172416136,0.0042931469484777055,0.07284852370415844
-7.32999976100874,0.0003119915556818235,0.004293158410667748,0.07267180146592751
-7.319999928610324,0.00031123375060665166,0.004293169838423179,0.07249509390967011
-7.310000096211905,0.0003104759612115716,0.004293181248003545,0.07231839125262927
-7.300000263813486,0.0003097181840228565,0.00429319262277494,0.07214169296290918
-7.289999858457273,0.00030896037889599037,0.0042932039835237214,0.07196498933703258
-7.280000026058855,0.0003082026303111504,0.0042932153119259,0.07178830035731269
-7.270000193660435,0.0003074448956220833,0.004293226617152459,0.07161161593328616
-7.2599997883042215,0.0003066871317243126,0.004293237890480497,0.07143492616710982
-7.249999955905806,0.00030592942349511086,0.00429324914759998,0.0712582505644081
-7.240000123507386,0.00030517173087816856,0.004293260369890084,0.07108158010132089
-7.229999718151173,0.00030441400818393685,0.004293271562142379,0.07090490405224487
-7.219999885752754,0.0003036563417894738,0.004293282725875399,0.07072824250761599
-7.210000053354336,0.0003028986896617666,0.004293293867904837,0.07055158556141039
-7.200000220955919,0.00030214104947403134,0.004293304973034395,0.07037493291805125
-7.189999815599705,0.0003013833815694433,0.0042933160712201185,0.0701982748462759
-7.179999983201287,0.00030062576919785033,0.004293327133023946,0.07002163121590707
-7.170000150802868,0.0002998681717608063,0.00429333816867373,0.06984499239980428
-7.159999745446655,0.00029911054159404186,0.004293349168858123,0.06966834744391277
-7.149999913048237,0.0002983529699802445,0.004293360139292466,0.06949171751275733
-7.140000080649818,0.00029759541258417044,0.0042933711068534,0.06931509184219514
-7.1300002482514,0.0002968378673316581,0.004293382028134555,0.06913847064772667
-7.119999842895187,0.00029608029218109995,0.0042933929203255155,0.06896184385533756
-7.110000010496769,0.00029532277245121247,0.004293403786253517,0.06878523128823046
-7.10000017809835,0.0002945652684269752,0.004293414645442509,0.06860862338084638
-7.089999772742136,0.0002938077308274383,0.004293425450114083,0.06843200941561274
-7.079999940343719,0.0002930502516006046,0.004293436233731883,0.06825541026980232
-7.070000107945301,0.00029229278591122747,0.004293446991877431,0.06807881556805111
-7.060000275546883,0.0002915353332244884,0.004293457737668589,0.06790222497515404
-7.049999870190669,0.0002907778491864974,0.004293468431888787,0.06772562877761236
-7.04000003779225,0.0002900204213552761,0.004293479115062509,0.067549046724792
-7.030000205393832,0.0002892630080251384,0.004293489763507902,0.06737246947313143
-7.019999800037619,0.0002885055624596829,0.004293500395092095,0.06719588585329442
-7.0099999676392,0.00028774817426885564,0.0042935109798661695,0.06701931720175194
-7.000000135240782,0.00028699079769847606,0.004293521559324606,0.06684275221005789
-6.989999729884569,0.00028623339106466947,0.0042935320929677135,0.06666618179784545
-6.979999897486151,0.00028547604007280575,0.004293542601920239,0.0664896255938231
-6.970000065087732,0.0002847187030194299,0.004293553083208562,0.06631307392772708
-6.960000232689314,0.0002839613779093771,0.0042935635521824675,0.06613652609498147
-6.949999827333101,0.0002832040226986437,0.004293573966613604,0.0659599729504626
-6.9399999949346824,0.0002824467210918411,0.004293584367838523,0.06578343334942559
-6.930000162536264,0.00028168943422763,0.004293594741661473,0.06560689845605361
-6.919999757180051,0.0002809321153353271,0.004293605087419159,0.06543035738393733
-6.909999924781633,0.0002801748532560252,0.004293615412391029,0.0652538307104691
-6.900000092383214,0.0002794176030619484,0.004293625701842439,0.06507730819247878
-6.890000259984796,0.00027866036485099655,0.004293635967010095,0.06490078967850732
-6.879999854628582,0.00027790309709137175,0.004293646188049994,0.06472426579181748
-6.870000022230165,0.0002771458833714474,0.004293656403981746,0.06454775540828898
-6.860000189831745,0.000276388682095008,0.004293666571611031,0.0643712494869633
-6.849999784475532,0.0002756314500105921,0.004293676716913398,0.06419473756019892
-6.8399999520771155,0.000274874274339547,0.0042936868471953014,0.06401823983020533
-6.8300001196786955,0.0002741171087725679,0.004293696918283516,0.06384174616641344
-6.819999714322482,0.00027335991294845645,0.004293706992107826,0.0636652462431446
-6.809999881924065,0.00027260277369466627,0.004293717032513985,0.06348876081735094
-6.8000000495256465,0.0002718456447934984,0.004293727029532184,0.06331227926781291
-6.790000217127228,0.0002710885292813699,0.004293737017168314,0.0631358017962988
-6.779999811771015,0.00027033138067793726,0.0042937469531981525,0.06295931819563418
-6.769999979372597,0.0002695742896103298,0.004293756884130879,0.06278284888616736
-6.7600001469741775,0.00026881720917087785,0.004293766766249489,0.06260638358000142
-6.749999741617965,0.0002680600975336411,0.0042937766298672825,0.06242991208928505
-6.739999909219547,0.00026730304027563747,0.004293786469127453,0.062253454427126306
-6.7300000768211286,0.0002665459952970518,0.004293796259809532,0.06207700113579107
-6.72000024442271,0.000265788962040409,0.0042938060582738465,0.06190055126692398
-6.709999839066497,0.00026503189661689986,0.004293815795318831,0.06172409559484149
-6.700000006668079,0.0002642748865881953,0.004293825526210517,0.06154765371228977
-6.69000017426966,0.0002635178887074606,0.004293835208310606,0.061371216155997
-6.679999768913447,0.0002627608601687074,0.004293844880289528,0.061194772399647046
-6.669999936515028,0.00026200388417931876,0.004293854520782953,0.06101834212388366
-6.66000010411661,0.0002612469207567695,0.004293864118480333,0.060841916173451006
-6.650000271718191,0.00026048996940060637,0.004293873691264171,0.06066549417384348
-6.639999866361978,0.00025973298503914437,0.004293883234693803,0.06048906568780182
-6.630000033963562,0.00025897605528164066,0.004293892765549952,0.060312650879270756
-6.620000201565142,0.0002582191371859997,0.004293902238552203,0.06013624038004759
-6.609999796208928,0.0002574621877913123,0.0042939117037111806,0.05995982347955375
-6.599999963810511,0.00025670529111651547,0.004293921136843201,0.05978342008051869
-6.590000131412092,0.00025594840915599645,0.004293930533155355,0.05960702139443209
-6.5799997260558785,0.00025519149215080713,0.004293939918298522,0.059430615473522276
-6.56999989365746,0.0002544346299625028,0.004293949251305532,0.0592542238092694
-6.560000061259043,0.0002536777804641009,0.004293958569921288,0.05907783606509064
-6.550000228860624,0.00025292094054339036,0.0042939678465073305,0.058901451893524
-6.53999982350441,0.0002521640692440529,0.0042939771161833624,0.058725061270979755
-6.529999991105993,0.0002514072512262263,0.004293986329385556,0.05854868458843025
-6.520000158707574,0.0002506504458440064,0.004293995536573404,0.05837231168712968
-6.50999975335136,0.0002498936077011841,0.004294004692756603,0.05819593260406081
-6.499999920952943,0.00024913682229304627,0.004294013834014856,0.05801956675582158
-6.490000088554525,0.00024838004948430465,0.004294022935306943,0.05784320513102944
-6.4800002561561065,0.00024762328647584466,0.004294032017131992,0.05766684679757783
-6.469999850799893,0.00024686649226892266,0.004294041077420491,0.05749048223293194
-6.460000018401474,0.00024610975142298953,0.00429405009947898,0.05731413134952741
-6.450000186003056,0.0002453530209421183,0.004294059085954366,0.057137784094460804
-6.4399997806468425,0.000244596258050335,0.0042940680439118965,0.056961430407960596
-6.429999948248424,0.00024383954953061376,0.0042940769703506635,0.05678509053616272
-6.420000115850006,0.0002430828512779258,0.004294085866452168,0.0566087541884122
-6.410000283451588,0.00024232616306199144,0.004294094741068151,0.05643242119099428
-6.399999878095374,0.00024156944320517505,0.004294103587453265,0.056256081923828104
-6.390000045696956,0.00024081277648004717,0.004294112395371211,0.056079756258738955
-6.380000213298538,0.0002400561211444785,0.004294121183596631,0.05590343422572311
-6.369999807942325,0.00023929943190149333,0.004294129926775946,0.055727105602778194
-6.359999975543906,0.00023854279715802894,0.004294138658645521,0.055550790535783795
-6.350000143145488,0.00023778617302258286,0.004294147341479985,0.05537447928850748
-6.339999737789275,0.00023702951535696824,0.004294156012344261,0.055198161099780194
-6.329999905390856,0.00023627291195359607,0.004294164636705556,0.055021856855228195
-6.320000072992438,0.00023551631834270104,0.004294173240770962,0.054845555858481665
-6.31000024059402,0.00023475973480291092,0.004294181820385318,0.054669258224805645
-6.299999835237806,0.00023400311817669813,0.004294190356815263,0.05449295413868049
-6.290000002839389,0.00023324655415238833,0.0042941988773798345,0.0543166632037096
-6.280000170440969,0.0002324900019705198,0.00429420735913242,0.05414037621543522
-6.269999765084756,0.00023173341563889654,0.004294215805808014,0.05396408241185094
-6.259999932686339,0.00023097688273616003,0.004294224224085231,0.053787802099543
-6.250000100287919,0.00023022036062049915,0.004294232613577346,0.053611525349743956
-6.240000267889502,0.00022946384805214054,0.004294240990910298,0.05343525166329767
-6.229999862533289,0.0002287073025074816,0.004294249303988432,0.05325897178234665
-6.22000003013487,0.00022795080900730135,0.0042942576028348195,0.05308270487937693
-6.210000197736451,0.00022719432631049434,0.004294265885548775,0.052906441372216194
-6.199999792380239,0.00022643781159744513,0.004294274128677752,0.052730171575508494
-6.1899999599818205,0.00022568134823625465,0.004294282342721112,0.052553914769667795
-6.180000127583402,0.00022492489341372507,0.004294290511508045,0.05237766117847886
-6.169999722227188,0.00022416840714617426,0.004294298657147033,0.052201401216724674
-6.159999889828771,0.00022341197297038522,0.004294306782246145,0.05202515430290921
-6.150000057430352,0.0002226555495744956,0.004294314853277354,0.051848911219112954
-6.140000225031934,0.00022189913538475924,0.004294322915849091,0.05167267104338949
-6.129999819675721,0.0002211426855999396,0.004294330951090539,0.05149642356832809
-6.1199999872773025,0.00022038629125893514,0.0042943389509653915,0.05132019008639061
-6.110000154878884,0.00021962990543124462,0.004294346898941779,0.05114395986159531
-6.099999749522671,0.00021887348637143707,0.004294354842109393,0.050967722607646954
-6.089999917124252,0.00021811711934591367,0.004294362760004997,0.05079149842144679
-6.0800000847258335,0.0002173607629347033,0.004294370630173093,0.05061527791930296
-6.070000252327415,0.00021660441337791403,0.004294378470870877,0.05043906000534411
-6.059999846971202,0.00021584803195346435,0.004294386279585401,0.050262835688433524
-6.0500000145727855,0.00021509170357602659,0.004294394052716616,0.05008662478003398
-6.040000182174365,0.00021433538321565814,0.004294401808725688,0.04991041657540182
-6.029999776818152,0.00021357902864918717,0.004294409532965024,0.049734201409925634
-6.019999944419734,0.00021282272767924134,0.004294417221222837,0.0495579997740974
-6.010000112021316,0.00021206643567697313,0.004294424886227914,0.04938180112477076
-6.000000279622897,0.00021131015275456766,0.004294432508957231,0.04920560570315674
-5.989999874266684,0.0002105538359251098,0.004294440093257353,0.04902940345021875
-5.980000041868267,0.0002097975703315711,0.004294447660506755,0.04885321394435495
-5.970000209469847,0.00020904131465841058,0.0042944551873976495,0.04867702782691866
-5.959999804113634,0.00020828502512881862,0.004294462692425591,0.04850083469025911
-5.949999971715217,0.00020752878738813097,0.004294470161555401,0.048324654632823615
-5.940000139316798,0.00020677255800581157,0.0042944776131680715,0.048148477330930535
-5.929999733960583,0.0002060162952008123,0.0042944850177870225,0.04797229338268222
-5.919999901562167,0.00020526008419929773,0.004294492388237224,0.04779612248504918
-5.910000069163749,0.00020450388264393676,0.004294499735237494,0.04761995465174415
-5.90000023676533,0.00020374768923632275,0.004294507055829112,0.04744378961021093
-5.889999831409117,0.00020299146061647012,0.004294514339945937,0.04726761737138024
-5.879999999010698,0.00020223528677510574,0.004294521593980145,0.04709145881548005
-5.87000016661228,0.00020147911943124518,0.0042945288010273076,0.046915302880970025
-5.859999761256066,0.0002007229163804042,0.004294535998415551,0.046739139328313924
-5.849999928857648,0.00019996676800171953,0.004294543167500789,0.04656298940361805
-5.84000009645923,0.0001992106279267273,0.004294550283632683,0.04638684257254024
-5.8300002640608115,0.00019845449441121518,0.00429455737124732,0.04621069815946495
-5.819999858704598,0.00019769832712072268,0.004294564453113638,0.04603454652482577
-5.81000002630618,0.00019694221178842737,0.0042945714693449905,0.0458584082705847
-5.800000193907762,0.00019618610487507813,0.0042945784799719,0.04568227261185405
-5.789999788551548,0.00019542996330873216,0.004294585447111764,0.04550612991998205
-5.77999995615313,0.00019467387345389935,0.0042945923819303075,0.04533000018185626
-5.770000123754712,0.00019391779164166167,0.004294599290566705,0.04515387316055574
-5.759999718398499,0.00019316167502698943,0.004294606163486902,0.044977738976222315
-5.74999988600008,0.00019240561084311173,0.004294613001907148,0.04480161792405239
-5.740000053601663,0.00019164955318732077,0.004294619813837784,0.044625499228081324
-5.730000221203244,0.00019089350470932945,0.00429462658243366,0.044449383676369546
-5.7199998158470295,0.00019013742024129922,0.004294633338503592,0.044273260428688906
-5.709999983448613,0.00018938138818697857,0.004294640068828409,0.04409715020393837
-5.700000151050193,0.0001886253654791476,0.004294646742003088,0.04392104329194951
-5.68999974569398,0.00018786930536682947,0.004294653399433357,0.04374492837806591
-5.679999913295563,0.00018711329797909028,0.0042946600113672965,0.043568826748527356
-5.670000080897144,0.00018635729804689747,0.004294666609848469,0.04339272753315601
-5.660000248498725,0.00018560130576013778,0.004294673163284203,0.043216631092412534
-5.649999843142512,0.00018484528036529592,0.004294679685021011,0.043040527797684074
-5.640000010744094,0.00018408930379967378,0.004294686183693937,0.04286443663768123
-5.630000178345675,0.00018333333580141967,0.004294692629631936,0.0426883485296436
-5.619999772989462,0.00018257733300603476,0.004294699068841505,0.04251225291444809
-5.609999940591044,0.00018182138002542203,0.004294705449557961,0.04233617000302925
-5.600000108192626,0.00018106543648875432,0.004294711820676667,0.04216008990801762
-5.590000275794208,0.00018030949919217568,0.004294718159044005,0.04198401210856458
-5.5799998704379945,0.00017955352666894643,0.0042947244709869,0.04180792688376728
-5.570000038039576,0.00017879760601664655,0.00429473071402381,0.0416318549223143
-5.560000205641158,0.00017804169295567937,0.004294736968657384,0.04145578512840533
-5.549999800284945,0.00017728574410798127,0.004294743170901325,0.041279708018203756
-5.539999967886526,0.000176529845849744,0.004294749336394897,0.04110364354766439
-5.530000135488108,0.00017577395456538718,0.004294755483435232,0.04092758138230292
-5.519999730131895,0.0001750180284238298,0.0042947615917775656,0.040751511971911646
-5.509999897733476,0.0001742621528557952,0.004294767677126058,0.040575455055209576
-5.500000065335057,0.00017350628512233116,0.004294773704340094,0.04039940100848479
-5.490000232936639,0.00017275042472186697,0.004294779725989116,0.0402233492154435
-5.479999827580426,0.00017199452872193905,0.004294785697696932,0.040047290092767765
-5.4699999951820075,0.00017123868222178855,0.004294791653263087,0.03987124313508554
-5.460000162783589,0.00017048284286306256,0.004294797567503611,0.039695198710414936
-5.449999757427376,0.00016972696881138944,0.004294803448154617,0.039519147001783606
-5.439999925028958,0.00016897114472813634,0.004294809300367722,0.039343107670384576
-5.430000092630539,0.00016821532857204337,0.0042948151194495965,0.03916707096663129
-5.420000260232121,0.00016745951962414128,0.004294820911623033,0.038991036662540966
-5.409999854875908,0.00016670367338549066,0.004294826661233995,0.038814994535214406
-5.4000000224774904,0.000165947878786015,0.004294832387808664,0.03863896511004145
-5.390000190079071,0.000165192090344654,0.004294838069569361,0.03846293798946828
-5.379999784722858,0.00016443626602968055,0.004294843743777587,0.038286903049247714
-5.369999952324441,0.00016368049308840556,0.004294849346562147,0.0381108811696562
-5.360000119926022,0.00016292472562250918,0.004294854956538986,0.0379348609606603
-5.349999714569807,0.00016216892309556765,0.0042948605204788035,0.037758833452754034
-5.339999882171391,0.00016141316972042847,0.004294866029689557,0.03758281832415988
-5.3300000497729725,0.0001606574252003353,0.004294871531113978,0.03740680577671783
-5.320000217374554,0.00015990168597636236,0.004294877002149845,0.037230795176747065
-5.309999812018341,0.0001591459100386528,0.004294882430096399,0.0370547768487066
-5.299999979619922,0.0001583901843774174,0.004294887838141055,0.036878770842586894
-5.2900001472215035,0.00015763446626897759,0.004294893204291472,0.036702767396280936
-5.279999741865289,0.00015687871055770826,0.004294898536930917,0.036526755919550055
-5.269999909466872,0.0001561230048679154,0.004294903840996322,0.036350756768444514
-5.260000077068454,0.0001553673070445599,0.00429490910712571,0.03617476020314121
-5.250000244670035,0.00015461161577668978,0.004294914343286939,0.035998765846949124
-5.239999839313822,0.00015385588730309653,0.004294919557410414,0.03582276344096713
-5.230000006915404,0.00015310020839420308,0.004294924733345048,0.03564677331957874
-5.2200001745169855,0.00015234453674665895,0.004294929878402706,0.03547078556805594
-5.209999769160772,0.00015158882796565532,0.00429493498115074,0.03529478993999583
-5.199999936762354,0.00015083316896014629,0.004294940071964072,0.03511880641705215
-5.190000104363936,0.00015007751637150454,0.004294945097376433,0.03494282533743665
-5.180000271965517,0.00014932187037284005,0.004294950123140316,0.034766846201152425
-5.169999866609304,0.00014856618786640926,0.004294955091540241,0.03459085943856307
-5.160000034210887,0.00014781055457439455,0.004294960037328938,0.03441488472295981
-5.1500002018124675,0.000147054927514997,0.004294964937541564,0.03423891222710916
-5.139999796456253,0.00014629926385629685,0.004294969830860496,0.03406293166603823
-5.129999964057837,0.00014554364877388264,0.004294974680203439,0.033886963162955995
-5.120000131659417,0.0001447880405995367,0.004294979502608342,0.033710996877076335
-5.1099997263032035,0.0001440323960020617,0.004294984277283998,0.033535022878626905
-5.099999893904785,0.00014327679994707369,0.004294989022142079,0.033359060805146355
-5.090000061506368,0.00014252121086285265,0.004294993756163632,0.03318310082717215
-5.08000022910795,0.00014176562745983634,0.004294998430932569,0.03300714301519661
-5.069999823751736,0.00014101000669286616,0.004295003076392183,0.03283117711089396
-5.059999991353318,0.00014025443519432432,0.004295007711242722,0.03265522313899245
-5.0500001589549,0.00013949887025122782,0.00429501230210338,0.032479271405791224
-5.039999753598686,0.0001387432668595592,0.0042950168506682655,0.032303311414941714
-5.029999921200268,0.00013798771428628643,0.004295021369200184,0.032127363853368306
-5.020000088801849,0.00013723216650337483,0.004295025865052204,0.031951417946049276
-5.010000256403432,0.00013647662500646177,0.004295030321304433,0.031775474163593984
-4.999999851047218,0.000135721045627668,0.004295034749734906,0.031599522131001354
-4.9900000186488,0.00013496551681395065,0.0042950391391745136,0.031423582519411075
-4.980000186250382,0.00013420999094677469,0.004295043503180367,0.03124764413850423
-4.9699997808941685,0.00013345442976102397,0.004295047839755239,0.031071698090475542
-4.95999994849575,0.00013269891799149925,0.004295052105473287,0.03089576441282234
-4.950000116097332,0.0001319434114346409,0.0042950563813501565,0.030719832225616632
-4.940000283698914,0.0001311879084224655,0.004295060605593776,0.03054390158118136
-4.9299998783426995,0.00013043237038823176,0.004295064819452708,0.03036796320220655
-4.920000045944281,0.0001296768807542945,0.004295068968696767,0.030192036891468536
-4.910000213545863,0.00012892139575612968,0.004295073103996645,0.030016112097408995
-4.89999980818965,0.0001281658735823113,0.004295077195384325,0.029840179291781736
-4.889999975791231,0.0001274104000478266,0.004295081261835816,0.029664258317983132
-4.880000143392814,0.00012665493090528403,0.004295085301399415,0.02948833888444954
-4.869999738036601,0.00012589942518108008,0.004295089293507768,0.02931241158859795
-4.8599999056381815,0.0001251439691921806,0.004295093255568414,0.029136496403177396
-4.850000073239764,0.0001243885173331271,0.004295097194867552,0.028960582657306513
-4.840000240841346,0.00012363307044993145,0.004295101094502519,0.028784670658433313
-4.829999835485132,0.00012287758620926822,0.004295104963129228,0.028608750487844864
-4.820000003086713,0.00012212215071569728,0.004295108797889909,0.028432842207790677
-4.810000170688295,0.00012136671879901754,0.0042951126042602185,0.02825693526140312
-4.799999765332082,0.00012061125152582967,0.004295116370133004,0.028081020659771968
-4.789999932933664,0.00011985583053499523,0.004295120116352915,0.02790511726986755
-4.780000100535245,0.00011910041497586551,0.0042951238137971665,0.027729215766325737
-4.770000268136827,0.0001183450041336552,0.004295127500544272,0.027553315732457
-4.759999862780615,0.00011758955605580675,0.004295131135346424,0.02737740766239086
-4.750000030382195,0.00011683415704359511,0.0042951347277986425,0.027201511581797427
-4.740000197983777,0.00011607876138213581,0.004295138305530359,0.02702561666819307
-4.729999792627564,0.00011532332963165993,0.004295141850278286,0.026849713851519953
-4.719999960229146,0.00011456794381128408,0.00429514535070956,0.026673822293896855
-4.710000127830727,0.00011381256401103053,0.004295148830096591,0.026497932554404892
-4.699999722474514,0.00011305714502358416,0.004295152277095904,0.026322034174775723
-4.689999890076096,0.00011230177541751973,0.0042951556712515345,0.026146147896147595
-4.6800000576776775,0.00011154640953900617,0.004295159040237627,0.025970262915534538
-4.670000225279259,0.00011079104966246852,0.004295162383495,0.025794379762731384
-4.659999819923046,0.00011003565040372805,0.004295165692416546,0.02561848791957076
-4.649999987524628,0.00010928029838229878,0.004295168975413651,0.02544260749875956
-4.64000015512621,0.00010852495174393095,0.004295172226594963,0.02526672878725636
-4.629999749769997,0.00010776956731902142,0.004295175430579069,0.025090841820282088
-4.619999917371578,0.00010701422999989652,0.004295178604714988,0.024914966255983568
-4.6100000849731595,0.00010625889717146085,0.004295181751219922,0.024739092156293756
-4.600000252574741,0.00010550356989486156,0.00429518486088343,0.02456321981754277
-4.589999847218528,0.00010474820313729688,0.0042951879360228476,0.024387338737566173
-4.58000001482011,0.00010399288465711963,0.004295190973481374,0.02421146936170581
-4.570000182421691,0.00010323756983473657,0.004295193997587076,0.02403560116090976
-4.559999777065478,0.00010248221691828307,0.004295196970505932,0.023859724623108886
-4.549999944667059,0.00010172691066691276,0.004295199920355713,0.02368385932045
-4.5400001122686415,0.0001009716090184747,0.00429520283556592,0.023507995520581988
-4.530000279870222,0.0001002163123966186,0.004295205707701501,0.0233321333637004
-4.519999874514009,9.946097667522081e-05,0.004295208547887322,0.023156262511198095
-4.510000042115592,9.87056889482401e-05,0.00429521136370074,0.022980403195617272
-4.500000209717173,9.795040501676508e-05,0.004295214143706549,0.0228045451843849
-4.48999980436096,9.719508135663617e-05,0.004295216902129148,0.02262867826499201
-4.479999971962542,9.643980465069571e-05,0.004295219615895086,0.02245282273665499
-4.470000139564124,9.568453442850162e-05,0.004295222294358069,0.022276969123154987
-4.459999734207909,9.492922369633828e-05,0.004295224950129293,0.022101106414340595
-4.449999901809492,9.417396048491863e-05,0.004295227560287867,0.02192525521944804
-4.440000069411073,9.341870077021609e-05,0.00429523013843411,0.02174940521447199
-4.430000237012655,9.266344606441145e-05,0.004295232692029811,0.021573556710060615
-4.419999831656442,9.190815096250949e-05,0.004295235206439491,0.021397699205091072
-4.409999999258024,9.115290330556286e-05,0.0042952376882651995,0.021221853112948108
-4.400000166859606,9.03976606394496e-05,0.004295240134767411,0.02104600855904059
-4.389999761503392,8.964237786194037e-05,0.004295242544494278,0.02087015504557377
-4.379999929104974,8.888714151132217e-05,0.004295244940712387,0.020694312603411116
-4.370000096706555,8.813191033234873e-05,0.004295247294491107,0.02051847176421781
-4.3600002643081375,8.73766823224152e-05,0.004295249602430079,0.020342632072646256
-4.349999858951923,8.662141552284939e-05,0.004295251887136505,0.02016678364830354
-4.340000026553505,8.586619534725523e-05,0.004295254128935147,0.0199909464654988
-4.330000194155088,8.511097877116557e-05,0.0042952563388665,0.019815110451271926
-4.3199997887988735,8.435572255527889e-05,0.004295258527863298,0.01963926548496771
-4.309999956400455,8.36005127612469e-05,0.004295260673809528,0.01946343170066566
-4.300000124002038,8.284530704483328e-05,0.004295262803861915,0.019287599112758878
-4.2899997186458245,8.209006154477716e-05,0.004295264890494399,0.01911175763023275
-4.279999886247405,8.13348631359575e-05,0.004295266942384191,0.01893592743523657
-4.270000053848988,8.05796684472574e-05,0.004295268949791231,0.018760098468612523
-4.26000022145057,7.982447669173474e-05,0.0042952709434778144,0.01858427040858617
-4.2499998160943555,7.90692455412228e-05,0.004295272888730513,0.018408433547651048
-4.239999983695937,7.831406120061617e-05,0.0042952748009269445,0.018232607884300103
-4.230000151297519,7.755887976258802e-05,0.004295276692033192,0.018056783141920274
-4.219999745941306,7.680365806963431e-05,0.0042952785522576975,0.01788094931102071
-4.209999913542888,7.604848441187667e-05,0.004295280360629023,0.01770512702941229
-4.200000081144469,7.529331312071223e-05,0.00429528214144119,0.01752930555929655
-4.190000248746051,7.453814551832742e-05,0.004295283885509123,0.017353485242219878
-4.1799998433898375,7.378293784793476e-05,0.004295285606638596,0.017177655831290762
-4.17000001099142,7.302777555698878e-05,0.00429528729483959,0.017001837256549805
-4.160000178593001,7.227261634420481e-05,0.004295288950963084,0.01682601966230932
-4.149999773236788,7.151741917962474e-05,0.004295290566812078,0.016650193524091257
-4.139999940838369,7.076226668826751e-05,0.004295292152263618,0.01647437803525793
-4.130000108439951,7.000711848442658e-05,0.004295293688774678,0.016298563860111175
-4.120000276041533,6.925197287493124e-05,0.00429529521343594,0.016122750459225
-4.10999987068532,6.84967862199396e-05,0.004295296708605128,0.015946927736729864
-4.100000038286901,6.774164605487213e-05,0.004295298142071536,0.0157711161866407
-4.090000205888483,6.698650908495475e-05,0.004295299566646803,0.015595305530051512
-4.07999980053227,6.623133310998551e-05,0.004295300938219397,0.015419486099486545
-4.0699999681338515,6.547620112023469e-05,0.004295302301515197,0.015243677050888249
-4.060000135735434,6.472107427583325e-05,0.004295303609505538,0.015067869505802812
-4.049999730379221,6.396590454300487e-05,0.004295304889304265,0.01489205218057659
-4.039999897980802,6.321078237367625e-05,0.004295306148824383,0.014716246102964492
-4.030000065582383,6.245566098102574e-05,0.004295307386967704,0.014540440381640918
-4.020000233183965,6.170054439965163e-05,0.004295308559889698,0.014364636099911777
-4.009999827827752,6.094538774372497e-05,0.004295309704821164,0.014188822676818468
-3.999999995429333,6.019027525902932e-05,0.004295310813785178,0.014013019748386391
-3.990000163030915,5.943516631559047e-05,0.004295311901306382,0.013837217804256258
-3.979999757674702,5.868001703659476e-05,0.0042953129490892715,0.013661406684939358
-3.969999925276283,5.792491275534921e-05,0.00429531395846032,0.013485606248003518
-3.9600000928778654,5.716981165916787e-05,0.004295314947646563,0.013309806697758369
-3.950000260479447,5.6414712413459767e-05,0.004295315896289749,0.013134007783266937
-3.939999855123233,5.565957347157432e-05,0.0042953168064844005,0.012958199820685674
-3.9300000227248155,5.490447939906177e-05,0.004295317689345471,0.012782402460067678
-3.9200001903263972,5.41493888856565e-05,0.004295318543128569,0.012606606085660846
-3.9099997849701835,5.339425647780637e-05,0.004295319350142787,0.012430800162980062
-3.899999952571766,5.2639169279248613e-05,0.004295320143171062,0.012255004871508188
-3.890000120173347,5.188408450882698e-05,0.004295320891063793,0.012079210337176275
-3.8799997148171337,5.1128960156662804e-05,0.004295321598850232,0.011903406760124541
-3.869999882418716,5.037388082783914e-05,0.004295322271935378,0.01172761381770355
-3.860000050020297,4.961880113430765e-05,0.004295322932289575,0.011551820879707148
-3.850000217621879,4.8863727041830836e-05,0.00429532354383943,0.011376029429008592
-3.839999812265666,4.810861122820019e-05,0.004295324119735372,0.011200228408179842
-3.8299999798672477,4.7353541131272765e-05,0.0042953246604779515,0.011024438168081017
-3.8200001474688285,4.659847180818809e-05,0.00429532518061353,0.010848648204449125
-3.8099997421126153,4.5843361286512203e-05,0.0042953256583554015,0.01067284879723526
-3.7999999097141974,4.508829674158177e-05,0.004295326095523435,0.010497060232184129
-3.790000077315779,4.433323360614718e-05,0.004295326522137379,0.010321272056422548
-3.780000244917361,4.357817368767559e-05,0.0042953268878077105,0.010145484808472268
-3.7699998395611476,4.2823070932820686e-05,0.00429532724329992,0.009969687641289355
-3.7600000071627293,4.2068012445001157e-05,0.004295327561875834,0.009793900893236982
-3.7500001747643115,4.131295893605496e-05,0.00429532783676247,0.009618115428226288
-3.739999769408098,4.055786340990036e-05,0.004295328075840675,0.009442320282359907
-3.729999937009679,3.980281242623029e-05,0.004295328284454773,0.009266535591768547
-3.7200001046112616,3.9047761957931484e-05,0.004295328467896324,0.009090751091512094
-3.7100002722128425,3.829271512269595e-05,0.004295328606646251,0.008914967544845076
-3.699999866856629,3.7537625437057806e-05,0.0042953287204939,0.008739174084152873
-3.6900000344582113,3.6782580828103476e-05,0.004295328801762418,0.00856339119208085
-3.680000202059793,3.602753942326492e-05,0.004295328829937738,0.008387609156290637
-3.66999979670358,3.527245465401586e-05,0.004295328844019394,0.008211817054037087
-3.659999964305162,3.451741504862244e-05,0.004295328820582963,0.00803603553777234
-3.650000131906743,3.376237744293691e-05,0.0042953287703958,0.007860254534096075
-3.63999972655053,3.30072977458028e-05,0.004295328673741062,0.007684463810089472
-3.6299998941521108,3.2252263467573234e-05,0.004295328547939833,0.007508683703145915
-3.620000061753693,3.1497231577341416e-05,0.004295328378822228,0.007332904215807105
-3.6100002293552746,3.0742199565243255e-05,0.004295328181091062,0.007157124733932296
-3.5999998239990614,2.9987126348874068e-05,0.00429532795093798,0.006981335695758857
-3.5899999916006435,2.923209696204862e-05,0.004295327714245064,0.006805556853113449
-3.5800001592022253,2.8477070200759728e-05,0.004295327408417001,0.006629778709058795
-3.569999753846012,2.7722001126147708e-05,0.004295327075085738,0.006453990730285506
-3.5599999214475937,2.696697527323729e-05,0.004295326730385223,0.0062782128033409875
-3.550000089049175,2.621195120166678e-05,0.004295326338592241,0.006102435329804891
-3.540000256650757,2.545693100519674e-05,0.004295325886715141,0.005926658809272554
-3.529999851294543,2.4701865110640283e-05,0.004295325435543685,0.005750871611783618
-3.520000018896125,2.3946844457633632e-05,0.004295324941676923,0.005575094965524221
-3.510000186497707,2.319182782719477e-05,0.004295324399198776,0.00539931927644879
-3.4999997811414936,2.2436766624545604e-05,0.004295323845896834,0.005223533179222011
-3.4899999487430753,2.168174889848039e-05,0.004295323257035275,0.005047757200338305
-3.480000116344657,2.0926733942845575e-05,0.004295322622233661,0.004871981870354413
-3.4700002839462387,2.01717185031197e-05,0.004295321957018304,0.004696206408965524
-3.4599998785900254,1.9416663134788345e-05,0.004295321257057928,0.004520421633861154
-3.450000046191607,1.866164984242191e-05,0.00429532051958602,0.004344646635176018
-3.4400002137931893,1.7906639388320407e-05,0.0042953197522115905,0.004168872265935631
-3.429999808436975,1.7151585971573536e-05,0.004295318951184507,0.0039930878629731775
-3.4199999760385578,1.6396575204680094e-05,0.004295318122234581,0.00381731334864436
-3.410000143640139,1.564156613834922e-05,0.004295317259379441,0.003641539191125782
-3.3999997382839258,1.4886515739222013e-05,0.004295316349002036,0.0034657553785719906
-3.3899999058855075,1.4131507048323227e-05,0.00429531541869923,0.003289981216933013
-3.3800000734870888,1.3376501368988402e-05,0.004295314451354245,0.003114207707137949
-3.370000241088671,1.2621494354883892e-05,0.004295313448664982,0.0029384338316000556
-3.3599998357324576,1.1866445699745405e-05,0.00429531241193986,0.002762650201358986
-3.3500000033340394,1.1111442389656587e-05,0.004295311343515307,0.002586877062225464
-3.340000170935621,1.0356438557435071e-05,0.004295310241707595,0.002411103732827895
-3.3299997655794074,9.601391349551071e-06,0.0042953091069522125,0.0022353202320202405
-3.319999933180989,8.846388543459217e-06,0.004295307935608396,0.002059546993155497
-3.310000100782571,8.09138693980763e-06,0.004295306724138708,0.0018837739559635545
-3.3000002683841525,7.336384656239504e-06,0.004295305478275463,0.0017080006750032164
-3.2899998630279392,6.5813394437842145e-06,0.0042953042197975055,0.001532217302199489
-3.2800000306295214,5.826339811471193e-06,0.004295302898538426,0.001356444457841084
-3.270000198231103,5.071338869563425e-06,0.004295301560427192,0.0011806712050874144
-3.25999979287489,4.31629545347997e-06,0.004295300183168201,0.0010048879634522502
-3.2499999604764715,3.5612960126842693e-06,0.004295298781110303,0.0008291148518808512
-3.2400001280780533,2.8062967479800433e-06,0.0042952973402613,0.0006533416724555151
-3.2299997227218396,2.051255107541277e-06,0.004295295859151705,0.0004775585139661107
-3.2199998903234213,1.2962550980339467e-06,0.0042952943550590775,0.0003017849280823312
-3.210000057925003,5.412574306124177e-07,0.004295292810276073,0.0001260117655582203
-3.2000002255265847,-2.137421851504036e-07,0.004295291234683488,-4.976197735429083e-05
-3.1899998201703714,-9.687833777348444e-07,0.004295289626862241,-0.00022554553054494533
-3.179999987771953,-1.7237809215930807e-06,0.004295287975602356,-0.00040131905739133677
-3.170000155373535,-2.4787795111775023e-06,0.0042952862987658096,-0.0005770929662802092
-3.1599997500173216,-3.2338207575106424e-06,0.004295284584421017,-0.0007528769500488279
-3.149999917618903,-3.988817152163514e-06,0.004295282827285362,-0.0009286506413093325
-3.1400000852204846,-4.743817688647503e-06,0.004295281057621025,-0.001104425443878847
-3.130000252822067,-5.498815209659343e-06,0.00429527924495538,-0.0012801997020606903
-3.119999847465853,-6.253855684232112e-06,0.004295277394583837,-0.0014559841215652238
-3.110000015067435,-7.0088526301689876e-06,0.004295275503290721,-0.001631758573995853
-3.100000182669017,-7.763852864906654e-06,0.004295273601443171,-0.0018075339513408584
-3.0899997773128036,-8.518894643848514e-06,0.004295271653889092,-0.001983319177527504
-3.0799999449143853,-9.273891736494305e-06,0.004295269664952108,-0.002159094180317945
-3.070000112515967,-1.0028890527329073e-05,0.004295267645539497,-0.0023348697578237684
-3.0600002801175488,-1.0783890334682541e-05,0.004295265588704876,-0.002510645759144812
-3.0499998747613355,-1.1538931599960684e-05,0.004295263489953708,-0.0026864316070362992
-3.0400000423629168,-1.2293932368481343e-05,0.004295261382945181,-0.002862208203974684
-3.0300002099644985,-1.3048932323537194e-05,0.00429525923170773,-0.003037984815260879
-3.019999804608285,-1.3803975700521198e-05,0.004295257036543795,-0.003213771744758877
-3.009999972209867,-1.4558975618935911e-05,0.004295254813487159,-0.0033895487581366603
-3.0000001398114486,-1.531397817805831e-05,0.004295252570208252,-0.0035653265850477847
-2.9899997344552354,-1.606902274274478e-05,0.004295250282044241,-0.0037411144141982432
-2.979999902056817,-1.6824024414336543e-05,0.004295247955513731,-0.003916892479452753
-2.970000069658399,-1.7579027298067655e-05,0.004295245602226244,-0.004092671042828464
-2.960000237259981,-1.833403101405646e-05,0.004295243215059074,-0.004268450026247071
-2.9499998319037677,-1.9089077017463373e-05,0.004295240778271141,-0.004444239101572983
-2.939999999505349,-1.984408196135687e-05,0.004295238330894187,-0.004620018828437329
-2.9300001671069307,-2.0599086495624435e-05,0.0042952358314434815,-0.0047957987183911595
-2.9199997617507174,-2.135413462354774e-05,0.004295233293127013,-0.004971589007218166
-2.909999929352299,-2.2109141628921862e-05,0.004295230737785122,-0.005147369950216612
-2.900000096953881,-2.2864147397671413e-05,0.00429522813236725,-0.0053231508765217055
-2.8900002645554626,-2.3619155066414955e-05,0.004295225504856165,-0.005498932486713732
-2.8799998591992493,-2.4374208070729274e-05,0.004295222850373991,-0.005674724902482528
-2.8700000268008314,-2.512921737867192e-05,0.004295220149844039,-0.005850507424999944
-2.860000194402413,-2.5884227692309788e-05,0.004295217415164282,-0.006026290450612679
-2.8499997890462,-2.6639281288848236e-05,0.0042952146527018235,-0.006202083817182757
-2.8399999566477816,-2.7394294762236777e-05,0.004295211861286688,-0.006377868111499965
-2.8300001242493624,-2.8149308180070182e-05,0.0042952090375824245,-0.0065536526706309346
-2.8199997188931496,-2.890436489769457e-05,0.004295206153157259,-0.006729447636977322
-2.809999886494731,-2.9659379912205826e-05,0.004295203253571127,-0.006905233154576879
-2.800000054096313,-3.0414395901180844e-05,0.00429520032256412,-0.007081019188186375
-2.7900002216978947,-3.116941496199615e-05,0.004295197375572121,-0.0072568062038928715
-2.7799998163416815,-3.192447588756696e-05,0.004295194360070595,-0.0074326033262537275
-2.769999983943263,-3.267949431741249e-05,0.004295191318958601,-0.007608390847031201
-2.760000151544845,-3.343451385739941e-05,0.004295188236935931,-0.00778417894933766
-2.749999746188631,-3.4189579287780445e-05,0.004295185140647612,-0.007959978014504276
-2.739999913790213,-3.494460318170335e-05,0.004295182011140584,-0.008135767725573945
-2.7300000813917946,-3.569962743072819e-05,0.0042951788319828075,-0.008311557871560838
-2.720000248993377,-3.645465194687855e-05,0.004295175621987826,-0.008487348400903611
-2.709999843637163,-3.720972344290067e-05,0.00429517238759777,-0.008663150180035393
-2.7000000112387452,-3.796475148764687e-05,0.004295169114653457,-0.008838942186962049
-2.690000178840327,-3.8719780166014846e-05,0.004295165795317299,-0.009014734706685398
-2.6799997734841137,-3.947485488448332e-05,0.004295162450576016,-0.009190538271536023
-2.6699999410856954,-4.022988716958642e-05,0.004295159070849489,-0.009366332307136141
-2.660000108687277,-4.0984921096383397e-05,0.004295155668733522,-0.009542127051350456
-2.650000276288859,-4.173995644193436e-05,0.004295152220533546,-0.00971792250863449
-2.6399998709326447,-4.249503677443356e-05,0.004295148748612842,-0.009893728776717622
-2.630000038534227,-4.325007529626485e-05,0.0042951452301937185,-0.010069525703631258
-2.6200002061358085,-4.4005114927170546e-05,0.004295141677514038,-0.010245323258496105
-2.6099998007795953,-4.476020160030798e-05,0.004295138115895411,-0.010421132078304956
-2.599999968381177,-4.5515244803336436e-05,0.004295134496657572,-0.010596931211061242
-2.5900001359827587,-4.627028874606634e-05,0.004295130834359234,-0.010772730920307144
-2.5799997306265454,-4.702537891184687e-05,0.004295127161998047,-0.010948541716741901
-2.5699998982281267,-4.778042738309794e-05,0.004295123436466411,-0.011124343244115655
-2.5600000658297084,-4.853548043791391e-05,0.004295119695269942,-0.011300146184834907
-2.550000233431291,-4.9290529339873696e-05,0.00429511588781977,-0.011475948641957109
-2.5399998280750773,-5.004562866080314e-05,0.0042951120924182564,-0.011651763116763313
-2.529999995676659,-5.080068419894395e-05,0.004295108223804009,-0.0118275679102567
-2.5200001632782407,-5.15557425300272e-05,0.0042951043518336205,-0.01200337368008709
-2.5099997579220275,-5.231084448680077e-05,0.0042951004222189365,-0.01217919008742895
-2.499999925523609,-5.306590560919937e-05,0.0042950964592366764,-0.012354997405257397
-2.490000093125191,-5.382096888080815e-05,0.004295092468629934,-0.012530805628493532
-2.480000260726772,-5.457603507094461e-05,0.004295088442323555,-0.012706614963537302
-2.4699998553705593,-5.533114685333151e-05,0.004295084386140128,-0.012882435332791228
-2.4600000229721406,-5.6086215475509334e-05,0.00429508028659101,-0.0130582461172163
-2.4500001905737223,-5.6841288998358556e-05,0.004295076170680443,-0.013234058428666593
-2.439999785217509,-5.7596406433435934e-05,0.004295072013753468,-0.013409881428996665
-2.4299999528190908,-5.835148101195247e-05,0.0042950678109510915,-0.013585694936683951
-2.420000120420673,-5.91065595780706e-05,0.004295063581198539,-0.013761509803209221
-2.409999715064459,-5.986168417050458e-05,0.004295059323741623,-0.01393733582202453
-2.399999882666041,-6.0616767170236196e-05,0.004295055023492653,-0.014113152646166532
-2.3900000502676226,-6.137185267300494e-05,0.00429505068582616,-0.014288970529622507
-2.380000217869205,-6.212694132509512e-05,0.004295046336463159,-0.014464789540839922
-2.369999812512991,-6.28820737847706e-05,0.004295041940265466,-0.014640619267360173
-2.359999980114573,-6.363716774940765e-05,0.004295037504147087,-0.014816440528857453
-2.3500001477161545,-6.439226174531533e-05,0.004295033035054166,-0.01499226227592991
-2.3399997423599412,-6.514740189225918e-05,0.004295028522276518,-0.015168095288393739
-2.329999909961523,-6.590250184501637e-05,0.004295024001206869,-0.015343919341661016
-2.320000077563105,-6.665760491399969e-05,0.004295019435754729,-0.015519744651000977
-2.310000245164687,-6.741270924653255e-05,0.0042950148246294765,-0.01569557079522959
-2.299999839808473,-6.816786090415994e-05,0.004295010189481259,-0.015871408424386786
-2.290000007410055,-6.892297026790911e-05,0.004295005515375386,-0.01604723673140271
-2.2800001750116365,-6.967808328234412e-05,0.004295000813606986,-0.016223066375586494
-2.2699997696554233,-7.043324094049174e-05,0.004294996060748172,-0.016398906994159742
-2.2599999372570045,-7.118835961934339e-05,0.004294991295753824,-0.01657473897321344
-2.2500001048585867,-7.194347967342514e-05,0.004294986483957486,-0.01675057184513768
-2.2400002724601684,-7.269860325182797e-05,0.004294981634169193,-0.016926406081336026
-2.2299998671039547,-7.345377425905255e-05,0.004294976769204082,-0.01710225181792183
-2.2200000347055364,-7.420890335381174e-05,0.004294971865589662,-0.017278088349857793
-2.2100002023071186,-7.496403506206708e-05,0.004294966914097581,-0.017453926086370756
-2.1999997969509053,-7.57192134518999e-05,0.004294961937392015,-0.017629775200726946
-2.189999964552487,-7.647435186411304e-05,0.004294956920658479,-0.017805615580514
-2.1800001321540687,-7.72294910883452e-05,0.0042949518650425116,-0.017981456722933678
-2.169999726797855,-7.798467798688117e-05,0.00429494677883936,-0.018157309508723473
-2.1599998943994367,-7.87398255632695e-05,0.004294941665440553,-0.018333153671644283
-2.150000062001019,-7.949497525198553e-05,0.004294936526728773,-0.018508998854176936
-2.1400002296026006,-8.025012824485416e-05,0.004294931343691032,-0.018684845419644776
-2.1299998242463873,-8.10053280767391e-05,0.0042949261289318575,-0.01886070345449341
-2.1199999918479686,-8.176048708763816e-05,0.004294920871329931,-0.01903655260179936
-2.1100001594495503,-8.251564821453404e-05,0.004294915583931412,-0.01921240280559884
-2.0999997540933375,-8.327085593904342e-05,0.0042949102459057,-0.019388264520411057
-2.0899999216949188,-8.402602700730917e-05,0.0042949049079181656,-0.01956411813737651
-2.0800000892965005,-8.47811978766215e-05,0.004294899510831207,-0.019739972416773378
-2.070000256898082,-8.553637364019459e-05,0.00429489409098959,-0.019915828383206092
-2.059999851541869,-8.629159528030688e-05,0.0042948886398320885,-0.020091695621630948
-2.0500000191434506,-8.704677743918469e-05,0.004294883150189785,-0.020267554295473257
-2.0400001867450324,-8.780196178047341e-05,0.00429487761782532,-0.020443414130373122
-2.029999781388819,-8.855719360338937e-05,0.00429487205693916,-0.02061928561068748
-2.019999948990401,-8.93123884750959e-05,0.004294866479066619,-0.020795149025099772
-2.0100001165919825,-9.006758209239871e-05,0.004294860838923066,-0.02097101290829789
-2.0000002841935642,-9.082278347937138e-05,0.00429485518331575,-0.02114687913860081
-1.989999878837351,-9.157802947182842e-05,0.004294849488563062,-0.021322756412231778
-1.9800000464389327,-9.233323401538816e-05,0.004294843751656683,-0.021498624712429124
-1.9700002140405146,-9.308844406767045e-05,0.004294837984435657,-0.021674494918089978
-1.959999808684301,-9.384370259865215e-05,0.0042948322018733585,-0.021850376961809723
-1.949999976285883,-9.459891748274206e-05,0.0042948263562815866,-0.022026249639728105
-1.9400001438874646,-9.535413819908198e-05,0.004294820486651139,-0.022202124278640992
-1.9299997385312513,-9.610940626382755e-05,0.004294814591316473,-0.0223780105567648
-1.919999906132833,-9.686463404930869e-05,0.0042948086454497065,-0.022553888204526994
-1.9100000737344143,-9.761986681189683e-05,0.004294802686935661,-0.022729767565072598
-1.9000002413359962,-9.837510184754435e-05,0.004294796675855266,-0.022905648223254697
-1.8899998359797827,-9.913038623134908e-05,0.004294790647450263,-0.02308154095711299
-1.8800000035813647,-9.988562822344765e-05,0.004294784568989646,-0.023257424585314157
-1.8700001711829464,-0.00010064087573558134,0.004294778455177771,-0.023433310189550992
-1.8599997658267329,-0.00010139617018527886,0.004294772322524891,-0.0236092073271228
-1.8499999334283146,-0.00010215142678493877,0.004294766154226441,-0.02378509635138399
-1.8400001010298965,-0.00010290668558441473,0.004294759936264403,-0.023960986670170745
-1.8300002686314782,-0.0001036619500399676,0.0042947536980529775,-0.024136878929043742
-1.819999863275265,-0.00010441725938386612,0.004294747412604391,-0.024312782418220522
-1.8100000308768465,-0.00010517253265638337,0.004294741120805786,-0.024488678059517297
-1.8000001984784286,-0.00010592780601145915,0.004294734750867081,-0.024664574684169487
-1.789999793122215,-0.00010668313045740326,0.004294728393820764,-0.024840483652213835
-1.7799999607237968,-0.00010743841343591538,0.00429472196617566,-0.025016383896810563
-1.7700001283253786,-0.00010819370227932008,0.00429471552762057,-0.025192286097529576
-1.7599997229691648,-0.00010894903656759534,0.004294709027068926,-0.025368199773466705
-1.7499998905707468,-0.00010970433519117202,0.004294702527861068,-0.025544105669597826
-1.7400000581723285,-0.0001104596351017502,0.004294695969837081,-0.025720012750038854
-1.7300002257739104,-0.00011121493914674416,0.0042946893743551285,-0.025895921556246124
-1.7199998204176967,-0.00011197029301002125,0.004294682767205838,-0.026071842573571553
-1.7099999880192789,-0.0001127256076216333,0.004294676114792765,-0.02624775526921726
-1.7000001556208602,-0.00011348092492017245,0.004294669421525129,-0.0264236693868449
-1.689999750264647,-0.00011423629304327845,0.004294662714775915,-0.026599595970655643
-1.6799999178662288,-0.00011499161993063363,0.004294655946549349,-0.026775513885582983
-1.6700000854678105,-0.00011574695131523514,0.004294649157576149,-0.02695143353236365
-1.660000253069392,-0.00011650228803866482,0.004294642337054278,-0.027127355177747926
-1.6499998477131788,-0.00011725767182648754,0.004294635477200881,-0.0273032885908428
-1.6400000153147607,-0.00011801301807797622,0.0042946285885763266,-0.02747921400977253
-1.6300001829163424,-0.00011876836733595144,0.004294621652093814,-0.027655141001314217
-1.619999777560129,-0.00011952376565593397,0.004294614691854069,-0.02783108013919014
-1.6099999451617106,-0.00012027912585977005,0.004294607703732256,-0.028007011153833843
-1.6000001127632923,-0.0001210344909149094,0.0042946006742523865,-0.028182944142060275
-1.590000280364874,-0.00012178985961463606,0.004294593604436193,-0.02835887882123016
-1.5799998750086608,-0.0001225452760528828,0.0042945865004764446,-0.02853482542249121
-1.5700000426102423,-0.00012330065431649044,0.0042945793640270305,-0.028710763934019213
-1.5600002102118242,-0.00012405603798943828,0.004294572201316979,-0.02888670446648798
-1.549999804855611,-0.00012481147003009824,0.004294564999068698,-0.029062657115951056
-1.5399999724571927,-0.00012556686296992205,0.004294557764433585,-0.02923860147133991
-1.5300001400587744,-0.00012632226198814188,0.004294550505811825,-0.02941454799918866
-1.519999734702561,-0.00012707771067384818,0.004294543216508746,-0.029590506898462685
-1.5099999023041426,-0.00012783311716719998,0.004294535861151317,-0.029766457028240847
-1.5000000699057243,-0.0001285885309949721,0.00429452849673847,-0.029942409531716962
-1.4900002375073063,-0.00012934394906091254,0.004294521088092267,-0.0301183639357492
-1.4799998321510925,-0.0001300994151838006,0.004294513645114481,-0.030294330379367667
-1.4699999997526745,-0.00013085484406621107,0.004294506170318506,-0.03047028898703529
-1.4600001673542562,-0.00013161027633869191,0.004294498648354406,-0.030646249333230832
-1.449999761998043,-0.0001323657613749374,0.004294491129490986,-0.03082222255995819
-1.4399999295996246,-0.00013312120465801166,0.004294483545868936,-0.03099818714780434
-1.4300000972012066,-0.00013387665432992347,0.004294475938233632,-0.03117415401912544
-1.4200002648027878,-0.00013463210983747525,0.004294468295866508,-0.03135012312631595
-1.4099998594465748,-0.0001353876120947057,0.004294460608083599,-0.03152610407925534
-1.4000000270481565,-0.00013614307600054042,0.004294452882635328,-0.03170207700986465
-1.3900001946497382,-0.00013689854874344087,0.004294445144914913,-0.03187805272249048
-1.3799997892935247,-0.00013765406746021208,0.004294437357971767,-0.032054040142111925
-1.3699999568951065,-0.00013840954787682354,0.004294429538388815,-0.032230019526354146
-1.3600001244966884,-0.00013916503662785262,0.004294421700720648,-0.03240600162869411
-1.349999719140475,-0.00013992057460809754,0.004294413824858663,-0.032581996126724605
-1.3399998867420568,-0.0001406760699073135,0.004294405893295015,-0.03275798175644163
-1.3300000543436385,-0.00014143157278513933,0.004294397927193147,-0.03293397006587607
-1.32000022194522,-0.00014218708479614303,0.004294389962289464,-0.03310996114575933
-1.3099998165890068,-0.00014294264266188355,0.00429438193764496,-0.03328596401937023
-1.2999999841905885,-0.0001436981611242034,0.0042943738683122535,-0.033461958723374666
-1.2900001517921702,-0.00014445368908074072,0.004294365787869723,-0.033637956386663295
-1.2799997464359567,-0.0001452092627972113,0.004294357657055432,-0.033813965764737636
-1.2699999140375386,-0.00014596480181924674,0.00429434950726741,-0.033989967880403704
-1.2600000816391204,-0.00014672034620536785,0.004294341319550275,-0.03416597221497362
-1.2500002492407019,-0.0001474758939070633,0.004294333088551902,-0.03434197833889822
-1.2399998438844888,-0.00014823149381224313,0.004294324833215362,-0.03451799748955071
-1.2300000114860703,-0.00014898705476474304,0.004294316531332052,-0.034694008622258875
-1.220000179087652,-0.0001497426197993075,0.004294308191030185,-0.03487002169804327
-1.2099997737314387,-0.00015049823721054444,0.004294299840407417,-0.035046047738544986
-1.1999999413330205,-0.00015125381580668193,0.004294291441126995,-0.03522206582396905
-1.1900001089346024,-0.00015200940010169224,0.004294283004402102,-0.03539808623368936
-1.1800002765361841,-0.00015276499081900774,0.004294274535187402,-0.035574109099743685
-1.1699998711799706,-0.00015352062996666898,0.0042942660321751225,-0.0357501442193855
-1.1600000387815526,-0.0001542762340153944,0.004294257507939932,-0.035926172040252134
-1.150000206383134,-0.00015503184271451316,0.004294248933681651,-0.03610220206344616
-1.1399998010269208,-0.00015578750031916804,0.004294240319418734,-0.03627824451619311
-1.1299999686285023,-0.00015654312306083527,0.004294231695707408,-0.036454279636871624
-1.1200001362300842,-0.0001572987492696003,0.004294223013276126,-0.03663031677285777
-1.1099997308738707,-0.00015805442723541965,0.004294214311126114,-0.03680636684245307
-1.0999998984754527,-0.00015881006740896391,0.004294205580814546,-0.03698240906734605
-1.0900000660770344,-0.00015956571454052052,0.004294196810299654,-0.037158453976259616
-1.080000233678616,-0.00016032136627155226,0.0042941879928091835,-0.03733450108379461
-1.0699998283224028,-0.00016107706808219963,0.00429417914129329,-0.037510560873733736
-1.0599999959239843,-0.00016183273587757507,0.004294170277055786,-0.03768661357987241
-1.050000163525566,-0.00016258840751427268,0.004294161370052814,-0.037862668284464815
-1.0399997581693528,-0.00016334412641239737,0.004294152407269911,-0.038038735219518324
-1.0299999257709345,-0.0001640998136771841,0.004294143442018928,-0.038214795544890136
-1.0200000933725162,-0.0001648555048211603,0.004294134429636079,-0.038390857930158354
-1.0100002609740981,-0.0001656112035444446,0.004294125385630804,-0.038566923103507934
-0.9999998556178845,-0.00016636694914754364,0.004294116290555266,-0.038743000396486926
-0.9900000232194663,-0.0001671226614673902,0.004294107182900125,-0.038919070798442444
-0.9800001908210482,-0.00016787837702200858,0.004294098019062496,-0.03909514321209194
-0.9699997854648347,-0.00016863414702133003,0.004294088849209958,-0.03927122911123647
-0.9599999530664165,-0.00016938987710749838,0.00429407961816698,-0.039447307029627475
-0.9500001206679981,-0.00017014561724634905,0.004294070379560968,-0.03962338811590344
-0.939999715311785,-0.00017090140368810844,0.004294061089291084,-0.03979948122170822
-0.9299998829133664,-0.00017165715551443805,0.004294051774943675,-0.039975567252374285
-0.9200000505149483,-0.00017241291189045138,0.004294042405606564,-0.0401516556206661
-0.9100002181165301,-0.0001731686778749856,0.004294033016858965,-0.040327747177327594
-0.8999998127603166,-0.00017392449311353947,0.004294023595672961,-0.04050385128037052
-0.8899999803618984,-0.00017468027214478026,0.004294014134148592,-0.04067994810627597
-0.8800001479634801,-0.00017543605824131095,0.004294004649350026,-0.040856047575045434
-0.8699997426072665,-0.00017619189427683959,0.004293995122981877,-0.04103215984895826
-0.8599999102088484,-0.0001769476943159382,0.004293985559920947,-0.041208264873437504
-0.8500000778104301,-0.0001777035002028848,0.004293975962709591,-0.041384372373326025
-0.8400002454120119,-0.00017845931394308928,0.0042939663310746275,-0.04156048282251604
-0.8299998400557985,-0.00017921517924976803,0.004293956671763225,-0.04173660633985322
-0.8200000076573803,-0.00017997100714902043,0.0042939469804180825,-0.04191272225058947
-0.8100001752589621,-0.00018072684350845287,0.004293937247670368,-0.04208884133239357
-0.7999997699027487,-0.00018148272712433352,0.0042939274747625,-0.04226497261330001
-0.7899999375043304,-0.00018223857782314712,0.004293917682283113,-0.04244109722342169
-0.7800001051059121,-0.00018299443460069063,0.004293907843735125,-0.042617224509762644
-0.7700002727074938,-0.0001837502997757151,0.0042938979767878005,-0.04279335484192754
-0.7599998673512804,-0.00018450621319070223,0.0042938880638833145,-0.042969497678017755
-0.7500000349528622,-0.0001852620935771198,0.004293878138538285,-0.04314563376039042
-0.740000202554444,-0.00018601797870513385,0.004293868157118021,-0.043321772327072634
-0.7299997971982306,-0.00018677391560993585,0.004293858150472738,-0.04349792402652443
-0.7199999647998123,-0.00018752981776955002,0.0042938481131512786,-0.04367406876716952
-0.7100001324013939,-0.0001882857275727361,0.004293838052132969,-0.043850216353456775
-0.6999997270451808,-0.00018904168581132053,0.004293827936345678,-0.04402637660702517
-0.6899998946467624,-0.00018979760982653864,0.004293817802253167,-0.04420252990868476
-0.6800000622483442,-0.00019055353977242244,0.004293807617503552,-0.04437868594662644
-0.6700002298499259,-0.0001913094817253976,0.004293797420854714,-0.044554845740094544
-0.6599998244937125,-0.00019206546894479047,0.004293787155182885,-0.04473101763159237
-0.6499999920952942,-0.0001928214238288613,0.0042937768819861655,-0.04490718291344198
-0.6400001596968761,-0.00019357738594626614,0.0042937665731182725,-0.045083351097422134
-0.6299997543406626,-0.00019433339700475889,0.0042937562145422955,-0.0452595320494865
-0.6199999219422444,-0.0001950893763287706,0.004293745850242105,-0.045435706521328084
-0.610000089543826,-0.00019584536090443385,0.0042937354284634955,-0.0456118836773594
-0.6000002571454078,-0.0001966013528946746,0.0042937249750635625,-0.04578806375267764
-0.5899998517891945,-0.0001973573975313306,0.004293714495011241,-0.04596425723243481
-0.5800000193907763,-0.0001981134043578884,0.004293703962525616,-0.04614044332980874
-0.5700001869923579,-0.0001988694213475658,0.004293693413445513,-0.04631663283755074
-0.5599997816361445,-0.00019962549101959422,0.004293682839462328,-0.04649283575043753
-0.5499999492377263,-0.00020038152174774702,0.004293672212664063,-0.046669031035188824
-0.540000116839308,-0.00020113756255384834,0.004293661561853353,-0.04684522980125793
-0.5300002844408898,-0.00020189361206172262,0.004293650874577517,-0.04702143186748699
-0.5199998790846764,-0.00020264971071896158,0.004293640143804532,-0.0471976467360389
-0.5100000466862581,-0.0002034057759925698,0.004293629395337197,-0.04737385490547105
-0.5000002142878399,-0.00020416184862533018,0.004293618604529139,-0.047550066140008174
-0.4899998089316265,-0.0002049179741191908,0.004293607780829401,-0.047726290937456464
-0.47999997653320825,-0.00020567406286785538,0.004293596918114376,-0.04790250850053747
-0.4700001441347899,-0.0002064301609428483,0.004293586035684018,-0.04807872934819661
-0.45999973877857664,-0.00020718630959247377,0.004293575103673427,-0.048254963425517515
-0.4499999063801583,-0.00020794242307521684,0.004293564140420843,-0.04843119056207575
-0.44000007398174007,-0.00020869854423161843,0.0042935531363412485,-0.04860742084805335
-0.4300002415833218,-0.00020945467547036842,0.004293542111508265,-0.04878365462142625
-0.4199998362271084,-0.00021021085561272326,0.00429353103306425,-0.04895990130126016
-0.4100000038286902,-0.00021096700552456762,0.004293519951404451,-0.04913614188646272
-0.40000017143027183,-0.00021172316038818188,0.0042935088122461156,-0.049312385195133805
-0.3899997660740585,-0.00021247936827309595,0.004293497645930635,-0.049488642080538534
-0.3799999336756402,-0.00021323554014024225,0.004293486443345889,-0.04966489191335819
-0.370000101277222,-0.00021399172099662825,0.004293475205680262,-0.04984114516686099
-0.3600002688788037,-0.00021474791250445226,0.004293463944022734,-0.05001740210335749
-0.3499998635225904,-0.00021550415370498157,0.004293452636088466,-0.05019367207956807
-0.3400000311241721,-0.00021626036213289737,0.004293441304362796,-0.05036993563022362
-0.3300001987257538,-0.000217016575107761,0.00429342992128659,-0.05054620177490372
-0.31999979336954043,-0.00021777284283660905,0.004293418518785178,-0.05072248183674109
-0.3099999609711222,-0.00021852907608938837,0.00429340708324582,-0.05089875519657926
-0.3000001285727039,-0.00021928531839421193,0.0042933956027881755,-0.05107503213815325
-0.28999972321649053,-0.00022004161229239612,0.0042933841015540646,-0.05125132228741152
-0.27999989081807225,-0.00022079787305734615,0.0042933725690712035,-0.05142760603818548
-0.270000058419654,-0.00022155414169883314,0.004293360987789782,-0.05160389315711582
-0.2600002260212358,-0.00022231041777133134,0.004293349373188586,-0.051780183359786944
-0.24999982066502238,-0.0002230667462583887,0.004293337724449139,-0.051956487137757024
-0.23999998826660413,-0.0002238230422143671,0.004293326046013693,-0.052132784655892696
-0.23000015586818587,-0.00022457934729225656,0.004293314349856983,-0.05230908547372909
-0.21999975051197246,-0.00022533570209855476,0.00429330259233956,-0.052485399585069085
-0.2099999181135542,-0.0002260920242270325,0.004293290806231514,-0.05266170740143443
-0.20000008571513592,-0.00022684835663978228,0.004293279004235559,-0.052838018776786635
-0.1900002533167177,-0.00022760469468218288,0.004293267141116112,-0.053014333187525096
-0.1799998479605043,-0.00022836108728078357,0.004293255259229745,-0.053190661512577744
-0.17000001556208605,-0.0002291174463674461,0.0042932433445172155,-0.053366983415940254
-0.16000018316366776,-0.00022987381111829608,0.004293231379700198,-0.053543308242182015
-0.1499997778074544,-0.00023063023301710437,0.004293219403635046,-0.05371964750318396
-0.13999994540903613,-0.00023138662032741298,0.0042932073916961844,-0.053895980141782866
-0.1300001130106179,-0.0002321430152202436,0.004293195339045055,-0.05407231604604316
-0.12000028061219964,-0.00023289941852941136,0.004293183236699668,-0.054248655528723704
-0.10999987525598623,-0.0002336558789827025,0.004293171137121046,-0.0544250092809926
-0.10000004285756796,-0.00023441229929512962,0.004293158960097533,-0.054601355662312626
-0.09000021045914972,-0.0002351687321520901,0.004293146774063925,-0.05477770608095879
-0.07999980510293633,-0.00023592521901138192,0.004293134557766482,-0.05495407046689979
-0.06999997270451806,-0.00023668167001413123,0.004293122292910076,-0.05513042812803207
-0.06000014030609982,-0.00023743813208296438,0.004293110005879686,-0.05530678966012467
-0.049999734949886424,-0.00023819464529826844,0.004293097681172992,-0.0554831646022988
-0.03999990255146817,-0.0002389511254227135,0.004293085319003279,-0.0556595333349188
-0.03000007015304991,-0.0002397076151283302,0.004293072922879518,-0.05583590575665081
-0.020000237754631646,-0.00024046411656714246,0.004293060502760807,-0.056012282243053255
-0.009999832398418257,-0.0002412206663252892,0.004293048033484145,-0.05618867164864208
0.0,-0.0002419771840622956,0.004293035523282797,-0.05636505515734949
0.009999832398418257,-0.0002427337159978112,0.004293023012584381,-0.05654144300793919
0.020000237754631646,-0.00024349029542597553,0.004293010439678096,-0.056717843771242546
0.03000007015304991,-0.0002442468438332431,0.004292997838884986,-0.05689423871144575
0.03999990255146817,-0.0002450034017714899,0.004292985207808847,-0.05707063730986867
0.049999734949886424,-0.0002457599696586734,0.0042929725440149155,-0.05724703970010285
0.06000014030609982,-0.0002465165891774568,0.004292959832868339,-0.05742345579151315
0.06999997270451806,-0.00024727317710178577,0.004292947098344964,-0.057599865881672666
0.07999980510293633,-0.00024802977612680614,0.004292934337711843,-0.0577762799556369
0.09000021045914972,-0.00024878642516430543,0.004292921525171731,-0.05795270742908658
0.10000004285756796,-0.0002495430422632519,0.004292908683816866,-0.05812912890599406
0.10999987525598623,-0.0002502996707861511,0.004292895827547498,-0.058305554302058527
0.12000028061219964,-0.0002510563497661236,0.004292882904011959,-0.058481993424860546
0.1300001130106179,-0.0002518129979886754,0.004292869977367154,-0.05865842648770695
0.13999994540903613,-0.0002525696564082085,0.004292857005067747,-0.05883486361414981
0.1499997778074544,-0.0002533263230727964,0.004292843990704341,-0.05901130430580412
0.16000018316366776,-0.0002540830444593192,0.004292830943807979,-0.0591877592631061
0.17000001556208605,-0.00025483973278480325,0.004292817874537598,-0.05936420790091249
0.1799998479605043,-0.00025559643161978887,0.0042928047645440105,-0.059540660626092735
0.1900002533167177,-0.0002563531828564396,0.004292791615663488,-0.059717127176884405
0.20000008571513592,-0.000257109903541072,0.004292778450718866,-0.05989358791577435
0.2099999181135542,-0.0002578666313191489,0.004292765225897065,-0.060070052227294155
0.21999975051197246,-0.0002586233727219894,0.004292751992205366,-0.060246520924476646
0.23000015586818587,-0.00025938016524863327,0.004292738712814291,-0.06042300326231255
0.23999998826660413,-0.00026013692439524135,0.004292725383150931,-0.060599479625760864
0.24999982066502238,-0.0002608936972698261,0.004292712044624715,-0.0607759604086452
0.2600002260212358,-0.00026165052126631423,0.004292698661461512,-0.060952454831113514
0.270000058419654,-0.00026240731317982364,0.004292685246785733,-0.06112894332895904
0.27999989081807225,-0.0002631641176545976,0.0042926718068649495,-0.06130543621660963
0.28999972321649053,-0.0002639209312076627,0.004292658320049557,-0.06148193299591938
0.3000001285727039,-0.00026467779594562175,0.004292644786222341,-0.06165844348340463
0.3099999609711222,-0.0002654346319753499,0.004292631247239649,-0.06183494847036677
0.31999979336954043,-0.0002661914778597297,0.004292617660425832,-0.06201145755742039
0.3300001987257538,-0.0002669483760503589,0.0042926040319790255,-0.062187980550185366
0.3400000311241721,-0.0002677052400505603,0.004292590375383266,-0.062364497107800114
0.3499998635225904,-0.00026846212002522947,0.004292576693430791,-0.06254101887942375
0.3600002688788037,-0.00026921905209128225,0.004292562977678988,-0.06271755440542201
0.370000101277222,-0.0002699759503163145,0.004292549215057688,-0.06289408386263226
0.3799999336756402,-0.0002707328604765715,0.004292535426477822,-0.06307061761368325
0.3899997660740585,-0.0002714897819841373,0.004292521606369674,-0.06324715560692194
0.40000017143027183,-0.0002722467572280516,0.00429250774855343,-0.06342370781271121
0.4100000038286902,-0.0002730037005862562,0.0042924938622265745,-0.06360025415263972
0.4199998362271084,-0.0002737606529495609,0.004292479925259975,-0.06377680448510906
0.4300002415833218,-0.0002745176618222084,0.004292465974537273,-0.06395336933376657
0.44000007398174007,-0.00027527463720974183,0.00429245197505812,-0.06412992825761658
0.4499999063801583,-0.00027603162628690584,0.004292437960812381,-0.06430649174360216
0.45999973877857664,-0.0002767886227061704,0.004292423893065018,-0.06448305889671317
0.4700001441347899,-0.0002775456778484572,0.004292409807268547,-0.06465964115972235
0.47999997653320825,-0.0002783026964164559,0.004292395665016371,-0.06483621691370672
0.4899998089316265,-0.0002790597286514713,0.004292381505943754,-0.06501279727001227
0.5000002142878399,-0.000279816815286307,0.004292367309718124,-0.06518939202914635
0.5100000466862581,-0.00028057386993064683,0.004292353079653434,-0.06536598101880764
0.5199998790846764,-0.00028133093237165416,0.0042923387984776205,-0.06554257377619745
0.5300002844408898,-0.00028208805381293046,0.004292324506464833,-0.06571918162013775
0.540000116839308,-0.0002828451447435022,0.004292310185116907,-0.06589578398230289
0.5499999492377263,-0.0002836022432467568,0.004292295810137521,-0.06607239011275658
0.5599997816361445,-0.0002843593543796967,0.004292281410297888,-0.06624900075225075
0.5700001869923579,-0.00028511651911620545,0.004292266965042637,-0.06642562576798465
0.5800000193907763,-0.0002858736530083441,0.004292252495477527,-0.06660224516371088
0.5899998517891945,-0.00028663080090321057,0.004292238009057455,-0.06677886927480815
0.6000002571454078,-0.0002873880017099825,0.0042922234703225,-0.06695550772159338
0.610000089543826,-0.00028814516901739346,0.004292208894636312,-0.06713214013825593
0.6199999219422444,-0.0002889023509662744,0.004292194301972101,-0.067308777431985
0.6299997543406626,-0.0002896595401548402,0.004292179643739815,-0.0674854186444203
0.6400001596968761,-0.00029041679052948816,0.0042921649851976554,-0.06766207532353614
0.6499999920952942,-0.00029117400354122276,0.004292150267862354,-0.06783872543358972
0.6599998244937125,-0.00029193123166772433,0.004292135528741425,-0.06801538062180595
0.6700002298499259,-0.0002926885171385461,0.004292120775852237,-0.0681920506024042
0.6800000622483442,-0.000293445767294362,0.004292105961292559,-0.06836871455195655
0.6899998946467624,-0.00029420303069221563,0.004292091127811768,-0.06854538310844506
0.6999997270451808,-0.00029496030529577193,0.004292076244501294,-0.0687220562947022
0.7100001324013939,-0.0002957176348774216,0.004292061337332125,-0.06889874389848186
0.7199999647998123,-0.0002964749330869001,0.004292046384383741,-0.06907542615699584
0.7299997971982306,-0.0002972322431595439,0.004292031409273606,-0.06925211276817012
0.740000202554444,-0.00029798960914291555,0.004292016399195936,-0.06942881420461039
0.7500000349528622,-0.0002987469460063325,0.004292001365544605,-0.06960551047458136
0.7599998673512804,-0.000299504291503369,0.004291986275606365,-0.06978221090911002
0.7700002727074938,-0.0003002616937182959,0.004291971167479189,-0.06995892609750431
0.7800001051059121,-0.00030101906615553203,0.004291956030161177,-0.07013563606899947
0.7899999375043304,-0.00030177645028858053,0.004291940853714377,-0.07031235065306501
0.7999997699027487,-0.00030253384565726493,0.004291925634872049,-0.0704890698010158
0.8100001752589621,-0.0003032912957443686,0.004291910384962222,-0.07066580346295795
0.8200000076573803,-0.00030404871620652097,0.004291895110624678,-0.07084253188150891
0.8299998400557985,-0.00030480614676619904,0.004291879783306113,-0.07101926478737514
0.8400002454120119,-0.0003055636351288044,0.0042918644314244095,-0.07119601283104651
0.8500000778104301,-0.00030632109379982383,0.0042918490575551424,-0.07137275558668414
0.8599999102088484,-0.0003070785611772898,0.004291833635743531,-0.07154950243640806
0.8699997426072665,-0.00030783604405566035,0.004291818189942186,-0.07172625456900053
0.8800001479634801,-0.0003085935820925105,0.004291802704516943,-0.07190302148971775
0.8899999803618984,-0.0003093510875438943,0.004291787178794089,-0.07207978277031345
0.8999998127603166,-0.0003101086078424108,0.004291771630915797,-0.07225654916224852
0.9100002181165301,-0.0003108661840129369,0.004291756047825773,-0.07243333044766685
0.9200000505149483,-0.0003116237277160824,0.00429174042594517,-0.07261010610804904
0.9299998829133664,-0.00031238128517630334,0.00429172478043824,-0.07278688666154524
0.939999715311785,-0.0003131388553417567,0.004291709089914596,-0.07296367222970093
0.9500001206679981,-0.0003138964789654372,0.004291693361381567,-0.07314047219449732
0.9599999530664165,-0.0003146540741976037,0.004291677601368461,-0.07331726737751035
0.9699997854648347,-0.0003154116849264509,0.004291661830355564,-0.07349406765824301
0.9800001908210482,-0.0003161693479738554,0.0042916459965863345,-0.07367088250646561
0.9900000232194663,-0.0003169269813252286,0.0042916301468626265,-0.07384769201440072
0.9999998556178845,-0.000317684628176207,0.004291614254158312,-0.07402450671525057
1.0100002609740981,-0.00031844233122490986,0.004291598337397745,-0.07420133623641971
1.0200000933725162,-0.0003192000023151772,0.004291582376722629,-0.07437816038356976
1.0299999257709345,-0.00031995768701111927,0.004291566382659682,-0.07455498959632234
1.0399997581693528,-0.00032071538628691625,0.004291550355541893,-0.07473182410006222
1.050000163525566,-0.0003214731407290679,0.004291534304337442,-0.07490867319973556
1.0599999959239843,-0.0003222308641131666,0.0042915182061166665,-0.07508551720784816
1.0699998283224028,-0.00032298860029851095,0.004291502074316074,-0.07526236611454623
1.080000233678616,-0.00032374639473186685,0.004291485921092,-0.07543923030032619
1.0900000660770344,-0.00032450416007157945,0.004291469736599805,-0.07561608958908538
1.0999998984754527,-0.00032526193776091984,0.004291453513579955,-0.0757929537700117
1.1099997308738707,-0.0003260197254050769,0.004291437239711612,-0.07596982250799168
1.1200001362300842,-0.0003267775706662559,0.004291420938059771,-0.07614670650649291
1.1299999686285023,-0.00032753538739305654,0.004291404618120677,-0.07632358552489353
1.1399998010269208,-0.000328293217749128,0.004291388250767963,-0.07650046990979631
1.150000206383134,-0.0003290511045549892,0.0042913718618607846,-0.0766773691833616
1.1600000387815526,-0.0003298089620049502,0.00429135543988223,-0.07685426355967413
1.1699998711799706,-0.0003305668300416716,0.004291338966704743,-0.07703116267590232
1.1800002765361841,-0.0003313247563770812,0.004291322467582357,-0.07720807720230422
1.1900001089346024,-0.0003320826543135928,0.004291305944354815,-0.07738498690601292
1.1999999413330205,-0.00033284056484834284,0.00429128938471741,-0.07756190156592319
1.2099997737314387,-0.0003335984895380941,0.004291272791625853,-0.0777388214958253
1.220000179087652,-0.00033435646727851586,0.00429125614224945,-0.07791575617838749
1.2300000114860703,-0.0003351144190807477,0.004291239486867861,-0.0780926862987423
1.2399998438844888,-0.00033587238624105566,0.004291222801854362,-0.0782696219119444
1.2500002492407019,-0.00033663040696925764,0.004291206064395757,-0.07844657234298033
1.2600000816391204,-0.0003373883974121666,0.004291189294763499,-0.0786235176863157
1.2699999140375386,-0.00033814640172529224,0.004291172488272762,-0.07880046832174752
1.2799997464359567,-0.00033890442274846645,0.004291155659786101,-0.07897742464214398
1.2900001517921702,-0.0003396624968052916,0.004291138786818402,-0.079154395529847
1.2999999841905885,-0.00034042054484299605,0.004291121887919326,-0.07933136222519625
1.3099998165890068,-0.0003411786055866166,0.004291104958617936,-0.07950833383868153
1.32000022194522,-0.00034193672405562095,0.004291087992295285,-0.07968532098842383
1.3300000543436385,-0.0003426948099046005,0.00429107097301221,-0.07986230292155679
1.3399998867420568,-0.00034345291517431936,0.0042910539567427,-0.080039290728246
1.349999719140475,-0.0003442110310408077,0.004291036889352949,-0.08021628336378897
1.3600001244966884,-0.0003449692056141606,0.004291019786709191,-0.08039329174912045
1.3699999568951065,-0.00034572734822699107,0.004291002637589815,-0.08057029496984426
1.3799997892935247,-0.00034648550632991365,0.004290985469039811,-0.08074730358092924
1.3900001946497382,-0.0003472437223229015,0.004290968267216145,-0.08092432772712697
1.4000000270481565,-0.0003480019089039507,0.004290951026281544,-0.081101347177463
1.4099998594465748,-0.0003487601117332993,0.004290933767524597,-0.08127837217457123
1.4200002648027878,-0.0003495183706258078,0.004290916468831351,-0.08145541241938942
1.4300000972012066,-0.0003502766003321556,0.004290899130403183,-0.08163244804574159
1.4399999295996246,-0.0003510348419425677,0.004290881752873852,-0.08180948862257958
1.449999761998043,-0.00035179310013065587,0.004290864352184106,-0.08198653493942044
1.4600001673542562,-0.0003525514142310016,0.004290846897766118,-0.08216359675162155
1.4699999997526745,-0.0003533097010281387,0.004290829434821864,-0.08234065380480605
1.4799998321510925,-0.0003540680043862737,0.004290811938132892,-0.08251771680777582
1.4900002375073063,-0.0003548263625378677,0.004290794396941496,-0.08269479488245582
1.5000000699057243,-0.00035558469213085766,0.004290776824801388,-0.08287186834689707
1.5099999023041426,-0.0003563430365048028,0.004290759214895231,-0.08304894743749999
1.519999734702561,-0.0003571013974519592,0.004290741590910557,-0.08322603211725392
1.5300001400587744,-0.0003578598137916366,0.004290723911507929,-0.08340313223879059
1.5399999724571927,-0.0003586182002679394,0.004290706194966283,-0.08358022758320265
1.549999804855611,-0.00035937660202421976,0.0042906884496551456,-0.08375732851288792
1.5600002102118242,-0.0003601350636569278,0.004290670682123075,-0.08393444529719271
1.5700000426102423,-0.0003608934943496407,0.004290652868625561,-0.08411155723843185
1.5799998750086608,-0.0003616519412996974,0.004290635031022381,-0.08428867491288866
1.590000280364874,-0.00036241044760515245,0.004290617163000817,-0.08446580849261462
1.6000001127632923,-0.0003631689239694686,0.0042905992613641725,-0.08464293723250235
1.6099999451617106,-0.0003639274164485266,0.004290581325055554,-0.08482007189173008
1.619999777560129,-0.00036468592038705553,0.004290563340196933,-0.08499721166459152
1.6300001829163424,-0.00036544448593520715,0.004290545337686647,-0.08517436763230792
1.6400000153147607,-0.00036620302186503084,0.00429052729997372,-0.0853515188837684
1.6499998477131788,-0.0003669615731536191,0.0042905092273995875,-0.0855286758993941
1.660000253069392,-0.00036772018088191013,0.004290491112488792,-0.08570584840778428
1.6700000854678105,-0.00036847876279347876,0.004290472971256554,-0.08588301692192273
1.6799999178662288,-0.00036923735774480266,0.004290454794207179,-0.08606019069198304
1.689999750264647,-0.00036999596974980484,0.004290436595580902,-0.08623737037179298
1.7000001556208602,-0.0003707546386504181,0.004290418345608062,-0.08641456584995855
1.7099999880192789,-0.00037151328021518316,0.004290400072933389,-0.08659175692237388
1.7199998204176967,-0.0003722719351945963,0.004290381761331218,-0.0867689534180492
1.7300002257739104,-0.00037303064855571,0.004290363406331436,-0.08694616591340863
1.7400000581723285,-0.0003737893369735576,0.004290345042563377,-0.08712337428931531
1.7499998905707468,-0.0003745480395546502,0.004290326639562515,-0.08730058828174513
1.7599997229691648,-0.0003753067542859557,0.004290308180090298,-0.08747780777791506
1.7700001283253786,-0.0003760655334922704,0.004290289723466375,-0.08765504376903131
1.7799999607237968,-0.0003768242801123942,0.004290271203346083,-0.08783227498963239
1.789999793122215,-0.00037758304556900464,0.004290252677253058,-0.08800951225342785
1.8000001984784286,-0.0003783418653048234,0.004290234077875236,-0.08818676520610721
1.8100000308768465,-0.00037910066167712623,0.004290215486010581,-0.08836401409516316
1.819999863275265,-0.00037985946945513766,0.004290196826530095,-0.08854126857446945
1.8300002686314782,-0.0003806183392745664,0.004290178156465484,-0.08871853927580095
1.8400001010298965,-0.00038137717960620314,0.004290159444126787,-0.08889580552263789
1.8499999334283146,-0.00038213603900905173,0.0042901407155206996,-0.08907307809894795
1.8599997658267329,-0.00038289491069883573,0.0042901219360593,-0.08925035614501545
1.8700001711829464,-0.00038365384115429636,0.004290103117765426,-0.08942765025054435
1.8800000035813647,-0.00038441274562576306,0.0042900842835167105,-0.08960494018794624
1.8899998359797827,-0.0003851716647232429,0.004290065408100681,-0.08978223595284716
1.9000002413359962,-0.00038593064219809395,0.004290046490704639,-0.08995954776581103
1.9100000737344143,-0.0003866895949243405,0.004290027554998634,-0.09013685575836905
1.919999906132833,-0.0003874485594236876,0.004290008568162888,-0.09031416913687071
1.9299997385312513,-0.00038820754435175666,0.004289989572302394,-0.09049148903721219
1.9400001438874646,-0.00038896658468499506,0.004289970520625724,-0.09066882460261322
1.949999976285883,-0.0003897256009696862,0.004289951450084986,-0.09084615653679846
1.959999808684301,-0.0003904846306568432,0.004289932343322971,-0.09102349394032044
1.9700002140405146,-0.0003912437197333532,0.004289913190212833,-0.09120084775280562
1.9800000464389327,-0.0003920027828503091,0.0042898940198952676,-0.09137819746416005
1.989999878837351,-0.00039276185895559615,0.004289874803034261,-0.0915555527815853
2.0000002841935642,-0.00039352099752080756,0.004289855561930666,-0.09173292476628327
2.0100001165919825,-0.00039428011119924,0.00428983629572365,-0.0919102930786148
2.019999948990401,-0.00039503923893128147,0.00428981699361288,-0.09208766703089118
2.029999781388819,-0.00039579837986176427,0.004289797639160693,-0.09226504678183445
2.0400001867450324,-0.00039655758540763834,0.004289778271957046,-0.09244244347079605
2.0500000191434506,-0.00039731676008269827,0.00428975886437643,-0.09261983543693969
2.059999851541869,-0.0003980759523094184,0.004289739422579682,-0.0927972338399126
2.070000256898082,-0.00039883520211160843,0.004289719935294581,-0.09297464825852782
2.0800000892965005,-0.0003995944261499279,0.004289700423339342,-0.09315205881879772
2.0899999216949188,-0.0004003536685680734,0.004289680890700822,-0.09332947572766095
2.0999997540933375,-0.00040111292531698256,0.004289661308991072,-0.09350689866266489
2.1100001594495503,-0.0004018722463120368,0.004289641719068805,-0.09368433837389925
2.1199999918479686,-0.00040263153329294797,0.004289622065307929,-0.09386177317326094
2.1299998242463873,-0.0004033908438416694,0.004289602406711208,-0.0940392151987216
2.1400002296026006,-0.0004041502089635314,0.004289582692580913,-0.09421667279256164
2.150000062001019,-0.00040490954872734325,0.0042895629481931544,-0.09439412677179591
2.1599998943994367,-0.0004056689027834207,0.004289543161056096,-0.09457158665901942
2.169999726797855,-0.00040642827738792146,0.004289523356397418,-0.09474905336085236
2.1800001321540687,-0.0004071877117048882,0.004289503521186762,-0.09492653629812921
2.189999964552487,-0.0004079471181859982,0.004289483649671346,-0.09510401519242402
2.1999997969509053,-0.00040870654404389685,0.0042894637542574224,-0.0952815007792625
2.2100002023071186,-0.0004094660279017826,0.004289443813302891,-0.09545900254758016
2.2200000347055364,-0.0004102254847630786,0.004289423842265709,-0.09563650034322421
2.2299998671039547,-0.0004109849575571248,0.004289403827407552,-0.09581400448498169
2.2400002724601684,-0.0004117444918318819,0.004289383782091773,-0.09599152529809057
2.2500001048585867,-0.00041250400044314905,0.0042893637157407835,-0.09616904225896558
2.2599999372570045,-0.00041326352521558427,0.00428934361290554,-0.0963465654680077
2.2699997696554233,-0.00041402306590470543,0.0042893234676023686,-0.09652409500748953
2.2800001750116365,-0.0004147826708946048,0.004289303308348948,-0.09670164152002209
2.290000007410055,-0.0004155422465566147,0.004289283101210826,-0.09687918394552016
2.299999839808473,-0.0004163018382167279,0.004289262859859175,-0.0970567325478383
2.310000245164687,-0.0004170614920574509,0.004289242588282485,-0.09723429800795023
2.320000077563105,-0.00041782112112279124,0.004289222293176595,-0.09741185990464328
2.329999909961523,-0.0004185807661231699,0.0042892019589838935,-0.09758942808613544
2.3399997423599412,-0.00041934042404433256,0.004289181568756045,-0.09776700224093107
2.3500001477161545,-0.0004201001493483612,0.00428916117841412,-0.09794459379670353
2.359999980114573,-0.00042085984464244875,0.00428914073924591,-0.0981221811612649
2.369999812512991,-0.00042161956101155213,0.0042891202843742945,-0.09829977549185447
2.380000217869205,-0.0004223793356446036,0.004289099776796231,-0.09847738631067762
2.3900000502676226,-0.000423139081719096,0.004289079227347035,-0.0986549931325993
2.399999882666041,-0.0004238988482816687,0.004289058666987595,-0.0988326066846254
2.409999715064459,-0.00042465863307524247,0.004289038072652988,-0.0990102269744063
2.420000120420673,-0.0004254184763619129,0.0042890174317192515,-0.09918786368545582
2.4299999528190908,-0.0004261782962640503,0.004288996771735783,-0.0993654970953903
2.439999785217509,-0.00042693813157162054,0.004288976073167462,-0.09954313670402956
2.4500001905737223,-0.0004276980278456602,0.004288955333780429,-0.09972079319107126
2.4600000229721406,-0.00042845789837228654,0.004288934562791086,-0.09989844612911543
2.4699998553705593,-0.0004292177868551025,0.004288913765774275,-0.10007610558185613
2.480000260726772,-0.0004299777377997923,0.004288892935006687,-0.10025378211011972
2.490000093125191,-0.0004307376629456161,0.00428887207625828,-0.1004314550042263
2.499999925523609,-0.00043149760499739136,0.0042888511785165815,-0.10060913448310342
2.5099997579220275,-0.0004322575664856747,0.004288830256099678,-0.10078682080525511
2.5200001632782407,-0.00043301758807569416,0.004288809296445593,-0.10096452375128061
2.529999995676659,-0.0004337775799641361,0.004288788280819062,-0.1011422228287973
2.5399998280750773,-0.0004345375970189085,0.004288767270750123,-0.10131992938448865
2.550000233431291,-0.0004352976682040244,0.0042887461841481355,-0.1014976521140261
2.5600000658297084,-0.00043605771883866004,0.004288725101337258,-0.10167537170957724
2.5699998982281267,-0.0004368177888552269,0.0042887039802366,-0.10185309848107738
2.5799997306265454,-0.0004375778749995615,0.0042886828286498434,-0.10203083148895836
2.5900001359827587,-0.00043833802065310274,0.004288661621312256,-0.10220858145459816
2.599999968381177,-0.000439098143572663,0.004288640405084763,-0.10238632808944596
2.6099998007795953,-0.00043985828510808997,0.0042886191532897945,-0.10256408167432522
2.6200002061358085,-0.00044061848358262326,0.004288597841808257,-0.10274185172765922
2.630000038534227,-0.0004413786608756848,0.004288576525033953,-0.10291961873577397
2.6399998709326447,-0.00044213885631652346,0.00428855517360095,-0.10309739257598846
2.650000276288859,-0.0004428991115437018,0.004288533773252753,-0.10327518330531256
2.660000108687277,-0.00044365934287122935,0.004288512352270986,-0.10345297073384645
2.6699999410856954,-0.0004444195905221272,0.0042884908867967825,-0.10363076481994792
2.6799997734841137,-0.00044517985855131915,0.004288469400319591,-0.10380856594619582
2.690000178840327,-0.00044594018954650683,0.00428844788298827,-0.10398638428497525
2.7000000112387452,-0.00044670049540311986,0.004288426337729315,-0.10416419922456777
2.709999843637163,-0.0004474608162130081,0.004288404742177253,-0.10434202066147076
2.720000248993377,-0.0004482212022046494,0.004288383121194861,-0.10451985970874791
2.7300000813917946,-0.0004489815630995856,0.004288361472067784,-0.10469769538412847
2.739999913790213,-0.00044974194303783427,0.004288339793668286,-0.1048755380116744
2.749999746188631,-0.0004505023393696196,0.004288318067679692,-0.10505338742594153
2.760000151544845,-0.000451262798181629,0.004288296309058734,-0.10523125401301375
2.769999983943263,-0.00045202323254804497,0.004288274529312171,-0.1054091172237866
2.7799998163416815,-0.0004527836855587568,0.004288252713287174,-0.10558698748229181
2.7900002216978947,-0.0004535442040442812,0.004288230878783921,-0.10576487527483586
2.800000054096313,-0.00045430469191780305,0.004288208977120018,-0.10594275939950024
2.809999886494731,-0.0004550652010549942,0.004288187059401111,-0.10612065069720832
2.8199997188931496,-0.000455825730500149,0.004288165113066936,-0.1062985492585518
2.8300001242493624,-0.00045658632452617474,0.0042881431505194575,-0.1064764651037512
2.8399999566477816,-0.0004573468881834008,0.00428812112625282,-0.1066543772244265
2.8499997890462,-0.00045810747565789493,0.00428809908431424,-0.10683229716720884
2.860000194402413,-0.0004588681212162692,0.004288076994657318,-0.10701023367537263
2.8700000268008314,-0.00045962874556125966,0.004288054891022049,-0.10718816741912278
2.8799998591992493,-0.0004603893886883664,0.0042880327503791605,-0.10736610830401364
2.8900002645554626,-0.0004611500941300758,0.004288010570300283,-0.10754406654780756
2.900000096953881,-0.0004619107735850033,0.0042879883587337506,-0.10772202136327773
2.909999929352299,-0.0004626714742359794,0.004287966122323371,-0.10789998359065572
2.9199997617507174,-0.00046343219315562697,0.004287943848056839,-0.10807795287842677
2.9300001671069307,-0.0004641929761706084,0.004287921547786026,-0.10825593961957729
2.939999999505349,-0.0004649537366441995,0.004287899220380505,-0.10843392364126969
2.9499998319037677,-0.00046571451031893933,0.0042878768352760735,-0.10861191405675123
2.960000237259981,-0.0004664753536366723,0.004287854445868829,-0.10878992268175104
2.970000069658399,-0.0004672361674384531,0.004287832003095746,-0.10896792763828342
2.979999902056817,-0.0004679970020573729,0.00428780952870215,-0.10914594011806023
2.9899997344552354,-0.0004687578579877569,0.0042877870345908765,-0.10932395993694306
3.0000001398114486,-0.00046951877338488834,0.004287764492119179,-0.10950199672763138
3.009999972209867,-0.0004702796660617431,0.004287741919387324,-0.10968003086551006
3.019999804608285,-0.00047104057824462107,0.004287719317486179,-0.10985807217455285
3.0300002099644985,-0.00047180155567398143,0.004287696692513205,-0.11003613116986548
3.0400000423629168,-0.00047256250784592194,0.004287674026329543,-0.11021418721293474
3.0499998747613355,-0.0004733234783214479,0.004287651319190366,-0.11039225046192078
3.0600002801175488,-0.00047408451474289387,0.004287628598586427,-0.1105703313246845
3.070000112515967,-0.0004748455278699407,0.004287605847922779,-0.11074840941827468
3.0799999449143853,-0.00047560656073065196,0.004287583060402855,-0.1109264949577361
3.0899997773128036,-0.0004763676099939785,0.00428756022921301,-0.11110458734743342
3.100000182669017,-0.0004771287237106428,0.0042875373670509895,-0.11128269747041683
3.110000015067435,-0.00047788981381704544,0.004287514469853485,-0.11146080489691644
3.119999847465853,-0.0004786509252899725,0.004287491553276777,-0.11163891971382583
3.130000252822067,-0.0004794120989627691,0.004287468594353948,-0.1118170520465372
3.1400000852204846,-0.00048017324650234466,0.0042874455956327774,-0.1119951812313263
3.149999917618903,-0.00048093441987972504,0.004287422582570045,-0.11217331872880945
3.1599997500173216,-0.00048169560908449907,0.0042873995280917655,-0.11235146291553845
3.170000155373535,-0.00048245686343156553,0.0042873764440553765,-0.11252962498791348
3.179999987771953,-0.00048321809269344883,0.004287353322348581,-0.11270778411813877
3.1899998201703714,-0.0004839793446589436,0.0042873301772639195,-0.11288595108105451
3.2000002255265847,-0.00048474065898944423,0.004287306991872838,-0.11306413557702652
3.210000057925003,-0.000485501950573801,0.004287283779154396,-0.11324231741654367
3.2199998903234213,-0.0004862632610694862,0.004287260528191458,-0.11342050660835673
3.2299997227218396,-0.0004870245916671899,0.0042872372455101376,-0.11359870326216084
3.2400001280780533,-0.0004877859892566464,0.004287213939570649,-0.11377691809462082
3.2499999604764715,-0.0004885473599577284,0.004287190589916326,-0.1139551297548597
3.25999979287489,-0.0004893087508399159,0.0042871672041950365,-0.11413334902383147
3.270000198231103,-0.0004900702070559746,0.004287143794210028,-0.11431158612357148
3.2800000306295214,-0.0004908316412857426,0.004287120356310094,-0.11448982078688345
3.2899998630279392,-0.0004915930983053702,0.0042870968982968985,-0.11466806325293499
3.3000002683841525,-0.0004923546133561256,0.004287073373955664,-0.11484632298276531
3.310000100782571,-0.0004931161107912074,0.004287049849315193,-0.1150245805679113
3.319999933180989,-0.0004938776250250662,0.004287026277832439,-0.11520284528668097
3.3299997655794074,-0.0004946391638670983,0.00428700268273426,-0.1153811183415487
3.340000170935621,-0.000495400762874047,0.004286979042762875,-0.11555940860274672
3.3500000033340394,-0.0004961623398486335,0.004286955373225231,-0.11573769648909422
3.3599998357324576,-0.000496923935657336,0.004286931662799334,-0.11591599184318427
3.370000241088671,-0.0004976855988375237,0.004286907933084741,-0.1160943054075348
3.3800000734870888,-0.0004984472416909344,0.004286884179915039,-0.11627261684051679
3.3899999058855075,-0.0004992089005290633,0.004286860378751876,-0.11645093528201367
3.3999997382839258,-0.0004999705829067272,0.0042868365505395745,-0.11662926193064138
3.410000143640139,-0.0005007323275423305,0.004286812689062681,-0.1168076059912514
3.4199999760385578,-0.0005014940497543871,0.004286788791477502,-0.11698594779182954
3.429999808436975,-0.0005022557942235093,0.004286764867944767,-0.1171642974820565
3.4400002137931893,-0.0005030176038902257,0.004286740911410512,-0.11734266527545106
3.450000046191607,-0.0005037793884984339,0.0042867169159497755,-0.11752103028403856
3.4599998785900254,-0.0005045411983300796,0.004286692907962644,-0.11769940351754173
3.4700002839462387,-0.0005053030686269824,0.004286668845905608,-0.11787779434131476
3.480000116344657,-0.0005060649204374911,0.004286644769141297,-0.11805618326028594
3.4899999487430753,-0.0005068267915374022,0.004286620653272689,-0.11823457976167244
3.4999997811414936,-0.0005075886847823732,0.0042865965065893965,-0.1184129842876751
3.510000186497707,-0.0005083506392398488,0.0042865723099395105,-0.11859140648604208
3.520000018896125,-0.0005091125723563226,0.004286548096909738,-0.11876982617396793
3.529999851294543,-0.0005098745284586284,0.004286523851292075,-0.11894825414419155
3.540000256650757,-0.0005106365510761694,0.004286499574681083,-0.11912670051160822
3.550000089049175,-0.0005113985518238085,0.004286475278413833,-0.11930514434532008
3.5599999214475937,-0.0005121605714497057,0.0042864509355211265,-0.11948359590576758
3.569999753846012,-0.0005129226116259895,0.004286426550081696,-0.11966205547514015
3.5800001592022253,-0.000513684718914418,0.0042864021473344735,-0.11984053321591773
3.5899999916006435,-0.0005144468058396449,0.004286377723069314,-0.1200190088407022
3.5999998239990614,-0.0005152089076080862,0.004286353229273132,-0.1201974919121292
3.6100002293552746,-0.0005159710785814697,0.004286328725771426,-0.1203759934414756
3.620000061753693,-0.0005167332306510984,0.004286304204258203,-0.12055449310801435
3.6299998941521108,-0.000517495400901339,0.004286279639906096,-0.12073300026516151
3.63999972655053,-0.0005182575932013673,0.004286255040216481,-0.12091151560948464
3.650000131906743,-0.0005190198529889287,0.004286230417630166,-0.12109004939493945
3.659999964305162,-0.0005197820881558174,0.004286205747533531,-0.12126858083164173
3.66999979670358,-0.000520544348227233,0.004286181059114802,-0.12144712065307335
3.680000202059793,-0.0005213066715762712,0.00428615633270546,-0.12162567837258932
3.6900000344582113,-0.0005220689735700046,0.004286131581595569,-0.12180423387180697
3.699999866856629,-0.0005228312965263361,0.004286106787996598,-0.12198279753331033
3.7100002722128425,-0.0005235936859343633,0.004286081964594261,-0.12216137961419711
3.7200001046112616,-0.0005243560554063231,0.004286057119676777,-0.12233995972640377
3.729999937009679,-0.0005251184447794086,0.0042860322312665185,-0.12251854779548324
3.739999769408098,-0.0005258808571146084,0.004286007317907542,-0.12269714401032498
3.7500001747643115,-0.0005266433358310212,0.004285982372200084,-0.12287575871682464
3.7600000071627293,-0.0005274057904775063,0.004285957388318979,-0.12305437098252701
3.7699998395611476,-0.0005281682693423165,0.004285932377295496,-0.12323299176166672
3.780000244917361,-0.0005289308137902409,0.0042859073288888366,-0.12341163100401692
3.790000077315779,-0.000529693336944401,0.004285882259818095,-0.12359026796197678
3.7999999097141974,-0.0005304558796508659,0.004285857140340186,-0.12376891302745603
3.8099997421126153,-0.0005312184498105551,0.004285832013656952,-0.12394756680098733
3.8200001474688285,-0.0005319810857839156,0.004285806851599935,-0.12412623905002197
3.8299999798672477,-0.0005327436971160095,0.00428578164413022,-0.12430490896465804
3.839999812265666,-0.0005335063330879953,0.004285756414890365,-0.12448358736263901
3.850000217621879,-0.0005342690315882636,0.004285731142480613,-0.12466228370989801
3.860000050020297,-0.0005350317100137847,0.004285705842715265,-0.12484097827740982
3.869999882418716,-0.0005357944127262742,0.0042856805131176725,-0.12501968149196072
3.8799997148171337,-0.0005365571402472764,0.004285655163038362,-0.12519839320597095
3.890000120173347,-0.0005373199300318191,0.004285629769292286,-0.1253771228401165
3.899999952571766,-0.0005380827013306169,0.0042856043489422,-0.12555585105830638
3.9099997849701835,-0.00053884549149249,0.004285578881454058,-0.12573458718129218
3.9200001903263972,-0.000539608354549621,0.004285553410714775,-0.1259133425336592
3.9300000227248155,-0.0005403711889768281,0.0042855278758642396,-0.12609209521659087
3.939999855123233,-0.0005411340510008246,0.004285502328935814,-0.12627085682513214
3.950000260479447,-0.0005418969791256643,0.004285476750489693,-0.1264496369193329
3.9600000928778654,-0.0005426598877749662,0.004285451144462226,-0.12662841541810732
3.969999925276283,-0.0005434228130900155,0.0042854254824042015,-0.12680720160023537
3.979999757674702,-0.0005441857693038149,0.004285399820470754,-0.12698599713014308
3.990000163030915,-0.0005449487871106557,0.004285374106539331,-0.12716481071724473
3.999999995429333,-0.0005457117851770729,0.004285348364605899,-0.12734362267587998
4.009999827827752,-0.0005464748103137891,0.00428532260930241,-0.1275224434976081
4.020000233183965,-0.0005472378989924729,0.004285296807318685,-0.12770128268778663
4.030000065582383,-0.0005480009699421451,0.004285270986193885,-0.1278801204655838
4.039999897980802,-0.0005487640569074604,0.00428524510190878,-0.12805896602344263
4.049999730379221,-0.0005495271674799386,0.004285219188955844,-0.12823782010876297
4.060000135735434,-0.0005502903530146123,0.004285193276121624,-0.12841669384692503
4.0699999681338515,-0.0005510535126304634,0.004285167316004318,-0.12859556511886458
4.07999980053227,-0.0005518166958813572,0.00428514131761741,-0.12877444522370476
4.090000205888483,-0.0005525799468296741,0.004285115299226534,-0.12895334389938473
4.100000038286901,-0.0005533431760175175,0.004285089237165174,-0.12913224098539075
4.10999987068532,-0.000554106434990943,0.004285063173100066,-0.12931114725901927
4.120000276041533,-0.0005548697535685239,0.004285037044733828,-0.1294900715620279
4.130000108439951,-0.0005556330526054359,0.004285010886785727,-0.12966899438200202
4.139999940838369,-0.0005563963805297399,0.004284984722816493,-0.129847926310464
4.149999773236788,-0.0005571597291198127,0.004284958512008974,-0.13002686666821242
4.160000178593001,-0.0005579231446248517,0.004284932269909289,-0.13020582578232043
4.17000001099142,-0.0005586865408192029,0.004284905996874658,-0.1303847835230691
4.1799998433898375,-0.0005594499583103656,0.004284879688741585,-0.13056374949810295
4.190000248746051,-0.0005602134442460377,0.004284853346264727,-0.13074273469228476
4.200000081144469,-0.0005609769117420341,0.004284826985231825,-0.13092171835070796
4.209999913542888,-0.0005617404020836737,0.004284800589510543,-0.1311007106045609
4.219999745941306,-0.0005625039193004926,0.004284774170664519,-0.13127971204448677
4.230000151297519,-0.0005632674992922738,0.004284747698377849,-0.1314587319821701
4.239999983695937,-0.0005640310591687101,0.004284721199469696,-0.13163775025514335
4.2499998160943555,-0.0005647946458772026,0.004284694681286014,-0.13181677759771773
4.26000022145057,-0.0005655583028774981,0.00428466813896427,-0.1319958243053592
4.270000053848988,-0.0005663219338610482,0.004284641539074771,-0.13217486893508953
4.279999886247405,-0.0005670855925551761,0.004284614931140164,-0.13235392250389952
4.2899997186458245,-0.0005678492740992598,0.004284588280981194,-0.1325329849357706
4.300000124002038,-0.0005686130246769409,0.004284561601155463,-0.1327120666262791
4.309999956400455,-0.0005693767504661735,0.004284534872774598,-0.13289114626751866
4.3199997887988735,-0.0005701405078358084,0.004284508143748733,-0.13307023553395878
4.330000194155088,-0.0005709043283099686,0.0042844813614105175,-0.13324934342158465
4.340000026553505,-0.0005716681326025782,0.0042844545648737815,-0.1334284502138067
4.349999858951923,-0.0005724319624147857,0.004284427743264423,-0.13360756598467782
4.3600002643081375,-0.0005731958557628447,0.004284400867296456,-0.13378670052518754
4.370000096706555,-0.0005739597344595331,0.004284373983168536,-0.13396583414855337
4.379999929104974,-0.0005747236327812985,0.004284347047729481,-0.13414497620725593
4.389999761503392,-0.0005754875578143279,0.0042843200858279935,-0.1343241275828037
4.400000166859606,-0.000576251551266575,0.004284293097855779,-0.1345032980014789
4.409999999258024,-0.0005770155246955094,0.0042842660775736525,-0.13468246701948444
4.419999831656442,-0.0005777795250100253,0.004284239032909373,-0.13486164534047076
4.430000237012655,-0.000578543593091267,0.004284211954200173,-0.1350408428145279
4.440000069411073,-0.0005793076387600646,0.004284184831786081,-0.13522003870186683
4.449999901809492,-0.0005800717114160471,0.004284157692152015,-0.13539924370166354
4.459999734207909,-0.00058083581103631,0.004284130525701835,-0.1355784581145917
4.470000139564124,-0.0005815999741267392,0.004284103306978072,-0.13575769127215306
4.479999971962542,-0.0005823641197966169,0.004284076066627248,-0.13593692332711038
4.48999980436096,-0.0005831282933315844,0.004284048808399811,-0.1361161647337524
4.500000209717173,-0.0005838925317762666,0.004284021498703864,-0.1362954252103833
4.510000042115592,-0.0005846567547512671,0.004283994174470345,-0.13647468482460104
4.519999874514009,-0.0005854209964612554,0.004283966799329606,-0.1366539527227119
4.530000279870222,-0.0005861853137001491,0.004283939416236105,-0.1368332407966626
4.5400001122686415,-0.0005869496114046134,0.00428391200293257,-0.13701252756891705
4.549999944667059,-0.0005877139340802656,0.004283884554357871,-0.137191823594406
4.559999777065478,-0.0005884782810286068,0.004283857071156546,-0.13737112869401377
4.570000182421691,-0.0005892426950266437,0.004283829553490634,-0.13755045285275308
4.58000001482011,-0.0005900070889642333,0.0042838019980046774,-0.13772977584842824
4.589999847218528,-0.0005907715114316773,0.004283774427315324,-0.1379091083005317
4.600000252574741,-0.0005915360036273427,0.0042837468234975945,-0.13808846040634243
4.6100000849731595,-0.0005923004759722217,0.004283719185550334,-0.13826781129121288
4.619999917371578,-0.0005930649746582323,0.004283691520968769,-0.13844717150036728
4.629999749769997,-0.0005938294963567135,0.00428366381974982,-0.13862654058398893
4.64000015512621,-0.0005945940884610578,0.004283636092682936,-0.13880592926105687
4.649999987524628,-0.0005953586637339717,0.004283608331645183,-0.13898531743337875
4.659999819923046,-0.0005961232623322773,0.0042835805380842225,-0.13916471443277353
4.670000225279259,-0.0005968879294515465,0.0042835527100469045,-0.13934413087799044
4.6800000576776775,-0.0005976525786933035,0.0042835248552261,-0.13952354635321876
4.689999890076096,-0.0005984172552366755,0.004283496978750466,-0.13970297124179112
4.699999722474514,-0.000599181960355966,0.00428346908206368,-0.1398824057969606
4.710000127830727,-0.0005999467295793485,0.004283441131069662,-0.1400618594306512
4.719999960229146,-0.0006007114829001616,0.004283413155219084,-0.14024131250758065
4.729999792627564,-0.0006014762633228489,0.004283385159934311,-0.14042077489292906
4.740000197983777,-0.0006022411090399028,0.004283357111509227,-0.14060025661220318
4.750000030382195,-0.0006030059404822958,0.004283329048024506,-0.1407797378444239
4.759999862780615,-0.0006037707958183199,0.004283300955599806,-0.14095922795921578
4.770000268136827,-0.0006045357232929227,0.004283272833747248,-0.14113873824003897
4.780000100535245,-0.0006053006277767891,0.004283244661351762,-0.14131824717800745
4.789999932933664,-0.0006060655649894592,0.004283216488133215,-0.14149776614574183
4.799999765332082,-0.0006068305225774438,0.004283188259918539,-0.14167729405127408
4.810000170688295,-0.000607595550506766,0.004283160005532758,-0.14185684161271267
4.820000003086713,-0.0006083605656823274,0.004283131736001156,-0.14203638906757252
4.829999835485132,-0.0006091256028860063,0.0042831034240179994,-0.14221594544513302
4.840000240841346,-0.0006098907093765316,0.004283075078467105,-0.14239552148938955
4.850000073239764,-0.0006106558023182747,0.004283046718271643,-0.14257509723468423
4.8599999056381815,-0.000611420917136517,0.004283018310450276,-0.14275468205323597
4.869999738036601,-0.000612186060874008,0.004282989883932703,-0.14293427663011193
4.880000143392814,-0.0006129512735680437,0.004282961422026294,-0.14311389087367796
4.889999975791231,-0.0006137164691381452,0.004282932929898066,-0.1432935045174176
4.89999980818965,-0.0006144816918369894,0.004282904411096451,-0.14347312777865107
4.910000213545863,-0.0006152469866898538,0.0042828758684994184,-0.14365277107725666
4.920000045944281,-0.0006160122601127821,0.004282847281471814,-0.14383241325875332
4.9299998783426995,-0.0006167775636492061,0.004282818681911297,-0.1440120652910658
4.940000283698914,-0.0006175429315384966,0.004282790016650973,-0.1441917369606177
4.950000116097332,-0.0006183082908238606,0.004282761362932024,-0.14437140863729098
4.95999994849575,-0.000619073666038864,0.004282732637573181,-0.1445510888556572
4.9699997808941685,-0.0006198390798036399,0.004282703933631135,-0.14473077976186483
4.980000186250382,-0.000620604552595932,0.00428267515028144,-0.14491048954650423
4.9900000186488,-0.0006213700171041195,0.004282646365261496,-0.14509019986901933
4.999999851047218,-0.0006221355032352883,0.004282617537946814,-0.14526991909101333
5.010000256403432,-0.0006229010635871048,0.004282588686682628,-0.1454496588766771
5.020000088801849,-0.0006236666044046684,0.00428255980347317,-0.14562939760908247
5.029999921200268,-0.0006244321742896784,0.004282530891218302,-0.1458091465423239
5.039999753598686,-0.0006251977685545378,0.004282501945292521,-0.14598890474335396
5.0500001589549,-0.0006259634364234349,0.004282472979532041,-0.1461686832386823
5.059999991353318,-0.0006267290860611069,0.004282443974864552,-0.14634846123840523
5.069999823751736,-0.0006274947586349089,0.004282414925326393,-0.14652824856458374
5.08000022910795,-0.0006282605098855812,0.004282385875061259,-0.14670805672704448
5.090000061506368,-0.0006290262430718155,0.004282356793723159,-0.14688786417652241
5.099999893904785,-0.0006297919943574221,0.004282327645587581,-0.14706768058869724
5.1099997263032035,-0.0006305577830323879,0.0042822985043086985,-0.14724750794414326
5.120000131659417,-0.0006313236419110184,0.004282269330713065,-0.1474273552536905
5.129999964057837,-0.0006320894790002103,0.004282240109692135,-0.14760720156013235
5.139999796456253,-0.000632855347293531,0.004282210869633679,-0.14778705826499117
5.1500002018124675,-0.0006336212822922936,0.004282181582237123,-0.14796693463925306
5.160000034210887,-0.0006343872076412819,0.00428215229665764,-0.14814681115766057
5.169999866609304,-0.0006351531587248105,0.004282122969130057,-0.1483266975992159
5.180000271965517,-0.0006359191806517442,0.004282093614917958,-0.14850660397435705
5.190000104363936,-0.0006366851800373337,0.004282064204203377,-0.14868650951388077
5.199999936762354,-0.0006374512180151174,0.004282034807707935,-0.14886642604297953
5.209999769160772,-0.0006382172740154355,0.004282005340192244,-0.1490463517233218
5.2200001745169855,-0.000638983406619908,0.004281975866786745,-0.1492262979752406
5.230000006915404,-0.00063974951759383,0.004281946344041691,-0.14940624337435676
5.239999839313822,-0.0006405156622617522,0.004281916808285979,-0.14958619957825525
5.250000244670035,-0.0006412818740315816,0.004281887227586772,-0.14976617550784996
5.260000077068454,-0.0006420480720053201,0.004281857628910201,-0.14994615133168995
5.269999909466872,-0.0006428142988599155,0.004281828003479733,-0.15012613732674845
5.279999741865289,-0.0006435805516599075,0.004281798342412768,-0.15030613312285362
5.2900001472215035,-0.0006443468810104653,0.004281768664981751,-0.1504861498661118
5.299999979619922,-0.0006451131899900763,0.004281738946609461,-0.15066616578783154
5.309999812018341,-0.0006458795260876865,0.004281709191034329,-0.15084619185257228
5.320000217374554,-0.0006466459359527822,0.004281679417047348,-0.1510262382975674
5.3300000497729725,-0.0006474123299641127,0.004281649608327666,-0.15120628477045792
5.339999882171391,-0.0006481787468598574,0.004281619755123582,-0.151386340667972
5.349999714569807,-0.0006489452051476861,0.004281589922276206,-0.15156640802318821
5.360000119926022,-0.0006497117242608762,0.004281560017228238,-0.15174649465301232
5.369999952324441,-0.0006504782268937929,0.0042815300760144035,-0.15192658123268657
5.379999784722858,-0.0006512447676922169,0.0042815001470741625,-0.15210667880912168
5.390000190079071,-0.0006520113723315691,0.004281470148947135,-0.15228679627531833
5.4000000224774904,-0.0006527779665369683,0.004281440147617221,-0.15246691394255815
5.409999854875908,-0.0006535445838614662,0.004281410097825757,-0.15264704126179313
5.420000260232121,-0.0006543112798345233,0.004281380040128437,-0.1528271897616673
5.430000092630539,-0.0006550779531463245,0.00428134992681988,-0.15300733748547066
5.439999925028958,-0.0006558446570336034,0.004281319793188863,-0.15318749561221387
5.449999757427376,-0.0006566113925635989,0.004281289638163115,-0.15336766443237362
5.460000162783589,-0.0006573781971461298,0.004281259444067343,-0.15354785332084386
5.4699999951820075,-0.0006581449927014776,0.0042812292403002945,-0.15372804298966106
5.479999827580426,-0.000658911812631648,0.004281198991582077,-0.1539082425103892
5.490000232936639,-0.0006596787069982745,0.004281168720761104,-0.15408846276000007
5.500000065335057,-0.0006604455805717339,0.004281138403711284,-0.15426868236710098
5.509999897733476,-0.0006612124882027853,0.004281108080104139,-0.1544489127185738
5.519999730131895,-0.0006619794215060735,0.004281077708957037,-0.15462915333703345
5.530000135488108,-0.0006627464294983239,0.004281047313297457,-0.1548094148456973
5.539999967886526,-0.0006635134234983635,0.004281016894296519,-0.15498967649072914
5.549999800284945,-0.0006642804445758215,0.004280986445686579,-0.15516994809575602
5.560000205641158,-0.0006650475425096203,0.004280955971885797,-0.15535024113239393
5.570000038039576,-0.0006658146152401106,0.00428092543678792,-0.15553053307550416
5.5799998704379945,-0.0006665817291350477,0.004280894922748114,-0.15571083644051148
5.590000275794208,-0.0006673489112799536,0.00428086434896255,-0.1558911604946517
5.600000108192626,-0.0006681160771788184,0.0042808337491701855,-0.15607148427764306
5.609999940591044,-0.0006688832708414984,0.004280803112403215,-0.15625181847384514
5.619999772989462,-0.0006696505007887607,0.004280772477414504,-0.1564321636624835
5.630000178345675,-0.0006704177981478796,0.004280741783996015,-0.15661252931777014
5.640000010744094,-0.0006711850873614036,0.004280711092332739,-0.1567928955924112
5.649999843142512,-0.0006719524004252076,0.004280680348645721,-0.1569732719327649
5.660000248498725,-0.0006727197852371674,0.004280649569744214,-0.15715366891790797
5.670000080897144,-0.0006734871598983684,0.004280618778002114,-0.15733406659789123
5.679999913295563,-0.0006742545599878646,0.004280587942637923,-0.15751447441875321
5.68999974569398,-0.0006750219928941207,0.004280557092982161,-0.15769489303175002
5.700000151050193,-0.0006757894974002872,0.004280526204290487,-0.1578753324119182
5.709999983448613,-0.0006765569884111917,0.0042804952924098034,-0.15805577209975352
5.7199998158470295,-0.0006773245078209463,0.0042804643416561455,-0.15823622246526742
5.730000221203244,-0.0006780921029307268,0.004280433368048089,-0.15841669397132613
5.740000053601663,-0.0006788596829345229,0.004280402374605119,-0.15859716529503842
5.74999988600008,-0.0006796272927093555,0.004280371346989392,-0.15877764745513792
5.759999718398499,-0.0006803949325151892,0.004280340291269438,-0.15895814029155184
5.770000123754712,-0.0006811626468624678,0.004280309205837811,-0.15913865426671664
5.77999995615313,-0.0006819303482653714,0.0042802780967552915,-0.15931916871997537
5.789999788551548,-0.0006826980762729667,0.004280246952439553,-0.15949969332583924
5.800000193907762,-0.0006834658791933389,0.00428021577969642,-0.15968023912145257
5.81000002630618,-0.0006842336669284706,0.0042801845703189165,-0.15986078536736756
5.819999858704598,-0.0006850014901884243,0.004280153359802277,-0.16004134258873104
5.8300002640608115,-0.0006857693827620253,0.0042801220910683325,-0.1602219208169492
5.84000009645923,-0.0006865372637516535,0.0042800908143378665,-0.16040249927684336
5.849999928857648,-0.0006873051741853918,0.004280059506152753,-0.16058308843542102
5.859999761256066,-0.0006880731118552134,0.004280028150225042,-0.16076368839280528
5.87000016661228,-0.0006888411274732322,0.004279996780427121,-0.16094430973017917
5.879999999010698,-0.0006896091328697337,0.004279965399410869,-0.16112493174936818
5.889999831409117,-0.0006903771608224874,0.00427993396201653,-0.16130556381230002
5.90000023676533,-0.0006911452671255025,0.00427990250797002,-0.16148621746370487
5.910000069163749,-0.0006919133587667762,0.004279871021912839,-0.1616668715538847
5.919999901562167,-0.0006926814825461446,0.00427983951440525,-0.16184753662250428
5.929999733960583,-0.0006934496350566506,0.004279807975764169,-0.1620282122430583
5.940000139316798,-0.0006942178659476062,0.004279776416286301,-0.16220890963037765
5.949999971715217,-0.000694986078640454,0.004279744812826726,-0.1623896070993595
5.959999804113634,-0.0006957543248527816,0.004279713193563293,-0.16257031566956381
5.970000209469847,-0.0006965226425036898,0.004279681533130689,-0.1627510451681125
5.980000041868267,-0.0006972909506117442,0.004279649860536112,-0.16293177557390046
5.989999874266684,-0.0006980592873225566,0.00427961815298364,-0.1631125166706491
6.000000279622897,-0.0006988277042512734,0.004279586431613418,-0.16329327971717422
6.010000112021316,-0.0006995961048007265,0.004279554674393674,-0.1634740429855228
6.019999944419734,-0.000700364530809596,0.004279522871017559,-0.16365481665087295
6.029999776818152,-0.0007011329936445613,0.004279491055172037,-0.1638356020857194
6.040000182174365,-0.00070190152825179,0.00427945920475759,-0.1640164083049249
6.0500000145727855,-0.0007026700509533889,0.004279427327398116,-0.164197215467288
6.059999846971202,-0.0007034386060237978,0.00427939543005241,-0.16437803365490408
6.070000252327415,-0.0007042072362415817,0.004279363503230904,-0.1645588732319439
6.0800000847258335,-0.0007049758575074376,0.004279331561806187,-0.16473971397763976
6.089999917124252,-0.000705744504124568,0.004279299576138025,-0.16492056505225725
6.099999749522671,-0.0007065131808837433,0.004279267550391724,-0.16510142742046335
6.110000154878884,-0.0007072819340527392,0.00427923550248514,-0.16528231120768874
6.1199999872773025,-0.000708050679754755,0.0042792034538405,-0.16546319598786394
6.129999819675721,-0.0007088194515828889,0.00427917135196089,-0.1656440916436027
6.140000225031934,-0.0007095883013319192,0.004279139230716773,-0.1658250089733725
6.150000057430352,-0.0007103571362885244,0.004279107075630305,-0.16600592687526755
6.159999889828771,-0.0007111260058096523,0.004279074910753924,-0.16618685595395663
6.169999722227188,-0.0007118949060066525,0.00427904270720136,-0.16636779642525606
6.180000127583402,-0.0007126638829261368,0.004279010478255317,-0.1665487585383786
6.1899999599818205,-0.0007134328477684964,0.004278978235385354,-0.166729721097599
6.199999792380239,-0.000714201840937428,0.0042789459447674354,-0.16691069486652407
6.210000197736451,-0.0007149709089541501,0.004278913621882825,-0.16709169011912553
6.22000003013487,-0.0007157399661764923,0.004278881275201117,-0.16727268651380164
6.229999862533289,-0.0007165090592283179,0.004278848918269719,-0.16745369441977398
6.240000267889502,-0.0007172782256908604,0.004278816532508703,-0.16763472334961618
6.250000100287919,-0.0007180473782530202,0.0042787841021892665,-0.16781575351876876
6.259999932686339,-0.0007188165641225997,0.004278751654838769,-0.1679967948851862
6.269999765084756,-0.0007195857816347194,0.004278719183285318,-0.16817784734407407
6.280000170440969,-0.0007203550780547534,0.004278686689551546,-0.16835892186587156
6.290000002839389,-0.000721124361732385,0.004278654164224336,-0.16853999740432757
6.299999835237806,-0.0007218936752333334,0.004278621605484418,-0.16872108398368216
6.31000024059402,-0.0007226630660704864,0.00427858902591044,-0.16890219221667618
6.320000072992438,-0.00072343244406826,0.004278556413174239,-0.16908330151747356
6.329999905390856,-0.0007242018567837205,0.004278523782289427,-0.16926442241164824
6.339999737789275,-0.0007249712987111868,0.004278491120807445,-0.1694455541079559
6.350000143145488,-0.0007257408203381087,0.004278458431182125,-0.16962670831362706
6.359999975543906,-0.0007265103287514283,0.0042784257198829915,-0.16980786305933512
6.369999807942325,-0.0007272798686787783,0.004278392970657005,-0.16998902944791783
6.380000213298538,-0.0007280494885799197,0.004278360213143302,-0.17017021763228846
6.390000045696956,-0.000728819090155784,0.004278327403998864,-0.17035140636375137
6.399999878095374,-0.000729588732322381,0.004278294594661791,-0.17053260736946904
6.410000283451588,-0.000730358445424989,0.004278261738447442,-0.17071382960548645
6.420000115850006,-0.0007311281494837258,0.004278228865278886,-0.17089505318833978
6.429999948248424,-0.0007318978876481962,0.004278195971464186,-0.17107628835378214
6.4399997806468425,-0.0007326676554370683,0.004278163042650388,-0.17125753463177257
6.450000186003056,-0.0007334375038377267,0.004278130094033999,-0.17143880333618905
6.460000018401474,-0.0007342073392330758,0.004278097117836889,-0.17162007289921202
6.469999850799893,-0.0007349772068158609,0.004278064109846476,-0.17180135405736977
6.4800002561561065,-0.0007357471493224015,0.004278031063292937,-0.1719826570768454
6.490000088554525,-0.0007365170847828892,0.004277998008160478,-0.1721639615955755
6.499999920952943,-0.0007372870521213421,0.004277964926963151,-0.17234527741786063
6.50999975335136,-0.0007380570541291116,0.004277931822953307,-0.17252660506861178
6.520000158707574,-0.0007388271320612207,0.004277898690960723,-0.17270795440349623
6.529999991105993,-0.0007395971958920068,0.004277865515902301,-0.17288930499162933
6.53999982350441,-0.000740367299861512,0.004277832343073176,-0.17307066768531545
6.550000228860624,-0.0007411374758869587,0.004277799117822537,-0.17325205215905712
6.560000061259043,-0.0007419076425626641,0.004277765883655833,-0.17343343762623598
6.56999989365746,-0.0007426778397168789,0.0042777326073011514,-0.17361483474897207
6.5799997260558785,-0.0007434480751126592,0.004277699326139998,-0.17379624382892592
6.590000131412092,-0.0007442183850515633,0.00427766600152576,-0.1739776749250912
6.599999963810511,-0.0007449886850811827,0.00427763265606362,-0.174159107380375
6.609999796208928,-0.0007457590199851578,0.004277599291807934,-0.17434055158307304
6.620000201565142,-0.0007465294312666987,0.004277565891120617,-0.17452201795800423
6.630000033963562,-0.0007472998342312634,0.0042775324820612205,-0.1747034855644535
6.639999866361978,-0.0007480702675649147,0.004277499027983784,-0.17488496494586475
6.650000271718191,-0.0007488407817229754,0.004277465559722827,-0.17506646664187261
6.66000010411661,-0.0007496112853724267,0.004277432065657807,-0.175247969778603
6.669999936515028,-0.0007503818213391934,0.004277398545473179,-0.1754294843844587
6.679999768913447,-0.0007511523900029639,0.004277364992418774,-0.1756110108289357
6.69000017426966,-0.0007519230347349862,0.004277331402433849,-0.17579255942317998
6.700000006668079,-0.0007526936743069638,0.004277297810696072,-0.1759741097345927
6.709999839066497,-0.0007534643462799014,0.004277264182419542,-0.17615567197761567
6.72000024442271,-0.0007542351000848807,0.004277230545017204,-0.17633725658382696
6.7300000768211286,-0.0007550058360214097,0.004277196851027613,-0.17651884220386455
6.739999909219547,-0.0007557766120341655,0.0042771631612270765,-0.17670043988159212
6.749999741617965,-0.0007565474206308918,0.004277129435078331,-0.17688204954149028
6.7600001469741775,-0.0007573183084580643,0.004277095683920757,-0.1770636816251538
6.769999979372597,-0.0007580891886181546,0.004277061919580185,-0.17724531532911847
6.779999811771015,-0.000758860095311755,0.004277028099618668,-0.17742696041193032
6.790000217127228,-0.0007596310908741747,0.004276994293047651,-0.17760862858970183
6.8000000495256465,-0.0007604020687920034,0.004276960431162854,-0.17779029781326716
6.809999881924065,-0.0007611730860791307,0.004276926565913042,-0.1779719792585765
6.819999714322482,-0.0007619441309005287,0.004276892650155822,-0.17815367212285965
6.8300001196786955,-0.000762715258960949,0.004276858720096454,-0.1783353879278359
6.8399999520771155,-0.000763486384416211,0.004276824794862068,-0.17851710580555455
6.849999784475532,-0.0007642575345534583,0.004276790806457324,-0.1786988349768107
6.860000189831745,-0.0007650287663540203,0.004276756803079287,-0.1788805867575158
6.870000022230165,-0.0007657999912321738,0.004276722788812479,-0.17906234026564394
6.879999854628582,-0.0007665712471917828,0.004276688730494365,-0.17924410577881145
6.890000259984796,-0.0007673425839689843,0.004276654657624482,-0.17942589369495965
6.900000092383214,-0.0007681139121049035,0.004276620558190754,-0.17960768360283474
6.909999924781633,-0.0007688852757347562,0.00427658643763864,-0.1797894855971399
6.919999757180051,-0.000769656671397099,0.004276552281781242,-0.17997129946848833
6.930000162536264,-0.0007704281486696745,0.0042765181088117825,-0.18015313604827354
6.9399999949346824,-0.0007711996128627561,0.0042764839029593256,-0.1803349738623092
6.949999827333101,-0.0007719711197542221,0.0042764496915579115,-0.1805168248040334
6.960000232689314,-0.0007727427013891425,0.0042764154477238515,-0.18069869750387316
6.970000065087732,-0.0007735142720784322,0.004276381167756108,-0.18088057208527758
6.979999897486151,-0.0007742858804005513,0.004276346872080384,-0.1810624590478723
6.989999729884569,-0.0007750575265283832,0.004276312560632796,-0.18124435843709527
7.000000135240782,-0.0007758292520023719,0.004276278222465433,-0.18142628043389505
7.0099999676392,-0.0007766009659154788,0.004276243851604756,-0.18160820403729827
7.019999800037619,-0.0007773727179253394,0.0042762094668585045,-0.1817901400644979
7.030000205393832,-0.000778144547184068,0.004276175044942692,-0.1819720986642857
7.04000003779225,-0.0007789163674756176,0.004276140602003844,-0.18215405899202877
7.049999870190669,-0.000779688225064917,0.004276106138878845,-0.1823360318341733
7.060000275546883,-0.0007804601655133759,0.004276071662844224,-0.1825180275379795
7.070000107945301,-0.0007812320899286875,0.00427603713572043,-0.18270002460983423
7.079999940343719,-0.000782004052655071,0.004276002597339592,-0.18288203406181555
7.089999772742136,-0.0007827760550467462,0.004275968045284649,-0.18306405631584582
7.10000017809835,-0.0007835481406983662,0.004275933480849691,-0.1832461015138766
7.110000010496769,-0.0007843202052500611,0.004275898847928349,-0.18342814765837134
7.119999842895187,-0.0007850923171031992,0.004275864229307345,-0.18361020720023605
7.1300002482514,-0.0007858645075635828,0.004275829582992852,-0.1837922892646062
7.140000080649818,-0.0007866366867619943,0.004275794904188564,-0.18397437304380665
7.149999913048237,-0.0007874088989234009,0.004275760185228282,-0.1841564692153943
7.159999745446655,-0.0007881811527980583,0.004275725467384727,-0.18433857805191456
7.170000150802868,-0.000788953489138702,0.004275690731181048,-0.18452070992533506
7.179999983201287,-0.0007897258145452264,0.004275655957174584,-0.18470284383383567
7.189999815599705,-0.0007904981741317712,0.004275621159941108,-0.1848849897034983
7.200000220955919,-0.0007912706113015051,0.004275586322685522,-0.18506715841594873
7.210000053354336,-0.0007920430516728477,0.0042755514992631125,-0.18524933024648532
7.219999885752754,-0.0007928155216918558,0.004275516633162411,-0.18543151382981407
7.229999718151173,-0.0007935880308295446,0.004275481753456276,-0.18561371012471573
7.240000123507386,-0.0007943606159645451,0.004275446832331576,-0.18579592896758065
7.249999955905806,-0.0007951331976824698,0.00427541189924546,-0.18597815050821134
7.2599997883042215,-0.00079590581283236,0.004275376936256139,-0.18616038414833164
7.270000193660435,-0.0007966785116416998,0.004275341957964109,-0.1863426410038726
7.280000026058855,-0.000797451202338151,0.004275306951757702,-0.18652490016191606
7.289999858457273,-0.00079822392760843,0.004275271920991908,-0.18670717146413313
7.300000263813486,-0.0007989967358854617,0.004275236866020507,-0.18688946622720976
7.310000096211905,-0.0007997695415000311,0.00427520180852529,-0.1870717634674438
7.319999928610324,-0.0008005423766192257,0.004275166705561963,-0.18725407259036833
7.32999976100874,-0.0008013152531353292,0.004275131593658861,-0.18743639478230084
7.340000166364954,-0.0008020882108846789,0.004275096452573148,-0.1876187402513242
7.349999998763373,-0.0008028611561857013,0.0042750612735578085,-0.18780108747249394
7.359999831161791,-0.0008036341428875199,0.004275026086995544,-0.18798344771091394
7.370000236518004,-0.0008044072165183445,0.0042749908974897225,-0.18816583141514828
7.380000068916423,-0.0008051802729326204,0.00427495564937581,-0.18834821667686436
7.38999990131484,-0.0008059533709534308,0.00427492039593771,-0.18853061491374126
7.399999733713258,-0.000806726512687455,0.004274885136487883,-0.18871302664993644
7.410000139069472,-0.0008074997247307992,0.004274849817352052,-0.18889546047982206
7.419999971467892,-0.0008082729397750838,0.004274814513188919,-0.1890778973640495
7.42999980386631,-0.0008090461854125218,0.004274779159619075,-0.1892603466057451
7.440000209222523,-0.0008098195184137063,0.004274743797963365,-0.18944281966080218
7.45000004162094,-0.0008105928397170516,0.00427470840456364,-0.1896252944064372
7.459999874019358,-0.0008113662013216372,0.004274672998586077,-0.1898077821601818
7.470000279375572,-0.0008121396413910742,0.004274637551183851,-0.1899902931340118
7.4800001117739905,-0.0008129130791695079,0.004274602098927062,-0.19017280681482648
7.48999994417241,-0.0008136865549921288,0.004274566626624592,-0.19035533331589588
7.499999776570828,-0.0008144600662514769,0.004274531127047048,-0.19053787235235928
7.510000181927041,-0.0008152336613515801,0.004274495601183482,-0.1907204352078093
7.520000014325459,-0.0008160072504275679,0.004274460063640517,-0.1909030002101791
7.529999846723877,-0.0008167808759900491,0.004274424495071877,-0.19108557817122335
7.54000025208009,-0.0008175545869918288,0.004274388915251602,-0.1912681796629882
7.5500000844785085,-0.0008183282889623331,0.004274353301308794,-0.1914507836101811
7.559999916876928,-0.0008191020283498612,0.0042743176660725215,-0.19163340030889592
7.569999749275344,-0.0008198758104808843,0.004274282027552743,-0.19181603020011934
7.580000154631558,-0.0008206496709484921,0.004274246346157498,-0.19199868339040574
7.589999987029977,-0.0008214235285950543,0.0042742106549493765,-0.19218133941149496
7.599999819428395,-0.0008221974221504861,0.00427417493499266,-0.19236400817831711
7.610000224784608,-0.0008229713988742393,0.004274139195527778,-0.1925467003356725
7.620000057183026,-0.0008237453670908977,0.004274103429210677,-0.19272939476876988
7.629999889581444,-0.0008245193801657721,0.004274067657207897,-0.19291210301158465
7.639999721979862,-0.0008252934267094507,0.0042740318499903595,-0.19309482373448206
7.650000127336075,-0.0008260675609139657,0.004273996032132016,-0.19327756851049174
7.659999959734495,-0.0008268416870519922,0.004273960189323179,-0.19346031559150534
7.669999792132914,-0.0008276158497416927,0.004273924312854859,-0.19364307581499238
7.680000197489127,-0.0008283900998770156,0.004273888433541709,-0.19382585969623473
7.690000029887545,-0.0008291643356149741,0.004273852503937163,-0.19400864556068104
7.699999862285963,-0.0008299386218081568,0.004273816590573881,-0.19419144556615472
7.710000267642176,-0.0008307129878588349,0.004273780645709017,-0.19437426876198982
7.720000100040594,-0.0008314873435638032,0.0042737446596722364,-0.19455709448668182
7.729999932439013,-0.0008322617440215085,0.004273708672435939,-0.19473993381657762
7.739999764837432,-0.000833036182394977,0.004273672662309267,-0.1949227861417089
7.750000170193645,-0.0008338107029222254,0.004273636626988851,-0.19510566192187415
7.760000002592062,-0.000834585216536248,0.004273600561755773,-0.19528854053532924
7.769999834990481,-0.0008353597745837352,0.004273564496252191,-0.19547143264511974
7.780000240346694,-0.0008361344136615915,0.004273528398625322,-0.19565434827356082
7.790000072745112,-0.0008369090446783066,0.004273492271001019,-0.19583726648048197
7.799999905143532,-0.0008376837190883291,0.00427345613720341,-0.1960201982174824
7.809999737541948,-0.0008384584325839133,0.004273419980353733,-0.19620314325261096
7.820000142898162,-0.0008392332302269452,0.004273383800541622,-0.19638611212982512
7.82999997529658,-0.000840008024696065,0.00427334760824691,-0.19656908393667238
7.8399998076949995,-0.0008407828508659153,0.004273311367963889,-0.19675206847062127
7.850000213051213,-0.0008415577742228765,0.004273275152439212,-0.19693507771024527
7.860000045449631,-0.0008423326838861516,0.004273238886324355,-0.1971180891809884
7.86999987784805,-0.0008431076360782502,0.004273202610617824,-0.19730111415343185
7.880000283204262,-0.0008438826715181746,0.0042731663046107655,-0.19748416311521072
7.890000115602681,-0.0008446577017771357,0.0042731299791705524,-0.19766721487397637
7.899999948001099,-0.0008454327749683997,0.004273093646810703,-0.19785028011249017
7.9099997803995175,-0.0008462078840059059,0.0042730572763965795,-0.19803335861659765
7.920000185755731,-0.0008469830795188745,0.004273020898542811,-0.1982164608199584
7.930000018154149,-0.000847758272730047,0.004272984499889449,-0.19839956656804636
7.939999850552566,-0.0008485335059647589,0.004272948080783582,-0.19858268575291305
7.95000025590878,-0.0008493088225784431,0.004272911641632517,-0.19876582850516294
7.960000088307198,-0.0008500841308907768,0.004272875168818906,-0.19894897400565867
7.969999920705617,-0.0008508594901760216,0.004272838713839408,-0.19913213373117752
7.979999753104035,-0.0008516348801845604,0.004272802200732716,-0.1993153064840022
7.990000158460249,-0.000852410358409219,0.004272765680316234,-0.1994985033548881
7.999999990858666,-0.0008531858343991412,0.004272729150035329,-0.1996817032954421
8.009999823257084,-0.0008539613471642035,0.004272692581891066,-0.19986491674677087
8.020000228613299,-0.0008547369454802785,0.00427265599657221,-0.20004815416125274
8.030000061011716,-0.000855512544566126,0.004272619409807296,-0.20023139496169434
8.039999893410135,-0.0008562881831282103,0.0042725827943093184,-0.20041464948759008
8.049999725808554,-0.0008570638627269689,0.004272546165820309,-0.20059791736911908
8.060000131164767,-0.0008578396274803205,0.004272509516892674,-0.2007812092842834
8.069999963563184,-0.0008586153826825379,0.00427247282627821,-0.20096450406929459
8.079999795961603,-0.0008593911829049591,0.004272436131161305,-0.20114781275182345
8.090000201317816,-0.0008601670738506621,0.0042723994329399075,-0.20133114596421692
8.100000033716235,-0.0008609429560794556,0.004272362702045942,-0.2015144818269218
8.109999866114654,-0.0008617188828173412,0.004272325957946096,-0.20169783188350385
8.120000271470868,-0.000862494895049305,0.0042722891936993815,-0.20188120605723073
8.130000103869286,-0.0008632708961038705,0.004272252385222726,-0.20206458286262166
8.139999936267703,-0.0008640469457944621,0.004272215586957006,-0.20224797372875594
8.149999768666122,-0.0008648230379242152,0.004272178766814332,-0.20243137872460668
8.160000174022334,-0.0008655992146047877,0.004272141927571484,-0.20261480757893288
8.170000006420754,-0.0008663753866253017,0.004272105062276127,-0.20279823974265912
8.179999838819171,-0.0008671516021414072,0.004272068186796459,-0.20298168573748054
8.190000244175383,-0.000867927900488922,0.004272031278872176,-0.2031651558314565
8.200000076573803,-0.0008687041990816617,0.004271994368492888,-0.2033486292698768
8.209999908972222,-0.0008694805350540172,0.004271957420447699,-0.20353211642331773
8.21999974137064,-0.000870256919845279,0.0042719204766286795,-0.20371561797706253
8.230000146726853,-0.0008710333860806787,0.004271883497949086,-0.20389914343377066
8.23999997912527,-0.000871809851835092,0.0042718465125006055,-0.20408267227858845
8.249999811523688,-0.0008725863603575208,0.004271809507573686,-0.20426621524449362
8.260000216879902,-0.0008733629553782217,0.004271772484836532,-0.20444978249155107
8.270000049278321,-0.0008741395427003239,0.004271735431018676,-0.20463335260720228
8.279999881676739,-0.0008749161782515661,0.004271698373496231,-0.20481693737553822
8.289999714075158,-0.0008756928509784974,0.004271661285367967,-0.20500053550080669
8.300000119431372,-0.0008764696154443742,0.004271624193275628,-0.20518415848100796
8.309999951829788,-0.0008772463741941227,0.004271587073433572,-0.20536778464613564
8.319999784228207,-0.0008780231815470322,0.004271549955105978,-0.205551425308158
8.33000018958442,-0.0008788000629740781,0.0042715127751803035,-0.20573508947002583
8.34000002198284,-0.0008795769545379153,0.004271475620827645,-0.20591875796952053
8.349999854381258,-0.0008803538877290768,0.004271438444673271,-0.20610244046169707
8.360000259737472,-0.0008811309005646158,0.004271401226687907,-0.20628614681741209
8.37000009213589,-0.0008819079204540636,0.004271364019400892,-0.20646985750883423
8.379999924534307,-0.0008826849768407412,0.004271326775828872,-0.20665358170107503
8.389999756932726,-0.0008834620758632135,0.004271289511771281,-0.2068373200712509
8.400000162288938,-0.0008842392652524758,0.004271252243891112,-0.20702108298968866
8.409999994687357,-0.0008850164535355804,0.004271214957987224,-0.20720484973030656
8.419999827085777,-0.0008857936838315725,0.0042711776506461265,-0.2073886305566272
8.430000232441989,-0.0008865710017802394,0.004271140327733118,-0.20757243587236143
8.440000064840406,-0.0008873483173908375,0.004271102985319276,-0.20775624480160032
8.449999897238825,-0.0008881256757635306,0.004271065629085675,-0.207940067629833
8.459999729637243,-0.0008889030787108784,0.004271028254164597,-0.2081239050207936
8.470000134993457,-0.0008896805687931973,0.004270990858494273,-0.2083077670428103
8.479999967391874,-0.000890458060083261,0.004270953460275954,-0.20849163269171445
8.489999799790292,-0.0008912355939609154,0.004270916041699253,-0.20867551252689173
8.500000205146506,-0.000892013207861082,0.004270878580473043,-0.20885941640660793
8.510000037544925,-0.0008927908324101884,0.004270841139233171,-0.20904332502765224
8.519999869943344,-0.0008935684956197888,0.004270803661709644,-0.2092272477030903
8.530000275299557,-0.0008943462464281955,0.004270766172792024,-0.20941119467646116
8.540000107697976,-0.0008951239915628413,0.004270728646881229,-0.2095951453662411
8.549999940096393,-0.0008959017895071204,0.004270691136002343,-0.20977911091593135
8.55999977249481,-0.0008966796242649521,0.004270653589056806,-0.20996309009061725
8.570000177851025,-0.000897457553883042,0.004270616040465753,-0.21014709479365076
8.580000010249444,-0.0008982354771790892,0.0042705784615807985,-0.2103311027440058
8.589999842647861,-0.0008990134502269232,0.004270540882978446,-0.21051512556880506
8.600000248004076,-0.0008997915022264311,0.0042705032589103655,-0.2106991723631224
8.610000080402493,-0.0009005695656721876,0.004270465656841337,-0.2108832239944289
8.61999991280091,-0.0009013476667344398,0.004270428019123782,-0.2110672894375072
8.62999974519933,-0.0009021258140102034,0.004270390369652939,-0.21125136952843035
8.640000150555542,-0.0009029040525672388,0.004270352711776984,-0.21143547465696838
8.649999982953961,-0.0009036822819896934,0.0042703150096048,-0.21161958308863155
8.65999981535238,-0.0009044605681355223,0.004270277333159522,-0.21180370677852997
8.670000220708594,-0.0009052389352314037,0.004270239614850516,-0.21198785475252363
8.68000005310701,-0.0009060173005691601,0.004270201873955879,-0.2121720066901271
8.68999988550543,-0.0009067957155362931,0.004270164134413863,-0.21235617343799432
8.699999717903847,-0.0009075741749836256,0.004270126382541583,-0.2125403544715313
8.71000012326006,-0.000908352722814293,0.004270088611348992,-0.2127245604224895
8.71999995565848,-0.0009091312670566554,0.004270050810071788,-0.21290877029197952
8.729999788056896,-0.000909909862127842,0.004270013010701568,-0.21309299523149294
8.74000019341311,-0.0009106885471085043,0.004269975198684081,-0.21327724512057117
8.750000025811529,-0.0009114672241345212,0.004269937350641971,-0.21346149821085433
8.759999858209948,-0.000912245951316555,0.00426989949623976,-0.21364576663219226
8.77000026356616,-0.0009130247726016761,0.004269861644042987,-0.21383006024925058
8.78000009596458,-0.0009138035872608138,0.004269823755909543,-0.21401435738327296
8.789999928362997,-0.0009145824563355773,0.00426978587999167,-0.21419866991957023
8.799999760761414,-0.0009153613660149522,0.004269747980028352,-0.21438299644300648
8.810000166117629,-0.0009161403609854366,0.004269710043427275,-0.21456734805580738
8.819999998516048,-0.0009169193556697997,0.00426967208845649,-0.21475170380151398
8.829999830914465,-0.0009176984069786603,0.004269634162350515,-0.2149360746339564
8.84000023627068,-0.0009184775383535186,0.004269596179970123,-0.21512047032980663
8.850000068669097,-0.0009192566749787671,0.004269558199746721,-0.21530487042741317
8.859999901067514,-0.0009200358608652386,0.004269520223605761,-0.21548928513757823
8.869999733465933,-0.0009208150839288888,0.0042694821980476545,-0.21567371433237464
8.880000138822146,-0.0009215944014340409,0.004269444174729889,-0.2158581688194451
8.889999971220567,-0.0009223737258516481,0.004269406153022544,-0.21604262812959354
8.899999803618984,-0.0009231530883622882,0.004269368094024683,-0.21622710153624694
8.910000208975198,-0.0009239325435404417,0.004269330026093079,-0.21641160039013072
8.920000041373616,-0.0009247120003866603,0.004269291945462005,-0.21659610356925163
8.929999873772033,-0.0009254915057422176,0.0042692538589377375,-0.21678062170153908
8.940000279128247,-0.0009262711023871256,0.004269215761269499,-0.2169651650755849
8.950000111526665,-0.0009270506931885073,0.004269177627464385,-0.2171497122126341
8.959999943925084,-0.0009278303403795016,0.004269139511560576,-0.2173342749439301
8.969999776323503,-0.0009286100248756898,0.004269101352824664,-0.21751885189169193
8.980000181679715,-0.0009293898068283232,0.004269063193696234,-0.21770345498765975
8.990000014078133,-0.0009301695887007813,0.004269025025275698,-0.21788806183929782
8.999999846476552,-0.0009309494185227781,0.0042689868461393094,-0.21807268377148767
9.010000251832764,-0.0009317293388941083,0.004268948650291751,-0.2182573310715348
9.020000084231183,-0.0009325092630369315,0.004268910446787542,-0.21844198295109873
9.029999916629603,-0.0009332892291600149,0.004268872208933351,-0.2186266497289252
9.039999749028018,-0.0009340692448763651,0.0042688339758072905,-0.21881133119020418
9.050000154384232,-0.0009348493510521635,0.004268795720762208,-0.2189960382749922
9.059999986782652,-0.0009356294639701992,0.00426875746895349,-0.21918075008360077
9.069999819181069,-0.000936409617532114,0.004268719183227851,-0.219365476466886
9.080000224537283,-0.0009371898628212068,0.004268680884687674,-0.21955022831128732
9.090000056935702,-0.0009379701193171002,0.00426864259902106,-0.21973498543359138
9.099999889334118,-0.0009387504201828949,0.004268604298388259,-0.21991975703565417
9.109999721732537,-0.0009395307676478797,0.004268565980125892,-0.22010454377940064
9.12000012708875,-0.0009403112058498327,0.004268527642460696,-0.22028935609932412
9.12999995948717,-0.0009410916446782142,0.004268489284216697,-0.22047417294873498
9.139999791885588,-0.000941872139811133,0.004268450946770449,-0.22065900523555565
9.150000197241802,-0.0009426527153439325,0.004268412557608237,-0.2208438623543313
9.16000002964022,-0.0009434332923589836,0.004268374152019482,-0.22102872399614268
9.169999862038637,-0.0009442139327533589,0.004268335785510733,-0.22121360178798066
9.18000026739485,-0.0009449946554727462,0.0042682973674770825,-0.2213985048636188
9.190000099793268,-0.0009457753781107988,0.004268258933197335,-0.22158341209218121
9.199999932191687,-0.0009465561598598071,0.0042682205252502535,-0.22176833513172536
9.209999764590107,-0.0009473369809203517,0.004268182072437427,-0.22195327304286172
9.220000169946319,-0.0009481178987912479,0.004268143622449225,-0.22213823682137043
9.230000002344736,-0.0009488988211225752,0.0042681051672042525,-0.2223232052513211
9.239999834743156,-0.0009496797852923128,0.004268066682538021,-0.2225081883508864
9.250000240099368,-0.0009504608465217436,0.004268028190811622,-0.22269319789591197
9.260000072497787,-0.00095124191210873,0.004267989691644139,-0.22287821218759485
9.269999904896206,-0.0009520230272990699,0.004267951194671623,-0.2230632413246981
9.279999737294622,-0.0009528041881885254,0.004267912669422326,-0.22324828598648203
9.290000142650838,-0.0009535854419471082,0.004267874131002145,-0.22343335643855913
9.299999975049255,-0.0009543667012211296,0.004267835591723448,-0.22361843157030675
9.309999807447674,-0.0009551480113904902,0.004267797047960426,-0.22380352220519814
9.320000212803887,-0.0009559294105177512,0.004267758473887266,-0.22398863861830676
9.330000045202306,-0.0009567108154094711,0.004267719897168442,-0.22417375986747212
9.339999877600725,-0.0009574922750227666,0.004267681332819788,-0.22435889663535916
9.350000282956938,-0.0009582738264834435,0.004267642745593776,-0.22454405947471467
9.360000115355355,-0.0009590553733069462,0.004267604124941442,-0.22472922633612505
9.369999947753774,-0.0009598369778463125,0.0042675655170536266,-0.22491440940056015
9.379999780152191,-0.0009606186262392666,0.004267526884169183,-0.22509960741027252
9.390000185508406,-0.0009614003747217355,0.004267488255381032,-0.22528483201083696
9.400000017906823,-0.0009621821230800679,0.004267449609145605,-0.2254700608574282
9.40999985030524,-0.000962963920743117,0.004267410949264656,-0.2256553053342686
9.420000255661455,-0.0009637458162535509,0.004267372291418289,-0.22584057598903415
9.430000088059872,-0.0009645277194867165,0.004267333631951541,-0.22602585189609786
9.439999920458291,-0.0009653096624816097,0.004267294931474444,-0.22621114265192682
9.44999975285671,-0.0009660916608636538,0.004267256241521047,-0.22639644918986496
9.460000158212925,-0.0009668737583941302,0.00426721755466005,-0.22658178215878583
9.46999999061134,-0.0009676558538153678,0.0042671788370415905,-0.22676711962844234
9.47999982300976,-0.0009684380001624597,0.004267140111846613,-0.22695247279878195
9.490000228365972,-0.000969220246115905,0.004267101388683036,-0.2271378525681194
9.50000006076439,-0.0009700024944806143,0.004267062656311995,-0.22732323675766777
9.50999989316281,-0.0009707847942432054,0.004267023915991222,-0.22750863678196512
9.51999972556123,-0.000971567141575844,0.004266985151923057,-0.22769405258838912
9.530000130917442,-0.0009723495845758133,0.004266946386654688,-0.22787949424837778
9.539999963315859,-0.0009731320344640327,0.004266907615918764,-0.22806494118445889
9.549999795714278,-0.0009739145324207879,0.004266868826704982,-0.22825040374463
9.56000020107049,-0.000974697129399341,0.004266830041634849,-0.2284358926623388
9.57000003346891,-0.0009754797326136939,0.004266791251398503,-0.2286213866905174
9.579999865867329,-0.0009762623805268572,0.004266752437407387,-0.22880689584138728
9.590000271223541,-0.0009770451309417288,0.004266713628157026,-0.22899243213652376
9.600000103621959,-0.0009778278880656945,0.004266674817699614,-0.22917797344417548
9.609999936020378,-0.000978610689962353,0.004266635981084378,-0.22936353002714713
9.619999768418795,-0.000979393542415869,0.004266597135898682,-0.22954910229872863
9.63000017377501,-0.000980176496620791,0.004266558292738268,-0.22973470168896157
9.640000006173427,-0.0009809594541100965,0.004266519441193779,-0.22992030568027189
9.649999838571844,-0.0009817424634917806,0.004266480581301104,-0.2301059256649397
9.660000243928058,-0.0009825255715802733,0.0042664417201106804,-0.23029157223663763
9.670000076326476,-0.0009833086864038387,0.0042664028505135666,-0.2304772242230884
9.679999908724897,-0.0009840918420039248,0.0042663639476907,-0.23066289094642164
9.689999741123314,-0.0009848750611454685,0.004266325071702806,-0.23084857449748392
9.700000146479528,-0.0009856583767091237,0.004266286188431426,-0.23103428442795537
9.709999978877946,-0.000986441692600759,0.004266247272413435,-0.2312199995952707
9.719999811276363,-0.0009872250607957924,0.0042662083582719786,-0.23140573030888403
9.730000216632577,-0.0009880085293092733,0.0042661694428433525,-0.23159148799555818
9.740000049030995,-0.0009887920071104499,0.004266130532771355,-0.23177725095723054
9.749999881429414,-0.0009895755318285993,0.004266091595974998,-0.23196302975825717
9.759999713827833,-0.0009903591114431602,0.004266052665980262,-0.23214882444860618
9.770000119184045,-0.0009911427916629149,0.0042660137349084404,-0.23233464617154762
9.779999951582463,-0.0009919264642043167,0.00426597475601709,-0.23252047209262552
9.789999783980882,-0.00099271020699261,0.0042659358227505675,-0.23270631538768335
9.800000189337094,-0.0009934940409694437,0.004265896864699576,-0.23289218480424048
9.810000021735513,-0.0009942778805947488,0.00426585789741306,-0.23307805944443385
9.819999854133933,-0.0009950617739091431,0.004265818922590375,-0.23326395047844695
9.830000259490147,-0.0009958457672950387,0.004265779952770469,-0.23344986809464305
9.840000091888562,-0.0009966297613885704,0.0042657409583810235,-0.233635790619321
9.849999924286982,-0.0009974138123376632,0.004265701967070861,-0.23382172970292145
9.859999756685399,-0.0009981979209454828,0.004265662988386654,-0.23400768501006644
9.870000162041613,-0.0009989821194355747,0.0042656239739447595,-0.23419366675017467
9.879999994440032,-0.0009997663290534737,0.0042655849708039175,-0.23437965388016918
9.889999826838451,-0.001000550598039047,0.00426554597568627,-0.23456565788816083
9.900000232194664,-0.0010013349558843727,0.004265506949791823,-0.23475168782300135
9.910000064593081,-0.0010021193260395028,0.004265467930645703,-0.23493772367614607
9.9199998969915,-0.0010029037560965867,0.004265428924128982,-0.2351237762803383
9.929999729389918,-0.001003688226961214,0.004265389875847118,-0.23530984415859021
9.940000134746132,-0.0010044728042616067,0.004265350846471075,-0.235495939353419
9.94999996714455,-0.0010052573918871526,0.004265311819124636,-0.23568204026252415
9.959999799542967,-0.001006042023374331,0.004265272760594081,-0.23586815658518548
9.970000204899181,-0.0010068267600946074,0.004265233710956766,-0.2360543004966447
9.9800000372976,-0.0010076115098083737,0.004265194672483848,-0.2362404502445813
9.989999869696017,-0.0010083963126907953,0.004265155627450133,-0.23642661622962904
10.000000275052232,-0.0010091812048840273,0.004265116548710136,-0.2366128084329198
